Case number 2020.02.05 is missing important data.
Case number 2020.01.30.R is missing important data.
Fetching coordinates for case number 2020.01.17.
Fetching coordinates for case number 2020.01.16.
Fetching coordinates for case number 2020.01.13.
Fetching coordinates for case number 2020.01.12.
Fetching coordinates for case number 2020.01.07.
Fetching coordinates for case number 2020.01.05.
Case number 2020.01.03 is missing time data.
Fetching coordinates for case number 2020.01.02.
Fetching coordinates for case number 2019.12.30.
Fetching coordinates for case number 2019.12.28.
Fetching coordinates for case number 2019.12.26.b.
Fetching coordinates for case number 2019.12.26.a.
Case number 2019.12.24 is missing time data.
Fetching coordinates for case number 2019.12.21.
Case number 2019.12.20 is missing important data.
Case number 2019.12.12 is missing important data.
Fetching coordinates for case number 2019.12.06.
Fetching coordinates for case number 2019.12.03.
Case number 2019.11.30.b is missing important data.
Fetching coordinates for case number 2019.11.30.a.
Case number 2019.11.23 is missing important data.
Fetching coordinates for case number 2019.11.23.R.
Got coordinates for case number 2020.01.02. Lat: -33.861395, Long: 121.891272
Got coordinates for case number 2020.01.07. Lat: -23.295088, Long: 151.707872
Got coordinates for case number 2020.01.13. Lat: 35.600383, Long: -75.465588
Got coordinates for case number 2020.01.17. Lat: -34.534325, Long: 150.874566
Got coordinates for case number 2020.01.16. Lat: -46.436917, Long: 168.244894
Got coordinates for case number 2019.12.28. Lat: -4.332591, Long: 55.746726
Got coordinates for case number 2019.12.03. Lat: 20.727318, Long: -156.449901
Got coordinates for case number 2019.12.26.b. Lat: -9.136019, Long: 147.462726
Got coordinates for case number 2019.12.30. Lat: -23.295088, Long: 151.707872
Got coordinates for case number 2019.11.30.a. Lat: -24.819412, Long: 152.455330
Got coordinates for case number 2019.11.23.R. Lat: 16.691389, Long: -99.626667
Got coordinates for case number 2019.12.21. Lat: 34.170968, Long: -119.034828
Got coordinates for case number 2019.12.06. Lat: -21.932309, Long: 114.127865
Got timezone for case number 2020.01.07. Timezone: Australia/Brisbane
Case number 2019.11.22 is missing important data.
Case number 2019.11.14 is missing important data.
Case number 2019.11.12 is missing important data.
Case number 2019.11.11 is missing important data.
Fetching coordinates for case number 2019.11.09.
Got timezone for case number 2020.01.13. Timezone: America/New_York
Case number 2019.11.02 is missing important data.
Fetching coordinates for case number 2019.10.29.
Got timezone for case number 2020.01.16. Timezone: Pacific/Auckland
Fetching coordinates for case number 2019.10.27.
Got timezone for case number 2019.12.03. Timezone: Pacific/Honolulu
Fetching coordinates for case number 2019.10.21.
Got timezone for case number 2019.11.30.a. Timezone: Australia/Brisbane
Fetching coordinates for case number 2019.10.17.
Got timezone for case number 2019.12.06. Timezone: Australia/Perth
Fetching coordinates for case number 2019.10.08.
Got timezone for case number 2019.12.28. Timezone: Indian/Mahe
Fetching coordinates for case number 2019.10.05.b.
Got coordinates for case number 2019.10.29. Lat: -20.267753, Long: 148.715563
Got timezone for case number 2019.12.21. Timezone: America/Los_Angeles
Fetching coordinates for case number 2019.10.08.
Got coordinates for case number 2020.01.05. Lat: -33.922179, Long: 121.903218
Got timezone for case number 2020.01.02. Timezone: Australia/Perth
Case number 2019.10.04.R is missing important data.
Case number 2019.09.28 is missing time data.
Fetching coordinates for case number 2019.09.26.
Got coordinates for case number 2019.11.09. Lat: -33.019432, Long: 27.905447
Got coordinates for case number 2019.12.26.a. Lat: -32.985968, Long: 27.944671
Got timezone for case number 2020.01.17. Timezone: Australia/Sydney
Fetching coordinates for case number 2019.09.24.b.
Got timezone for case number 2019.12.30. Timezone: Australia/Brisbane
Fetching coordinates for case number 2019.09.24.a.
Got coordinates for case number 2020.01.12. Lat: 8.645191, Long: 98.246479
Got timezone for case number 2019.12.26.b. Timezone: Pacific/Port_Moresby
Fetching coordinates for case number 2019.09.18.
Got timezone for case number 2019.11.23.R. Timezone: America/Mexico_City
Case number 2019.09.15 is missing important data.
Fetching coordinates for case number 2019.09.07.
Got coordinates for case number 2019.10.21. Lat: -17.492761, Long: -149.855504
Got coordinates for case number 2019.10.17. Lat: -27.059090, Long: 153.200516
Got coordinates for case number 2019.10.27. Lat: 29.025819, Long: -80.926998
Got coordinates for case number 2019.10.08. Lat: 27.446706, Long: -80.325606
Got coordinates for case number 2019.10.05.b. Lat: -28.872600, Long: 153.589925
Got timezone for case number 2019.10.29. Timezone: Australia/Brisbane
Case number 2019.08.31.b is missing important data.
Case number 2019.08.31.a is missing time data.
Fetching coordinates for case number 2019.08.27.
Got timezone for case number 2020.01.05. Timezone: Australia/Perth
Fetching coordinates for case number 2019.08.21.
Got coordinates for case number 2019.10.08. Lat: 27.446706, Long: -80.325606
Got timezone for case number 2019.12.26.a. Timezone: Africa/Johannesburg
Fetching coordinates for case number 2019.08.20.
Got timezone for case number 2019.11.09. Timezone: Africa/Johannesburg
Fetching coordinates for case number 2019.08.16.
Got coordinates for case number 2019.09.26. Lat: 20.739941, Long: -156.454187
Got timezone for case number 2020.01.12. Timezone: Asia/Bangkok
Fetching coordinates for case number 2019.08.11.
Got coordinates for case number 2019.09.24.b. Lat: 30.411009, Long: -81.420488
Got coordinates for case number 2019.09.18. Lat: 21.592761, Long: -158.103411
Got timezone for case number 2019.10.21. Timezone: Pacific/Tahiti
Fetching coordinates for case number 2019.08.04.
Got timezone for case number 2019.10.17. Timezone: Australia/Brisbane
Fetching coordinates for case number 2019.08.03.c.
Got coordinates for case number 2019.09.24.a. Lat: 28.176123, Long: -80.590052
Got timezone for case number 2019.10.08. Timezone: America/New_York
Fetching coordinates for case number 2019.08.03.b.
Got timezone for case number 2019.10.05.b. Timezone: Australia/Sydney
Case number 2019.08.03.a is missing important data.
Case number 2019.07.30 is missing important data.
Fetching coordinates for case number 2019.07.29.
Got coordinates for case number 2019.09.07. Lat: -31.724672, Long: 115.725047
Got timezone for case number 2019.10.08. Timezone: America/New_York
Fetching coordinates for case number 2019.07.28.
Got coordinates for case number 2019.08.27. Lat: 29.025819, Long: -80.926998
Got timezone for case number 2019.09.24.a. Timezone: America/New_York
Fetching coordinates for case number 2019.07.27.b.
Got coordinates for case number 2019.08.04. Lat: 29.025819, Long: -80.926998
Got timezone for case number 2019.10.27. Timezone: America/New_York
Case number 2019.07.27.a is missing important data.
Fetching coordinates for case number 2019.07.22.
Got coordinates for case number 2019.08.20. Lat: 19.470966, Long: -155.921039
Got coordinates for case number 2019.08.03.c. Lat: 29.025819, Long: -80.926998
Got coordinates for case number 2019.08.16. Lat: 29.025819, Long: -80.926998
Got coordinates for case number 2019.08.03.b. Lat: 29.025819, Long: -80.926998
Got coordinates for case number 2019.07.29. Lat: 29.025819, Long: -80.926998
Got coordinates for case number 2019.07.28. Lat: -11.857347, Long: 143.281533
Got timezone for case number 2019.09.26. Timezone: Pacific/Honolulu
Case number 2019.07.18 is missing important data.
Case number 2019.07.17.R is missing time data.
Fetching coordinates for case number 2019.07.16.
Got timezone for case number 2019.09.18. Timezone: Pacific/Honolulu
Fetching coordinates for case number 2019.07.12.
Got timezone for case number 2019.09.07. Timezone: Australia/Perth
Fetching coordinates for case number 2019.07.10.
Got timezone for case number 2019.08.04. Timezone: America/New_York
Fetching coordinates for case number 2019.07.09.
Got timezone for case number 2019.09.24.b. Timezone: America/New_York
Case number 2019.07.06 is missing important data.
Fetching coordinates for case number 2019.07.04.
Got coordinates for case number 2019.07.27.b. Lat: 29.025819, Long: -80.926998
Got coordinates for case number 2019.08.21. Lat: 26.122439, Long: -80.137317
Got coordinates for case number 2019.07.22. Lat: 41.371473, Long: -71.572680
Got coordinates for case number 2019.08.11. Lat: 21.476358, Long: -158.220366
Got timezone for case number 2019.08.27. Timezone: America/New_York
Fetching coordinates for case number 2019.06.30.
Got timezone for case number 2019.08.20. Timezone: Pacific/Honolulu
Fetching coordinates for case number 2019.06.26.
Got timezone for case number 2019.08.03.c. Timezone: America/New_York
Fetching coordinates for case number 2019.06.16.b.
Got timezone for case number 2019.08.16. Timezone: America/New_York
Fetching coordinates for case number 2019.06.16.a.
Got timezone for case number 2019.08.03.b. Timezone: America/New_York
Fetching coordinates for case number 2019.06.10.
Got timezone for case number 2019.07.29. Timezone: America/New_York
Case number 2019.06.06.R is missing important data.
Fetching coordinates for case number 2019.06.05.
Got timezone for case number 2019.07.28. Timezone: Australia/Brisbane
Fetching coordinates for case number 2019.06.02.
Got coordinates for case number 2019.07.16. Lat: 33.882063, Long: -78.518382
Got timezone for case number 2019.07.27.b. Timezone: America/New_York
Case number 2019.05.29 is missing important data.
Fetching coordinates for case number 2019.05.25.b.
Got coordinates for case number 2019.07.12. Lat: 30.626570, Long: -81.460856
Got coordinates for case number 2019.07.10. Lat: -33.608316, Long: 26.890750
Got timezone for case number 2019.08.21. Timezone: America/New_York
Fetching coordinates for case number 2019.05.25.a.
Got coordinates for case number 2019.07.04. Lat: 26.667410, Long: -77.108681
Got coordinates for case number 2019.07.09. Lat: -26.802118, Long: 153.115960
Got timezone for case number 2019.07.22. Timezone: America/New_York
Case number 2019.05.20 is missing important data.
Fetching coordinates for case number 2019.05.14.b.
Got timezone for case number 2019.08.11. Timezone: Pacific/Honolulu
Fetching coordinates for case number 2019.05.14.a.
Got coordinates for case number 2019.06.26. Lat: 23.688877, Long: -75.331265
Got coordinates for case number 2019.06.30. Lat: 29.025819, Long: -80.926998
Got coordinates for case number 2019.06.16.b. Lat: 33.873707, Long: -78.001531
Got coordinates for case number 2019.06.16.a. Lat: 31.995252, Long: -80.992609
Got coordinates for case number 2019.06.10. Lat: 33.887728, Long: -78.436447
Got coordinates for case number 2019.06.05. Lat: -28.793251, Long: 153.591107
Got coordinates for case number 2019.06.02. Lat: 34.700021, Long: -76.692229
Got timezone for case number 2019.07.16. Timezone: America/New_York
Fetching coordinates for case number 2019.05.09.
Got timezone for case number 2019.07.12. Timezone: America/New_York
Fetching coordinates for case number 2019.05.01.
Got timezone for case number 2019.07.10. Timezone: Africa/Johannesburg
Fetching coordinates for case number 2019.04.27.R.
Got timezone for case number 2019.07.09. Timezone: Australia/Brisbane
Fetching coordinates for case number 2019.04.23.
Got coordinates for case number 2019.05.25.b. Lat: 20.947902, Long: -156.692059
Got timezone for case number 2019.07.04. Timezone: America/Nassau
Fetching coordinates for case number 2019.04.21.
Got coordinates for case number 2019.05.25.a. Lat: -22.271687, Long: 166.439863
Got timezone for case number 2019.06.26. Timezone: America/Nassau
Fetching coordinates for case number 2019.04.12.
Got coordinates for case number 2019.05.14.b. Lat: 21.438912, Long: -158.000056
Got timezone for case number 2019.06.30. Timezone: America/New_York
Case number 2019.04.06.b is missing time data.
Fetching coordinates for case number 2019.04.06.a.
Got coordinates for case number 2019.05.14.a. Lat: -24.721241, Long: 152.113102
Got timezone for case number 2019.06.16.b. Timezone: America/New_York
Case number 2019.04.05 is missing important data.
Fetching coordinates for case number 2019.03.26.
Got timezone for case number 2019.06.16.a. Timezone: America/New_York
Fetching coordinates for case number 2019.03.25.
Got timezone for case number 2019.06.10. Timezone: America/New_York
Fetching coordinates for case number 2019.03.22.
Got timezone for case number 2019.06.02. Timezone: America/New_York
Fetching coordinates for case number 2019.03.21.
Got timezone for case number 2019.06.05. Timezone: Australia/Sydney
Case number 2019.03.16 is missing important data.
Fetching coordinates for case number 2019.03.12.
Got coordinates for case number 2019.05.09. Lat: -21.164973, Long: 55.287496
Got timezone for case number 2019.05.25.b. Timezone: Pacific/Honolulu
Fetching coordinates for case number 2019.03.05.b.
Got coordinates for case number 2019.04.23. Lat: 19.916124, Long: -155.893224
Got timezone for case number 2019.05.25.a. Timezone: Pacific/Noumea
Fetching coordinates for case number 2019.03.05.a.
Got coordinates for case number 2019.04.27.R. Lat: -32.750104, Long: 152.145936
Got coordinates for case number 2019.05.01. Lat: 26.749015, Long: -82.261672
Got coordinates for case number 2019.04.21. Lat: 30.284122, Long: -81.396134
Got timezone for case number 2019.05.14.b. Timezone: Pacific/Honolulu
Fetching coordinates for case number 2019.02.17.
Got coordinates for case number 2019.04.12. Lat: 29.768860, Long: -81.253679
Got coordinates for case number 2019.04.06.a. Lat: 21.192509, Long: -157.523171
Got coordinates for case number 2019.03.26. Lat: 19.937248, Long: -155.791068
Got timezone for case number 2019.05.14.a. Timezone: Australia/Brisbane
Fetching coordinates for case number 2019.02.14.
Got coordinates for case number 2019.03.25. Lat: -19.678717, Long: 149.178831
Got coordinates for case number 2019.03.22. Lat: 27.059498, Long: -80.136432
Got coordinates for case number 2019.03.21. Lat: 17.779985, Long: -101.721571
Got coordinates for case number 2019.03.12. Lat: 27.214393, Long: -80.175021
Got timezone for case number 2019.05.09. Timezone: Indian/Reunion
Fetching coordinates for case number 2019.02.04.b.
Got timezone for case number 2019.04.23. Timezone: Pacific/Honolulu
Fetching coordinates for case number 2019.02.04.a.
Got timezone for case number 2019.05.01. Timezone: America/New_York
Case number 2019.02.02.b is missing important data.
Fetching coordinates for case number 2019.02.02.a.
Got timezone for case number 2019.04.27.R. Timezone: Australia/Sydney
Fetching coordinates for case number 2019.01.30.
Got coordinates for case number 2019.03.05.b. Lat: 45.219548, Long: -123.975673
Got timezone for case number 2019.04.21. Timezone: America/New_York
Case number 2019.01.29 is missing time data.
Fetching coordinates for case number 2019.01.14.
Got coordinates for case number 2019.03.05.a. Lat: -33.975823, Long: 25.612366
Got timezone for case number 2019.04.12. Timezone: America/New_York
Fetching coordinates for case number 2019.01.10.
Got timezone for case number 2019.04.06.a. Timezone: UTC
Fetching coordinates for case number 2019.01.08.
Got coordinates for case number 2019.02.17. Lat: -28.633733, Long: 153.600346
Got timezone for case number 2019.03.26. Timezone: Pacific/Honolulu
Fetching coordinates for case number 2018.12.18.
Got coordinates for case number 2019.02.14. Lat: -3.849878, Long: -32.438786
Got timezone for case number 2019.03.22. Timezone: America/New_York
Case number 2018.12.15.b is missing important data.
Fetching coordinates for case number 2018.12.15.a.
Got timezone for case number 2019.03.25. Timezone: UTC
Fetching coordinates for case number 2018.12.09.b.
Got timezone for case number 2019.03.21. Timezone: America/Mexico_City
Fetching coordinates for case number 2018.12.09.a.
Got timezone for case number 2019.03.12. Timezone: America/New_York
Fetching coordinates for case number 2018.11.18.
Got coordinates for case number 2019.02.04.b. Lat: 22.209078, Long: -159.506758
Got coordinates for case number 2019.02.04.a. Lat: -30.498514, Long: 153.014066
Got timezone for case number 2019.03.05.b. Timezone: America/Los_Angeles
Fetching coordinates for case number 2018.11.17.
Got coordinates for case number 2019.02.02.a. Lat: 25.693713, Long: -80.162825
Got coordinates for case number 2019.01.30. Lat: -21.145667, Long: 55.742563
Got timezone for case number 2019.03.05.a. Timezone: Africa/Johannesburg
Case number 2018.11.11.b is missing time data.
Fetching coordinates for case number 2018.11.11.a.
Got coordinates for case number 2019.01.14. Lat: -31.981986, Long: 115.760178
Got coordinates for case number 2019.01.10. Lat: -20.346439, Long: 148.957451
Got coordinates for case number 2018.12.18. Lat: 31.319488, Long: -113.537206
Got timezone for case number 2019.02.17. Timezone: Australia/Sydney
Fetching coordinates for case number 2018.11.09.
Got timezone for case number 2019.02.14. Timezone: America/Noronha
Case number 2018.11.07.b is missing important data.
Fetching coordinates for case number 2018.11.07.a.
Got coordinates for case number 2019.01.08. Lat: 35.303315, Long: -120.874986
Got coordinates for case number 2018.12.15.a. Lat: -35.044554, Long: 173.900374
Got coordinates for case number 2018.12.09.b. Lat: -36.315915, Long: 174.791276
Got coordinates for case number 2018.12.09.a. Lat: -30.666463, Long: 152.732388
Got coordinates for case number 2018.11.18. Lat: -12.183539, Long: 136.786099
Got timezone for case number 2019.02.04.b. Timezone: Pacific/Honolulu
Fetching coordinates for case number 2018.11.05.
Got timezone for case number 2019.02.04.a. Timezone: Australia/Sydney
Fetching coordinates for case number 2018.10.24.
Got timezone for case number 2019.01.30. Timezone: Indian/Reunion
Case number 2018.10.23.c is missing time data.
Case number 2018.10.23.b is missing important data.
Case number 2018.10.23.a is missing time data.
Fetching coordinates for case number 2018.10.19.b.
Got timezone for case number 2019.02.02.a. Timezone: America/New_York
Fetching coordinates for case number 2018.10.19.a.
Got coordinates for case number 2018.11.17. Lat: -34.772537, Long: 150.813332
Got timezone for case number 2019.01.14. Timezone: Australia/Perth
Fetching coordinates for case number 2018.10.13.
Got timezone for case number 2018.12.18. Timezone: America/Hermosillo
Case number 2018.10.11 is missing time data.
Case number 2018.10.08 is missing time data.
Fetching coordinates for case number 2018.08.05.
Got timezone for case number 2019.01.10. Timezone: Australia/Brisbane
Fetching coordinates for case number 2018.08.03.
Got coordinates for case number 2018.11.11.a. Lat: -32.603136, Long: 115.629928
Got coordinates for case number 2018.11.09. Lat: 24.261230, Long: -76.512863
Got timezone for case number 2019.01.08. Timezone: America/Los_Angeles
Case number 2018.07.29 is missing important data.
Case number 2018.07.24 is missing time data.
Fetching coordinates for case number 2018.07.18.b.
Got coordinates for case number 2018.11.07.a. Lat: -28.863229, Long: 153.594351
Got timezone for case number 2018.12.15.a. Timezone: Pacific/Auckland
Fetching coordinates for case number 2018.07.18.a.
Got timezone for case number 2018.12.09.a. Timezone: Australia/Sydney
Fetching coordinates for case number 2018.07.16.R.
Got timezone for case number 2018.12.09.b. Timezone: Pacific/Auckland
Case number 2018.07.15 is missing important data.
Fetching coordinates for case number 2018.07.14.b.
Got timezone for case number 2018.11.18. Timezone: Australia/Darwin
Fetching coordinates for case number 2018.07.14.a.
Got coordinates for case number 2018.11.05. Lat: -20.250000, Long: 148.933333
Got coordinates for case number 2018.10.24. Lat: -33.995473, Long: 115.188916
Got timezone for case number 2018.11.17. Timezone: Australia/Sydney
Fetching coordinates for case number 2018.07.11.b.
Got coordinates for case number 2018.10.19.b. Lat: -32.767302, Long: 152.124460
Got timezone for case number 2018.11.11.a. Timezone: Australia/Perth
Fetching coordinates for case number 2018.07.13.a.
Got coordinates for case number 2018.10.19.a. Lat: -35.951686, Long: 173.746856
Got coordinates for case number 2018.10.13. Lat: -31.491431, Long: 115.595608
Got coordinates for case number 2018.08.05. Lat: 33.873707, Long: -78.001531
Got timezone for case number 2018.11.09. Timezone: America/Nassau
Fetching coordinates for case number 2018.07.11.
Got coordinates for case number 2018.08.03. Lat: 25.067626, Long: 34.878970
Got timezone for case number 2018.11.07.a. Timezone: Australia/Sydney
Case number 2018.07.09.R is missing important data.
Fetching coordinates for case number 2018.07.07.
Got coordinates for case number 2018.07.18.b. Lat: 40.639544, Long: -73.173171
Got coordinates for case number 2018.07.18.a. Lat: 40.657173, Long: -73.105344
Got coordinates for case number 2018.07.16.R. Lat: 29.301348, Long: -94.797696
Got coordinates for case number 2018.07.14.b. Lat: 41.065402, Long: -124.150347
Got timezone for case number 2018.11.05. Timezone: UTC
Fetching coordinates for case number 2018.07.02.
Got coordinates for case number 2018.07.14.a. Lat: 28.655518, Long: -80.631829
Got timezone for case number 2018.10.24. Timezone: Australia/Perth
Fetching coordinates for case number 2018.06.25.
Got timezone for case number 2018.10.19.b. Timezone: Australia/Sydney
Case number 2018.06.18.b is missing important data.
Fetching coordinates for case number 2018.06.18.a.
Got coordinates for case number 2018.07.11.b. Lat: 30.669682, Long: -81.462592
Got timezone for case number 2018.10.13. Timezone: Australia/Perth
Fetching coordinates for case number 2018.06.09.
Got timezone for case number 2018.10.19.a. Timezone: Pacific/Auckland
Case number 2018.06.08 is missing important data.
Case number 2018.06.04 is missing important data.
Case number 2018.06.03.b is missing important data.
Case number 2018.06.03.a is missing time data.
Case number 2018.05.27 is missing important data.
Fetching coordinates for case number 2018.05.26.b.
Got timezone for case number 2018.08.03. Timezone: Africa/Cairo
Fetching coordinates for case number 2018.05.26.a.
Got timezone for case number 2018.08.05. Timezone: America/New_York
Case number 2018.05.24 is missing time data.
Case number 2018.05.21 is missing important data.
Fetching coordinates for case number 2018.05.13.b.
Got coordinates for case number 2018.07.13.a. Lat: 30.669682, Long: -81.462592
Got timezone for case number 2018.07.18.b. Timezone: America/New_York
Fetching coordinates for case number 2018.05.13.a.
Got coordinates for case number 2018.07.11. Lat: 29.025819, Long: -80.926998
Got coordinates for case number 2018.07.07. Lat: 25.156654, Long: -80.375414
Got timezone for case number 2018.07.18.a. Timezone: America/New_York
Case number 2018.05.00 is missing important data.
Fetching coordinates for case number 2018.05.12.
Got timezone for case number 2018.07.16.R. Timezone: America/Chicago
Fetching coordinates for case number 2018.05.09.
Got timezone for case number 2018.07.14.b. Timezone: America/Los_Angeles
Case number 2018.04.30.R is missing important data.
Case number 2018.04.28.c is missing important data.
Fetching coordinates for case number 2018.04.28.b.
Got coordinates for case number 2018.07.02. Lat: 33.695422, Long: -78.880209
Got timezone for case number 2018.07.14.a. Timezone: America/New_York
Fetching coordinates for case number 2018.04.28.a.
Got coordinates for case number 2018.06.25. Lat: 33.195870, Long: -117.379483
Got timezone for case number 2018.07.11.b. Timezone: America/New_York
Fetching coordinates for case number 2018.04.25.b.
Got coordinates for case number 2018.06.18.a. Lat: 31.159591, Long: -81.388552
Got coordinates for case number 2018.05.13.b. Lat: 32.216316, Long: -80.752608
Got coordinates for case number 2018.05.26.a. Lat: 29.210815, Long: -81.022833
Got coordinates for case number 2018.06.09. Lat: 21.438912, Long: -158.000056
Got coordinates for case number 2018.05.26.b. Lat: 28.320007, Long: -80.607551
Got timezone for case number 2018.07.13.a. Timezone: America/New_York
Fetching coordinates for case number 2018.04.25.a.
Got timezone for case number 2018.07.07. Timezone: America/New_York
Case number 2018.04.24 is missing time data.
Fetching coordinates for case number 2018.04.23.
Got coordinates for case number 2018.05.13.a. Lat: 50.065704, Long: -5.713175
Got timezone for case number 2018.07.11. Timezone: America/New_York
Fetching coordinates for case number 2018.04.22.
Got coordinates for case number 2018.05.12. Lat: -32.985968, Long: 27.944671
Got coordinates for case number 2018.05.09. Lat: -28.837724, Long: 153.604403
Got coordinates for case number 2018.04.28.b. Lat: 5.528228, Long: -87.057430
Got timezone for case number 2018.07.02. Timezone: America/New_York
Case number 2018.04.19 is missing important data.
Case number 2018.04.15.d is missing important data.
Case number 2018.04.15.c is missing important data.
Case number 2018.04.15.b is missing important data.
Fetching coordinates for case number 2018.04.15.a.
Got timezone for case number 2018.06.25. Timezone: America/Los_Angeles
Fetching coordinates for case number 2018.04.14.
Got coordinates for case number 2018.04.28.a. Lat: -21.951890, Long: 114.138919
Got timezone for case number 2018.06.18.a. Timezone: America/New_York
Case number 2018.04.10.R is missing important data.
Fetching coordinates for case number 2018.04.09.
Got timezone for case number 2018.05.13.b. Timezone: America/New_York
Fetching coordinates for case number 2018.04.05.
Got timezone for case number 2018.06.09. Timezone: Pacific/Honolulu
Fetching coordinates for case number 2018.04.03.
Got timezone for case number 2018.05.26.a. Timezone: America/New_York
Fetching coordinates for case number 2018.03.31.
Got coordinates for case number 2018.04.25.b. Lat: -28.793251, Long: 153.591107
Got timezone for case number 2018.05.26.b. Timezone: America/New_York
Fetching coordinates for case number 2018.03.14.
Got timezone for case number 2018.05.13.a. Timezone: Europe/London
Fetching coordinates for case number 2018.03.09.b.
Got coordinates for case number 2018.04.23. Lat: 4.096008, Long: 72.752939
Got coordinates for case number 2018.04.25.a. Lat: -33.976525, Long: 114.986691
Got timezone for case number 2018.05.12. Timezone: Africa/Johannesburg
Fetching coordinates for case number 2018.03.09.a.
Got coordinates for case number 2018.04.22. Lat: -34.076066, Long: 23.371911
Got timezone for case number 2018.05.09. Timezone: Australia/Sydney
Case number 2018.02.24 is missing important data.
Fetching coordinates for case number 2018.02.23.
Got timezone for case number 2018.04.28.b. Timezone: America/Costa_Rica
Case number 2018.02.17 is missing time data.
Fetching coordinates for case number 2018.02.15.
Got coordinates for case number 2018.04.15.a. Lat: -33.953547, Long: 115.062967
Got timezone for case number 2018.04.28.a. Timezone: Australia/Perth
Fetching coordinates for case number 2018.02.14.
Got coordinates for case number 2018.04.14. Lat: 25.063223, Long: -77.488342
Got coordinates for case number 2018.04.05. Lat: 25.727261, Long: -79.297899
Got coordinates for case number 2018.04.09. Lat: -22.271647, Long: 166.464985
Got timezone for case number 2018.04.25.b. Timezone: Australia/Sydney
Case number 2018.02.11 is missing important data.
Case number 2018.02.03 is missing important data.
Case number 2018.02.01 is missing important data.
Fetching coordinates for case number 2018.01.28.
Got coordinates for case number 2018.03.31. Lat: 19.823056, Long: -156.000833
Got timezone for case number 2018.04.23. Timezone: Indian/Maldives
Fetching coordinates for case number 2018.01.21.
Got coordinates for case number 2018.03.09.b. Lat: -38.536853, Long: 143.973807
Got coordinates for case number 2018.04.03. Lat: -34.162856, Long: 24.819044
Got coordinates for case number 2018.03.14. Lat: -31.849619, Long: 115.754919
Got timezone for case number 2018.04.25.a. Timezone: Australia/Perth
Fetching coordinates for case number 2018.01.14.
Got timezone for case number 2018.04.22. Timezone: Africa/Johannesburg
Case number 2018.01.13 is missing important data.
Case number 2018.01.12 is missing time data.
Case number 2018.01.05 is missing important data.
Fetching coordinates for case number 2017.12.31.
Got coordinates for case number 2018.03.09.a. Lat: -38.368083, Long: 144.284955
Got coordinates for case number 2018.02.23. Lat: -33.991557, Long: 151.238363
Got timezone for case number 2018.04.15.a. Timezone: Australia/Perth
Fetching coordinates for case number 2017.12.30.
Got coordinates for case number 2018.02.15. Lat: -34.681667, Long: 150.851111
Got timezone for case number 2018.04.14. Timezone: America/Nassau
Case number 2017.12.21 is missing important data.
Case number 2017.12.09 is missing important data.
Case number 2017.11.30.b is missing important data.
Case number 2017.11.30.a is missing important data.
Case number 2017.11.25.R is missing important data.
Fetching coordinates for case number 2017.11.24.
Got coordinates for case number 2018.02.14. Lat: -26.680944, Long: 153.121665
Got timezone for case number 2018.04.05. Timezone: America/Nassau
Case number 2017.11.18 is missing time data.
Case number 2017.11.13.R is missing important data.
Fetching coordinates for case number 2017.11.13.
Got timezone for case number 2018.04.09. Timezone: Pacific/Noumea
Fetching coordinates for case number 2017.11.04.
Got coordinates for case number 2018.01.28. Lat: -18.001354, Long: 122.204479
Got timezone for case number 2018.03.31. Timezone: Pacific/Honolulu
Fetching coordinates for case number 2017.11.02.
Got timezone for case number 2018.04.03. Timezone: Africa/Johannesburg
Case number 2017.10.31.R is missing important data.
Fetching coordinates for case number 2017.10.28.
Got timezone for case number 2018.03.09.b. Timezone: Australia/Melbourne
Fetching coordinates for case number 2017.10.26.
Got coordinates for case number 2018.01.21. Lat: -22.266261, Long: 166.401347
Got timezone for case number 2018.03.14. Timezone: Australia/Perth
Case number 2017.10.23.c is missing time data.
Fetching coordinates for case number 2017.10.23.b.
Got timezone for case number 2018.03.09.a. Timezone: Australia/Melbourne
Fetching coordinates for case number 2017.10.23.a.
Got coordinates for case number 2018.01.14. Lat: -14.668043, Long: 145.463777
Got coordinates for case number 2017.12.31. Lat: 21.674173, Long: -158.040218
Got timezone for case number 2018.02.23. Timezone: Australia/Sydney
Case number 2017.10.22 is missing time data.
Fetching coordinates for case number 2017.10.21.
Got coordinates for case number 2017.12.30. Lat: 38.053736, Long: -122.940949
Got timezone for case number 2018.02.15. Timezone: Australia/Sydney
Fetching coordinates for case number 2017.10.18.
Got coordinates for case number 2017.11.24. Lat: 36.563945, Long: -121.942334
Got timezone for case number 2018.02.14. Timezone: Australia/Brisbane
Fetching coordinates for case number 2017.10.09.
Got coordinates for case number 2017.11.13. Lat: -33.471984, Long: 151.427952
Got timezone for case number 2018.01.28. Timezone: Australia/Perth
Fetching coordinates for case number 2017.10.05.
Got timezone for case number 2018.01.21. Timezone: Pacific/Noumea
Case number 2017.10.01 is missing important data.
Case number 2017.09.25.b is missing time data.
Fetching coordinates for case number 2019.07.22.
Got coordinates for case number 2017.11.04. Lat: 21.122107, Long: -75.838688
Got coordinates for case number 2017.11.02. Lat: 21.466437, Long: -158.210010
Got coordinates for case number 2017.10.26. Lat: 21.303528, Long: -158.045228
Got coordinates for case number 2017.10.28. Lat: -32.788409, Long: 152.080314
Got timezone for case number 2018.01.14. Timezone: Australia/Brisbane
Fetching coordinates for case number 2017.09.25.a.
Got coordinates for case number 2017.10.23.b. Lat: 26.879782, Long: -80.053374
Got timezone for case number 2017.12.31. Timezone: Pacific/Honolulu
Fetching coordinates for case number 2017.09.24.b.
Got coordinates for case number 2017.10.23.a. Lat: 26.793716, Long: -80.032878
Got coordinates for case number 2017.10.21. Lat: -36.788084, Long: 174.775779
Got timezone for case number 2017.12.30. Timezone: America/Los_Angeles
Fetching coordinates for case number 2017.09.24.a.
Got coordinates for case number 2017.10.18. Lat: 26.586736, Long: -80.051986
Got timezone for case number 2017.11.24. Timezone: America/Los_Angeles
Case number 2017.09.20 is missing time data.
Case number 2017.09.16.b is missing important data.
Fetching coordinates for case number 2017.09.16.a.
Got coordinates for case number 2017.10.09. Lat: 21.964167, Long: -159.708889
Got timezone for case number 2017.11.13. Timezone: Australia/Sydney
Case number 2017.09.15.b is missing time data.
Case number 2017.09.15.a is missing time data.
Case number 2017.09.14 is missing important data.
Fetching coordinates for case number 2017.09.13.
Got timezone for case number 2017.11.04. Timezone: America/Havana
Fetching coordinates for case number 2017.09.10.b.
Got timezone for case number 2017.11.02. Timezone: Pacific/Honolulu
Fetching coordinates for case number 2017.09.10.a.
Got timezone for case number 2017.10.26. Timezone: Pacific/Honolulu
Case number 2017.09.06.R is missing important data.
Case number 2017.09.03.b is missing time data.
Fetching coordinates for case number 2017.09.03.a.
Got coordinates for case number 2017.10.05. Lat: 20.712881, Long: -156.446077
Got timezone for case number 2017.10.28. Timezone: Australia/Sydney
Case number 2017.09.02.c is missing important data.
Case number 2017.09.02.b is missing important data.
Fetching coordinates for case number 2017.09.02.a.
Got coordinates for case number 2019.07.22. Lat: 41.371473, Long: -71.572680
Got timezone for case number 2017.10.23.a. Timezone: America/New_York
Fetching coordinates for case number 2017.08.29.
Got timezone for case number 2017.10.23.b. Timezone: America/New_York
Fetching coordinates for case number 2017.08.27.
Got coordinates for case number 2017.09.25.a. Lat: -33.865903, Long: 114.987171
Got coordinates for case number 2017.09.24.b. Lat: 40.592658, Long: -73.797793
Got timezone for case number 2017.10.21. Timezone: Pacific/Auckland
Case number 2017.08.26.b is missing time data.
Case number 2017.08.26.a is missing important data.
Fetching coordinates for case number 2017.08.23.
Got coordinates for case number 2017.09.24.a. Lat: 26.616756, Long: -80.068448
Got timezone for case number 2017.10.18. Timezone: America/New_York
Case number 2017.08.18 is missing important data.
Fetching coordinates for case number 2017.08.10.
Got coordinates for case number 2017.09.16.a. Lat: 29.096373, Long: -80.936998
Got timezone for case number 2017.10.09. Timezone: Pacific/Honolulu
Case number 2017.08.05 is missing important data.
Fetching coordinates for case number 2017.08.03.
Got coordinates for case number 2017.09.13. Lat: 29.096373, Long: -80.936998
Got timezone for case number 2019.07.22. Timezone: America/New_York
Fetching coordinates for case number 2017.08.01.
Got coordinates for case number 2017.09.10.b. Lat: -27.672817, Long: 121.628310
Got timezone for case number 2017.10.05. Timezone: Pacific/Honolulu
Fetching coordinates for case number 2017.07.31.
Got coordinates for case number 2017.09.10.a. Lat: -29.412010, Long: 153.364748
Got coordinates for case number 2017.09.03.a. Lat: 34.717909, Long: 137.851505
Got coordinates for case number 2017.09.02.a. Lat: 29.025819, Long: -80.926998
Got coordinates for case number 2017.08.29. Lat: -38.505183, Long: 144.004740
Got coordinates for case number 2017.08.27. Lat: 27.186880, Long: -80.160734
Got timezone for case number 2017.09.25.a. Timezone: Australia/Perth
Fetching coordinates for case number 2017.07.29.c.
Got timezone for case number 2017.09.24.b. Timezone: America/New_York
Case number 2017.07.29.a is missing time data.
Case number 2017.07.27 is missing important data.
Case number 2017.07.26.R is missing important data.
Fetching coordinates for case number 2017.07.24.
Got coordinates for case number 2017.08.23. Lat: 41.891773, Long: -69.961131
Got timezone for case number 2017.09.24.a. Timezone: America/New_York
Case number 2017.07.23.b is missing important data.
Case number 2017.07.23.a is missing time data.
Fetching coordinates for case number 2017.07.22.
Got timezone for case number 2017.09.16.a. Timezone: America/New_York
Case number 2017.07.20.c is missing important data.
Fetching coordinates for case number 2017.07.20.b.
Got coordinates for case number 2017.08.10. Lat: 32.216316, Long: -80.752608
Got coordinates for case number 2017.08.03. Lat: 41.549302, Long: -70.555724
Got timezone for case number 2017.09.13. Timezone: America/New_York
Fetching coordinates for case number 2017.07.20.a.
Got timezone for case number 2017.09.10.a. Timezone: Australia/Sydney
Fetching coordinates for case number 2017.07.14.b.
Got timezone for case number 2017.09.03.a. Timezone: Asia/Tokyo
Fetching coordinates for case number 2017.07.14.a.
Got timezone for case number 2017.09.10.b. Timezone: Australia/Perth
Fetching coordinates for case number 2017.07.11.
Got coordinates for case number 2017.07.31. Lat: 30.332184, Long: -81.655651
Got timezone for case number 2017.09.02.a. Timezone: America/New_York
Fetching coordinates for case number 2017.07.09.
Got coordinates for case number 2017.08.01. Lat: 37.227361, Long: -122.410977
Got timezone for case number 2017.08.29. Timezone: Australia/Melbourne
Case number 2017.07.07.R is missing important data.
Fetching coordinates for case number 2017.07.07.
Got timezone for case number 2017.08.27. Timezone: America/New_York
Case number 2017.07.02 is missing important data.
Fetching coordinates for case number 2017.06.29.
Got timezone for case number 2017.08.23. Timezone: America/New_York
Case number 2017.06.21 is missing important data.
Case number 2017.06.19 is missing time data.
Case number 2017.06.18.b is missing important data.
Fetching coordinates for case number 2017.06.18.a.
Got coordinates for case number 2017.07.29.c. Lat: 32.216316, Long: -80.752608
Got coordinates for case number 2017.07.24. Lat: -7.946717, Long: -14.355916
Got coordinates for case number 2017.07.22. Lat: 24.698197, Long: -81.673978
Got coordinates for case number 2017.07.20.b. Lat: 34.410941, Long: -119.687315
Got timezone for case number 2017.08.10. Timezone: America/New_York
Fetching coordinates for case number 2017.06.17.
Got timezone for case number 2017.08.03. Timezone: America/New_York
Case number 2017.06.05 is missing important data.
Case number 2017.06.14.R is missing important data.
Fetching coordinates for case number 2017.06.11.
Got coordinates for case number 2017.07.20.a. Lat: 34.416834, Long: -119.832210
Got coordinates for case number 2017.07.14.a. Lat: -31.928959, Long: 115.754886
Got coordinates for case number 2017.07.11. Lat: 36.974117, Long: -122.030796
Got timezone for case number 2017.08.01. Timezone: America/Los_Angeles
Fetching coordinates for case number 2017.06.10.b.
Got timezone for case number 2017.07.31. Timezone: America/New_York
Fetching coordinates for case number 2017.06.10.a.
Got coordinates for case number 2017.07.14.b. Lat: 46.889231, Long: -124.105107
Got coordinates for case number 2017.07.09. Lat: 25.912265, Long: -80.121278
Got coordinates for case number 2017.07.07. Lat: -32.993568, Long: 27.934095
Got timezone for case number 2017.07.29.c. Timezone: America/New_York
Case number 2017.06.07.R is missing important data.
Case number 2017.06.04 is missing important data.
Fetching coordinates for case number 2017.06.02.
Got coordinates for case number 2017.06.29. Lat: 34.208504, Long: -77.796371
Got coordinates for case number 2017.06.18.a. Lat: -21.053204, Long: 55.228558
Got timezone for case number 2017.07.24. Timezone: Atlantic/St_Helena
Case number 2017.05.30 is missing important data.
Case number 2017.05.28 is missing time data.
Case number 2017.05.27 is missing important data.
Case number 2017.05.12 is missing time data.
Case number 2017.05.06.R is missing important data.
Fetching coordinates for case number 2017.05.06.
Got timezone for case number 2017.07.22. Timezone: America/New_York
Fetching coordinates for case number 2017.05.03.
Got timezone for case number 2017.07.20.b. Timezone: America/Los_Angeles
Fetching coordinates for case number 2017.04.29.d.
Got coordinates for case number 2017.06.17. Lat: 38.896540, Long: 1.415163
Got coordinates for case number 2017.06.11. Lat: -33.316628, Long: 115.633300
Got timezone for case number 2017.07.20.a. Timezone: America/Los_Angeles
Fetching coordinates for case number 2017.04.29.c.
Got timezone for case number 2017.07.14.a. Timezone: Australia/Perth
Fetching coordinates for case number 2017.04.29.b.
Got timezone for case number 2017.07.11. Timezone: America/Los_Angeles
Fetching coordinates for case number 2017.04.29.a.
Got timezone for case number 2017.07.14.b. Timezone: America/Los_Angeles
Fetching coordinates for case number 2017.04.27.
Got timezone for case number 2017.07.09. Timezone: America/New_York
Case number 2017.04.26 is missing important data.
Fetching coordinates for case number 2017.04.22.
Got timezone for case number 2017.07.07. Timezone: Africa/Johannesburg
Fetching coordinates for case number 2017.04.20.
Got coordinates for case number 2017.06.10.b. Lat: -38.434454, Long: 144.972631
Got coordinates for case number 2017.06.10.a. Lat: 29.096373, Long: -80.936998
Got timezone for case number 2017.06.29. Timezone: America/New_York
Case number 2017.04.17.b is missing time data.
Fetching coordinates for case number 2017.04.17.a.
Got coordinates for case number 2017.06.02. Lat: 25.078277, Long: -77.271764
Got timezone for case number 2017.06.18.a. Timezone: Indian/Reunion
Fetching coordinates for case number 2017.04.14.
Got coordinates for case number 2017.05.06. Lat: 23.436363, Long: -109.429630
Got coordinates for case number 2017.05.03. Lat: 33.720734, Long: -118.073574
Got coordinates for case number 2017.04.29.d. Lat: 33.372808, Long: -117.565601
Got timezone for case number 2017.06.17. Timezone: Europe/Madrid
Fetching coordinates for case number 2017.04.13.
Got timezone for case number 2017.06.11. Timezone: Australia/Perth
Fetching coordinates for case number 2017.04.12.b.
Got coordinates for case number 2017.04.29.c. Lat: -34.061919, Long: 23.351282
Got coordinates for case number 2017.04.29.b. Lat: 32.654946, Long: -79.940532
Got timezone for case number 2017.06.10.b. Timezone: Australia/Melbourne
Case number 2017.04.12.a is missing important data.
Fetching coordinates for case number 2017.04.11.
Got coordinates for case number 2017.04.20. Lat: 33.421340, Long: -79.290213
Got timezone for case number 2017.06.10.a. Timezone: America/New_York
Fetching coordinates for case number 2017.04.10.b.
Got coordinates for case number 2017.04.27. Lat: -46.649147, Long: 169.117179
Got coordinates for case number 2017.04.22. Lat: -7.946717, Long: -14.355916
Got coordinates for case number 2017.04.29.a. Lat: -21.174826, Long: 55.287803
Got coordinates for case number 2017.04.17.a. Lat: -27.672817, Long: 121.628310
Got timezone for case number 2017.06.02. Timezone: America/Nassau
Fetching coordinates for case number 2017.04.10.a.
Got coordinates for case number 2017.04.14. Lat: 21.968421, Long: -159.719638
Got timezone for case number 2017.05.06. Timezone: America/Mazatlan
Case number 2017.04.06 is missing important data.
Fetching coordinates for case number 2017.04.05.
Got timezone for case number 2017.05.03. Timezone: America/Los_Angeles
Case number 2017.04.02.b is missing time data.
Fetching coordinates for case number 2017.04.02.a.
Got timezone for case number 2017.04.29.d. Timezone: America/Los_Angeles
Fetching coordinates for case number 2017.03.27.
Got coordinates for case number 2017.04.13. Lat: 30.370925, Long: -81.406772
Got coordinates for case number 2017.04.12.b. Lat: 29.892184, Long: -81.313931
Got timezone for case number 2017.04.29.c. Timezone: Africa/Johannesburg
Fetching coordinates for case number 2017.03.19.
Got timezone for case number 2017.04.20. Timezone: America/New_York
Fetching coordinates for case number 2017.03.18.
Got timezone for case number 2017.04.29.b. Timezone: America/New_York
Case number 2017.03.11 is missing important data.
Case number 2017.03.09 is missing important data.
Case number 2017.03.01 is missing important data.
Case number 2017.02.25 is missing time data.
Case number 2017.02.24 is missing time data.
Case number 2017.02.21 is missing important data.
Fetching coordinates for case number 2017.02.17.
Got timezone for case number 2017.04.27. Timezone: Pacific/Auckland
Fetching coordinates for case number 2017.02.11.
Got coordinates for case number 2017.04.11. Lat: 29.285813, Long: -81.055889
Got timezone for case number 2017.04.22. Timezone: Atlantic/St_Helena
Case number 2017.02.06.b is missing time data.
Case number 2017.02.06.a is missing important data.
Case number 2017.02.01.b is missing important data.
Case number 2017.02.01.a is missing important data.
Fetching coordinates for case number 2017.01.24.
Got coordinates for case number 2017.04.10.b. Lat: 28.068350, Long: -80.560330
Got timezone for case number 2017.04.29.a. Timezone: Indian/Reunion
Fetching coordinates for case number 2017.01.22.
Got timezone for case number 2017.04.17.a. Timezone: Australia/Perth
Fetching coordinates for case number 2017.01.21.
Got timezone for case number 2017.04.14. Timezone: Pacific/Honolulu
Fetching coordinates for case number 2017.01.13.b.
Got coordinates for case number 2017.04.10.a. Lat: 28.068350, Long: -80.560330
Got coordinates for case number 2017.04.05. Lat: 29.025819, Long: -80.926998
Got coordinates for case number 2017.04.02.a. Lat: 30.393534, Long: -86.495783
Got coordinates for case number 2017.03.27. Lat: 29.025819, Long: -80.926998
Got timezone for case number 2017.04.13. Timezone: America/New_York
Case number 2017.01.13.a is missing time data.
Fetching coordinates for case number 2017.01.09.
Got timezone for case number 2017.04.12.b. Timezone: America/New_York
Case number 2017.01.08.R is missing important data.
Fetching coordinates for case number 2017.01.05.
Got coordinates for case number 2017.03.19. Lat: -31.253218, Long: 146.921099
Got coordinates for case number 2017.03.18. Lat: 36.800741, Long: -121.947311
Got coordinates for case number 2017.02.17. Lat: -22.575197, Long: 144.084793
Got timezone for case number 2017.04.11. Timezone: America/New_York
Fetching coordinates for case number 2017.01.03.
Got coordinates for case number 2017.02.11. Lat: 28.068350, Long: -80.560330
Got timezone for case number 2017.04.10.b. Timezone: America/New_York
Fetching coordinates for case number 2016.12.27.
Got coordinates for case number 2017.01.24. Lat: -8.131730, Long: -34.902409
Got coordinates for case number 2017.01.22. Lat: 27.638643, Long: -80.397274
Got coordinates for case number 2017.01.13.b. Lat: -22.119795, Long: 149.535228
Got coordinates for case number 2017.01.21. Lat: -10.787016, Long: 142.413250
Got timezone for case number 2017.04.10.a. Timezone: America/New_York
Case number 2016.12.24 is missing time data.
Fetching coordinates for case number 2016.12.19.
Got timezone for case number 2017.04.02.a. Timezone: America/Chicago
Fetching coordinates for case number 2016.12.14.
Got timezone for case number 2017.04.05. Timezone: America/New_York
Case number 2016.12.11.b is missing important data.
Case number 2016.12.11.a is missing time data.
Fetching coordinates for case number 2016.12.06.
Got timezone for case number 2017.03.27. Timezone: America/New_York
Fetching coordinates for case number 2016.12.01.
Got coordinates for case number 2017.01.09. Lat: -8.503113, Long: 114.965560
Got timezone for case number 2017.03.19. Timezone: Australia/Sydney
Fetching coordinates for case number 2016.11.28.
Got coordinates for case number 2017.01.05. Lat: 28.257429, Long: -80.604080
Got timezone for case number 2017.03.18. Timezone: America/Los_Angeles
Fetching coordinates for case number 2016.11.14.
Got timezone for case number 2017.02.17. Timezone: Australia/Brisbane
Case number 2016.10.30 is missing time data.
Case number 2016.10.29 is missing time data.
Fetching coordinates for case number 2016.10.24.
Got coordinates for case number 2017.01.03. Lat: -36.888070, Long: 149.906298
Got timezone for case number 2017.02.11. Timezone: America/New_York
Fetching coordinates for case number 2016.10.21.
Got timezone for case number 2017.01.24. Timezone: America/Recife
Fetching coordinates for case number 2016.10.15.
Got coordinates for case number 2016.12.27. Lat: 27.543921, Long: -80.324737
Got timezone for case number 2017.01.22. Timezone: America/New_York
Fetching coordinates for case number 2016.10.14.
Got timezone for case number 2017.01.13.b. Timezone: Australia/Brisbane
Case number 2016.10.13.R is missing important data.
Fetching coordinates for case number 2016.10.12.
Got timezone for case number 2017.01.21. Timezone: Australia/Brisbane
Fetching coordinates for case number 2016.10.10.
Got coordinates for case number 2016.12.19. Lat: -34.038040, Long: 23.378236
Got coordinates for case number 2016.12.14. Lat: -31.877919, Long: 115.751775
Got coordinates for case number 2016.12.01. Lat: -32.310473, Long: 152.516848
Got coordinates for case number 2016.12.06. Lat: -36.888070, Long: 149.906298
Got timezone for case number 2017.01.09. Timezone: Asia/Makassar
Fetching coordinates for case number 2016.10.02.
Got coordinates for case number 2016.11.28. Lat: -38.269034, Long: 144.660122
Got timezone for case number 2017.01.05. Timezone: America/New_York
Fetching coordinates for case number 2016.10.01.
Got coordinates for case number 2016.11.14. Lat: 20.722162, Long: -156.447945
Got coordinates for case number 2016.10.24. Lat: -28.701846, Long: 153.613995
Got timezone for case number 2017.01.03. Timezone: Australia/Sydney
Case number 2016.09.26 is missing time data.
Fetching coordinates for case number 2016.09.18.c.
Got coordinates for case number 2016.10.21. Lat: 20.934255, Long: -156.356079
Got timezone for case number 2016.12.27. Timezone: America/New_York
Fetching coordinates for case number 2016.09.18.b.
Got coordinates for case number 2016.10.15. Lat: -26.800809, Long: 153.141852
Got coordinates for case number 2016.10.14. Lat: 20.724570, Long: -156.449062
Got coordinates for case number 2016.10.12. Lat: -28.837724, Long: 153.604403
Got timezone for case number 2016.12.19. Timezone: Africa/Johannesburg
Fetching coordinates for case number 2016.09.18.a.
Got timezone for case number 2016.12.14. Timezone: Australia/Perth
Case number 2016.09.17.b is missing time data.
Case number 2016.09.17.a is missing important data.
Case number 2016.09.15 is missing important data.
Case number 2016.09.15.R is missing important data.
Fetching coordinates for case number 2016.09.11.
Got coordinates for case number 2016.10.10. Lat: 45.928618, Long: -123.978535
Got timezone for case number 2016.12.01. Timezone: Australia/Sydney
Fetching coordinates for case number 2016.09.07.
Got timezone for case number 2016.12.06. Timezone: Australia/Sydney
Fetching coordinates for case number 2016.09.06.
Got timezone for case number 2016.11.28. Timezone: Australia/Melbourne
Case number 2016.09.05.b is missing time data.
Case number 2016.09.05.a is missing time data.
Case number 2016.09.04 is missing important data.
Case number 2016.09.01 is missing important data.
Case number 2016.09.00 is missing important data.
Fetching coordinates for case number 2016.08.29.b.
Got coordinates for case number 2016.10.02. Lat: 29.025819, Long: -80.926998
Got coordinates for case number 2016.10.01. Lat: 29.025819, Long: -80.926998
Got timezone for case number 2016.10.24. Timezone: Australia/Sydney
Fetching coordinates for case number 2016.08.29.a.
Got timezone for case number 2016.11.14. Timezone: Pacific/Honolulu
Fetching coordinates for case number 2016.08.27.
Got timezone for case number 2016.10.21. Timezone: Pacific/Honolulu
Fetching coordinates for case number 2016.08.25.
Got timezone for case number 2016.10.15. Timezone: Australia/Brisbane
Case number 2016.08.07 is missing important data.
Fetching coordinates for case number 2016.08.06.
Got timezone for case number 2016.10.12. Timezone: Australia/Sydney
Case number 2016.08.04 is missing important data.
Fetching coordinates for case number 2016.07.29.
Got timezone for case number 2016.10.14. Timezone: Pacific/Honolulu
Case number 2016.07.28.R is missing important data.
Case number 2016.07.28 is missing important data.
Case number 2016.07.27 is missing important data.
Fetching coordinates for case number 2016.07.26.
Got coordinates for case number 2016.09.18.c. Lat: 29.025819, Long: -80.926998
Got timezone for case number 2016.10.10. Timezone: America/Los_Angeles
Fetching coordinates for case number 2016.07.24.
Got coordinates for case number 2016.09.18.a. Lat: 29.025819, Long: -80.926998
Got coordinates for case number 2016.09.11. Lat: 30.240006, Long: -81.385260
Got coordinates for case number 2016.09.18.b. Lat: 29.025819, Long: -80.926998
Got coordinates for case number 2016.09.07. Lat: 21.466437, Long: -158.210010
Got coordinates for case number 2016.09.06. Lat: -20.561405, Long: 164.281075
Got coordinates for case number 2016.08.29.b. Lat: 29.025819, Long: -80.926998
Got timezone for case number 2016.10.02. Timezone: America/New_York
Case number 2016.07.23.b is missing important data.
Case number 2016.07.23.a is missing important data.
Case number 2016.07.20 is missing time data.
Case number 2016.07.17 is missing important data.
Case number 2016.07.16.b is missing time data.
Fetching coordinates for case number 2016.07.16.a.
Got timezone for case number 2016.10.01. Timezone: America/New_York
Fetching coordinates for case number 2016.07.15.b.
Got coordinates for case number 2016.08.27. Lat: -21.031564, Long: 55.227302
Got coordinates for case number 2016.08.25. Lat: 30.240006, Long: -81.385260
Got coordinates for case number 2016.07.29. Lat: 38.253477, Long: -0.519875
Got coordinates for case number 2016.08.06. Lat: 20.798363, Long: -156.331925
Got coordinates for case number 2016.07.26. Lat: -28.837724, Long: 153.604403
Got timezone for case number 2016.09.18.c. Timezone: America/New_York
Case number 2016.07.15.a is missing important data.
Case number 2016.07.14.R is missing important data.
Case number 2016.07.08.R is missing important data.
Case number 2016.07.08 is missing important data.
Fetching coordinates for case number 2016.07.07.b.
Got timezone for case number 2016.09.11. Timezone: America/New_York
Case number 2016.07.07.a is missing important data.
Fetching coordinates for case number 2016.07.06.
Got coordinates for case number 2016.08.29.a. Lat: 29.025819, Long: -80.926998
Got timezone for case number 2016.09.18.a. Timezone: America/New_York
Fetching coordinates for case number 2016.07.04.
Got timezone for case number 2016.09.18.b. Timezone: America/New_York
Fetching coordinates for case number 2016.06.27.
Got timezone for case number 2016.09.07. Timezone: Pacific/Honolulu
Fetching coordinates for case number 2016.06.25.
Got coordinates for case number 2016.07.24. Lat: 33.027847, Long: 133.004913
Got timezone for case number 2016.09.06. Timezone: Pacific/Noumea
Case number 2016.06.24 is missing important data.
Case number 2016.06.23 is missing important data.
Fetching coordinates for case number 2016.06.21.b.
Got timezone for case number 2016.08.29.b. Timezone: America/New_York
Fetching coordinates for case number 2016.06.21.a.
Got timezone for case number 2016.08.27. Timezone: Indian/Reunion
Fetching coordinates for case number 2016.06.15.b.
Got coordinates for case number 2016.07.15.b. Lat: 33.727149, Long: -118.081907
Got coordinates for case number 2016.07.16.a. Lat: 29.025819, Long: -80.926998
Got timezone for case number 2016.08.25. Timezone: America/New_York
Case number 2016.06.15.a is missing important data.
Fetching coordinates for case number 2016.06.14.
Got timezone for case number 2016.07.29. Timezone: Europe/Madrid
Fetching coordinates for case number 2016.06.11.
Got timezone for case number 2016.08.06. Timezone: Pacific/Honolulu
Fetching coordinates for case number 2016.06.07.
Got timezone for case number 2016.07.26. Timezone: Australia/Sydney
Fetching coordinates for case number 2016.06.05.b.
Got timezone for case number 2016.08.29.a. Timezone: America/New_York
Fetching coordinates for case number 2016.06.05.a.
Got coordinates for case number 2016.07.06. Lat: 28.068350, Long: -80.560330
Got coordinates for case number 2016.07.07.b. Lat: 42.615929, Long: -70.661989
Got timezone for case number 2016.07.24. Timezone: Asia/Tokyo
Case number 2016.06.04 is missing time data.
Case number 2016.06.02.b is missing important data.
Case number 2016.06.02.a is missing time data.
Fetching coordinates for case number 2016.05.31.
Got coordinates for case number 2016.07.04. Lat: -16.744399, Long: 145.667338
Got coordinates for case number 2016.06.27. Lat: 32.762902, Long: -79.836247
Got coordinates for case number 2016.06.25. Lat: 34.699050, Long: -76.740211
Got coordinates for case number 2016.06.21.b. Lat: 33.816006, Long: -78.680016Got coordinates for case number 2016.06.21.a. Lat: 28.167301, Long: -80.587760

Got coordinates for case number 2016.06.15.b. Lat: 21.960523, Long: -159.350176
Got timezone for case number 2016.07.16.a. Timezone: America/New_York
Fetching coordinates for case number 2016.05.29.b.
Got timezone for case number 2016.07.15.b. Timezone: America/Los_Angeles
Fetching coordinates for case number 2016.05.29.a.
Got coordinates for case number 2016.06.14. Lat: 29.204455, Long: -94.936405
Got coordinates for case number 2016.06.11. Lat: 34.699050, Long: -76.740211
Got coordinates for case number 2016.06.07. Lat: 32.654946, Long: -79.940532
Got timezone for case number 2016.07.06. Timezone: America/New_York
Fetching coordinates for case number 2016.05.22.
Got coordinates for case number 2016.06.05.b. Lat: 29.474975, Long: -81.127004
Got timezone for case number 2016.07.07.b. Timezone: America/New_York
Fetching coordinates for case number 2016.05.21.b.
Got coordinates for case number 2016.06.05.a. Lat: -31.689761, Long: 115.705823
Got timezone for case number 2016.07.04. Timezone: Australia/Brisbane
Fetching coordinates for case number 2016.05.21.a.
Got timezone for case number 2016.06.27. Timezone: America/New_York
Case number 2016.05.18 is missing time data.
Fetching coordinates for case number 2016.05.15.
Got timezone for case number 2016.06.25. Timezone: America/New_York
Fetching coordinates for case number 2016.05.03.
Got coordinates for case number 2016.05.31. Lat: -32.580140, Long: 115.652387
Got timezone for case number 2016.06.21.a. Timezone: America/New_York
Case number 2016.05.02 is missing time data.
Fetching coordinates for case number 2016.04.25.
Got timezone for case number 2016.06.21.b. Timezone: America/New_York
Fetching coordinates for case number 2016.04.23.
Got timezone for case number 2016.06.15.b. Timezone: Pacific/Honolulu
Fetching coordinates for case number 2016.04.22.
Got coordinates for case number 2016.05.29.b. Lat: 33.597859, Long: -117.873014
Got timezone for case number 2016.06.14. Timezone: America/Chicago
Fetching coordinates for case number 2016.04.19.
Got coordinates for case number 2016.05.29.a. Lat: 30.350051, Long: -81.603506
Got timezone for case number 2016.06.11. Timezone: America/New_York
Case number 2016.04.18.b is missing time data.
Case number 2016.04.18.a is missing time data.
Case number 2016.04.13 is missing important data.
Fetching coordinates for case number 2016.04.09.
Got timezone for case number 2016.06.07. Timezone: America/New_York
Case number 2016.04.08 is missing important data.
Case number 2016.04.07.b is missing important data.
Case number 2016.04.07.a is missing important data.
Fetching coordinates for case number 2016.03.31.
Got timezone for case number 2016.06.05.b. Timezone: America/New_York
Fetching coordinates for case number 2016.03.30.
Got timezone for case number 2016.06.05.a. Timezone: Australia/Perth
Case number 2016.03.28.b is missing important data.
Fetching coordinates for case number 2016.03.28.a.
Got coordinates for case number 2016.05.21.b. Lat: 27.767127, Long: -82.638445
Got coordinates for case number 2016.05.22. Lat: 27.638643, Long: -80.397274
Got coordinates for case number 2016.05.15. Lat: 26.368306, Long: -80.128932
Got coordinates for case number 2016.05.03. Lat: 20.681264, Long: -156.443422
Got timezone for case number 2016.05.31. Timezone: Australia/Perth
Case number 2016.03.26 is missing important data.
Case number 2016.03.13 is missing time data.
Fetching coordinates for case number 2016.03.11.
Got coordinates for case number 2016.05.21.a. Lat: 30.273128, Long: -81.387740
Got coordinates for case number 2016.04.25. Lat: -8.503113, Long: 114.965560
Got coordinates for case number 2016.04.23. Lat: 29.025819, Long: -80.926998
Got coordinates for case number 2016.04.22. Lat: -34.076066, Long: 23.371911
Got timezone for case number 2016.05.29.b. Timezone: America/Los_Angeles
Case number 2016.03.10 is missing important data.
Case number 2016.03.04 is missing time data.
Case number 2016.03.03.R is missing time data.
Case number 2016.03.02 is missing important data.
Fetching coordinates for case number 2016.02.22.
Got timezone for case number 2016.05.29.a. Timezone: America/New_York
Fetching coordinates for case number 2016.02.19.
Got coordinates for case number 2016.04.19. Lat: -28.641098, Long: 153.611705
Got coordinates for case number 2016.04.09. Lat: -21.609841, Long: 165.390761
Got coordinates for case number 2016.03.31. Lat: 20.811411, Long: -156.622589
Got coordinates for case number 2016.03.28.a. Lat: -34.049607, Long: 151.157221
Got timezone for case number 2016.05.21.b. Timezone: America/New_York
Fetching coordinates for case number 2016.02.12.
Got timezone for case number 2016.05.22. Timezone: America/New_York
Case number 2016.02.10.R is missing important data.
Fetching coordinates for case number 2016.02.10.
Got coordinates for case number 2016.03.30. Lat: -34.656041, Long: 150.855666
Got timezone for case number 2016.05.15. Timezone: America/New_York
Fetching coordinates for case number 2016.02.05.
Got timezone for case number 2016.05.03. Timezone: Pacific/Honolulu
Case number 2016.02.04 is missing time data.
Case number 2016.02.02 is missing important data.
Case number 2016.01.29 is missing important data.
Fetching coordinates for case number 2016.01.28.
Got timezone for case number 2016.05.21.a. Timezone: America/New_York
Fetching coordinates for case number 2016.01.25.
Got coordinates for case number 2016.03.11. Lat: 27.638643, Long: -80.397274
Got timezone for case number 2016.04.25. Timezone: Asia/Makassar
Fetching coordinates for case number 2016.01.24.b.
Got timezone for case number 2016.04.23. Timezone: America/New_York
Case number 2016.01.24.a is missing important data.
Case number 2016.01.23 is missing time data.
Case number 2016.01.11.R is missing important data.
Case number 2016.01.05 is missing time data.
Fetching coordinates for case number 2016.01.02.
Got timezone for case number 2016.04.22. Timezone: Africa/Johannesburg
Case number 2015.12.26 is missing time data.
Case number 2015.12.25 is missing important data.
Case number 2015.12.22 is missing time data.
Fetching coordinates for case number 2015.12.21.b.
Got timezone for case number 2016.04.19. Timezone: Australia/Sydney
Case number 2015.12.21.a is missing important data.
Case number 2015.12.19 is missing important data.
Fetching coordinates for case number 2015.12.13.
Got coordinates for case number 2016.02.22. Lat: -22.312590, Long: 166.454139
Got coordinates for case number 2016.02.19. Lat: -22.165620, Long: 166.949903
Got timezone for case number 2016.04.09. Timezone: Pacific/Noumea
Case number 2015.12.11 is missing important data.
Case number 2015.12.08 is missing time data.
Fetching coordinates for case number 2015.11.20.
Got timezone for case number 2016.03.31. Timezone: Pacific/Honolulu
Case number 2015.11.16 is missing time data.
Fetching coordinates for case number 2015.11.15.b.
Got timezone for case number 2016.03.28.a. Timezone: Australia/Sydney
Case number 2015.11.15.a is missing important data.
Fetching coordinates for case number 2015.11.10.
Got timezone for case number 2016.03.30. Timezone: Australia/Sydney
Fetching coordinates for case number 2015.12.23.
Got coordinates for case number 2016.02.10. Lat: -40.933889, Long: 144.636435
Got coordinates for case number 2016.02.12. Lat: 18.665419, Long: -68.395971
Got coordinates for case number 2016.01.25. Lat: 22.209078, Long: -159.506758
Got timezone for case number 2016.03.11. Timezone: America/New_York
Fetching coordinates for case number 2015.11.03.
Got coordinates for case number 2016.01.28. Lat: 22.209078, Long: -159.506758
Got coordinates for case number 2016.02.05. Lat: -27.532317, Long: 153.462608
Got coordinates for case number 2016.01.24.b. Lat: 28.951660, Long: -95.287547
Got coordinates for case number 2016.01.02. Lat: -23.152855, Long: 150.905283
Got coordinates for case number 2015.12.21.b. Lat: -33.889120, Long: 151.270399
Got timezone for case number 2016.02.22. Timezone: Pacific/Noumea
Fetching coordinates for case number 2015.11.01.b.
Got coordinates for case number 2015.12.13. Lat: -33.031123, Long: 151.560324
Got timezone for case number 2016.02.19. Timezone: Pacific/Noumea
Fetching coordinates for case number 2015.11.01.a.
Got coordinates for case number 2015.11.20. Lat: -0.053551, Long: -91.560751
Got timezone for case number 2016.02.10. Timezone: Australia/Hobart
Case number 2015.10.30 is missing important data.
Fetching coordinates for case number 2015.10.28.a.
Got coordinates for case number 2015.11.10. Lat: -28.844401, Long: 153.598643
Got timezone for case number 2016.02.12. Timezone: America/Santo_Domingo
Fetching coordinates for case number 2015.10.25.
Got coordinates for case number 2015.12.23. Lat: 28.123018, Long: -80.575366
Got coordinates for case number 2015.11.15.b. Lat: 26.705621, Long: -80.036430
Got timezone for case number 2016.01.28. Timezone: Pacific/Honolulu
Fetching coordinates for case number 2015.10.21.
Got timezone for case number 2016.01.25. Timezone: Pacific/Honolulu
Fetching coordinates for case number 2015.10.19.
Got timezone for case number 2016.02.05. Timezone: Australia/Brisbane
Case number 2015.10.17.c is missing important data.
Fetching coordinates for case number 2015.10.17.b.
Got timezone for case number 2016.01.24.b. Timezone: America/Chicago
Fetching coordinates for case number 2015.10.17.a.
Got coordinates for case number 2015.11.03. Lat: 19.394658, Long: -154.929088
Got timezone for case number 2016.01.02. Timezone: Australia/Brisbane
Fetching coordinates for case number 2015.10.13.
Got timezone for case number 2015.12.21.b. Timezone: Australia/Sydney
Fetching coordinates for case number 2015.10.09.b.
Got timezone for case number 2015.12.13. Timezone: Australia/Sydney
Fetching coordinates for case number 2015.10.09.a.
Got coordinates for case number 2015.11.01.b. Lat: 28.320007, Long: -80.607551
Got coordinates for case number 2015.11.01.a. Lat: -23.860607, Long: 35.346803
Got timezone for case number 2015.11.20. Timezone: Pacific/Galapagos
Case number 2015.10.08 is missing important data.
Fetching coordinates for case number 2015.10.07.
Got timezone for case number 2015.11.10. Timezone: Australia/Sydney
Fetching coordinates for case number 2015.10.05.b.
Got timezone for case number 2015.11.15.b. Timezone: America/New_York
Fetching coordinates for case number 2015.10.05.a.
Got timezone for case number 2015.12.23. Timezone: America/New_York
Fetching coordinates for case number 2015.10.04.
Got coordinates for case number 2015.10.28.a. Lat: 21.438912, Long: -158.000056
Got coordinates for case number 2015.10.25. Lat: -34.376828, Long: 21.408966
Got coordinates for case number 2015.10.21. Lat: 28.655518, Long: -80.631829
Got coordinates for case number 2015.10.17.a. Lat: 21.392538, Long: -157.715121
Got coordinates for case number 2015.10.19. Lat: 26.318412, Long: -80.099766
Got timezone for case number 2015.11.03. Timezone: Pacific/Honolulu
Fetching coordinates for case number 2015.09.29.
Got coordinates for case number 2015.10.17.b. Lat: 21.279346, Long: -157.829185
Got coordinates for case number 2015.10.13. Lat: 35.583850, Long: -121.121420
Got coordinates for case number 2015.10.09.b. Lat: 32.153744, Long: -80.730143
Got timezone for case number 2015.11.01.a. Timezone: Africa/Maputo
Case number 2015.09.26 is missing time data.
Fetching coordinates for case number 2015.09.24.
Got timezone for case number 2015.11.01.b. Timezone: America/New_York
Fetching coordinates for case number 2015.09.20.d.
Got coordinates for case number 2015.10.09.a. Lat: 21.627169, Long: -158.075243
Got coordinates for case number 2015.10.07. Lat: -32.603136, Long: 115.629928
Got timezone for case number 2015.10.28.a. Timezone: Pacific/Honolulu
Fetching coordinates for case number 2015.09.20.c.
Got timezone for case number 2015.10.25. Timezone: Africa/Johannesburg
Fetching coordinates for case number 2015.09.20.b.
Got coordinates for case number 2015.10.05.b. Lat: 27.495749, Long: -80.301017
Got coordinates for case number 2015.10.05.a. Lat: 29.301348, Long: -94.797696
Got coordinates for case number 2015.10.04. Lat: 29.025819, Long: -80.926998
Got timezone for case number 2015.10.21. Timezone: America/New_York
Fetching coordinates for case number 2015.09.20.a.
Got timezone for case number 2015.10.17.a. Timezone: Pacific/Honolulu
Case number 2015.09.19 is missing important data.
Fetching coordinates for case number 2015.09.18.
Got timezone for case number 2015.10.19. Timezone: America/New_York
Fetching coordinates for case number 2015.09.17.
Got coordinates for case number 2015.09.29. Lat: 29.938579, Long: -81.302017
Got timezone for case number 2015.10.17.b. Timezone: Pacific/Honolulu
Fetching coordinates for case number 2015.09.08.
Got timezone for case number 2015.10.13. Timezone: America/Los_Angeles
Fetching coordinates for case number 2015.09.06.
Got timezone for case number 2015.10.09.b. Timezone: America/New_York
Fetching coordinates for case number 2015.09.05.
Got timezone for case number 2015.10.09.a. Timezone: Pacific/Honolulu
Fetching coordinates for case number 2015.09.04.
Got coordinates for case number 2015.09.20.d. Lat: 29.025819, Long: -80.926998
Got timezone for case number 2015.10.07. Timezone: Australia/Perth
Fetching coordinates for case number 2015.09.03.
Got coordinates for case number 2015.09.24. Lat: 34.420827, Long: -119.698404
Got timezone for case number 2015.10.05.b. Timezone: America/New_York
Fetching coordinates for case number 2015.09.01.
Got timezone for case number 2015.10.05.a. Timezone: America/Chicago
Case number 2015.09.00 is missing important data.
Fetching coordinates for case number 2015.08.29.b.
Got coordinates for case number 2015.09.20.c. Lat: 20.262694, Long: -155.872394
Got coordinates for case number 2015.09.20.b. Lat: 30.669682, Long: -81.462592
Got timezone for case number 2015.10.04. Timezone: America/New_York
Fetching coordinates for case number 2015.08.29.a.
Got coordinates for case number 2015.09.20.a. Lat: 29.938579, Long: -81.302017
Got coordinates for case number 2015.09.18. Lat: 30.478829, Long: -81.440786
Got timezone for case number 2015.09.29. Timezone: America/New_York
Fetching coordinates for case number 2015.08.22.b.
Got coordinates for case number 2015.09.08. Lat: -33.370085, Long: 151.483108
Got coordinates for case number 2015.09.17. Lat: 30.284122, Long: -81.396134
Got coordinates for case number 2015.09.06. Lat: 34.040361, Long: -118.892139
Got coordinates for case number 2015.09.05. Lat: 34.062609, Long: -118.986632
Got timezone for case number 2015.09.24. Timezone: America/Los_Angeles
Fetching coordinates for case number 2015.08.22.a.
Got coordinates for case number 2015.09.04. Lat: -32.075844, Long: 152.490815
Got timezone for case number 2015.09.20.d. Timezone: America/New_York
Fetching coordinates for case number 2015.08.20.
Got coordinates for case number 2015.09.03. Lat: 33.695422, Long: -78.880209
Got timezone for case number 2015.09.20.c. Timezone: Pacific/Honolulu
Fetching coordinates for case number 2015.08.19.
Got timezone for case number 2015.09.20.b. Timezone: America/New_York
Fetching coordinates for case number 2015.08.18.b.
Got coordinates for case number 2015.08.29.b. Lat: 35.391847, Long: -120.866402
Got coordinates for case number 2015.08.29.a. Lat: 35.365944, Long: -120.849992
Got timezone for case number 2015.09.20.a. Timezone: America/New_York
Fetching coordinates for case number 2015.08.18.a.
Got coordinates for case number 2015.09.01. Lat: 7.843899, Long: 98.293619
Got timezone for case number 2015.09.18. Timezone: America/New_York
Fetching coordinates for case number 2015.08.10.
Got timezone for case number 2015.09.08. Timezone: Australia/Sydney
Fetching coordinates for case number 2015.07.31.
Got timezone for case number 2015.09.17. Timezone: America/New_York
Case number 2015.07.28 is missing important data.
Case number 2015.07.27 is missing important data.
Fetching coordinates for case number 2015.07.26.b.
Got coordinates for case number 2015.08.22.b. Lat: 28.320007, Long: -80.607551
Got timezone for case number 2015.09.06. Timezone: America/Los_Angeles
Fetching coordinates for case number 2015.07.26.a.
Got timezone for case number 2015.09.05. Timezone: America/Los_Angeles
Fetching coordinates for case number 2015.07.25.
Got timezone for case number 2015.09.04. Timezone: Australia/Sydney
Case number 2015.07.23.b is missing important data.
Case number 2015.07.23.a is missing important data.
Case number 2015.07.22 is missing important data.
Case number 2015.07.19 is missing important data.
Case number 2015.07-10 is missing time data.
Case number 2015.07.08 is missing important data.
Case number 2015.07.06 is missing important data.
Case number 2015.07.04.b is missing important data.
Case number 2015.07.04.a is missing time data.
Fetching coordinates for case number 2015.07.03.
Got coordinates for case number 2015.08.22.a. Lat: -28.872600, Long: 153.589925
Got timezone for case number 2015.09.03. Timezone: America/New_York
Fetching coordinates for case number 2015.07.02.
Got coordinates for case number 2015.08.20. Lat: 33.551002, Long: -79.041426
Got coordinates for case number 2015.08.19. Lat: 30.284122, Long: -81.396134
Got coordinates for case number 2015.08.18.b. Lat: 34.420827, Long: -119.698404
Got timezone for case number 2015.08.29.a. Timezone: America/Los_Angeles
Fetching coordinates for case number 2015.07.01.
Got timezone for case number 2015.08.29.b. Timezone: America/Los_Angeles
Case number 2015.06.30.b is missing important data.
Fetching coordinates for case number 2015.06.30.a.
Got timezone for case number 2015.09.01. Timezone: Asia/Bangkok
Fetching coordinates for case number 2015.06.27.b.
Got coordinates for case number 2015.08.10. Lat: 37.472954, Long: -120.742210
Got coordinates for case number 2015.08.18.a. Lat: 38.537264, Long: -0.140465
Got coordinates for case number 2015.07.26.b. Lat: 29.210815, Long: -81.022833
Got coordinates for case number 2015.07.31. Lat: -29.118889, Long: 153.431506
Got timezone for case number 2015.08.22.b. Timezone: America/New_York
Fetching coordinates for case number 2015.06.27.a.
Got coordinates for case number 2015.07.26.a. Lat: 32.479355, Long: -80.334823
Got coordinates for case number 2015.07.25. Lat: -42.642744, Long: 147.977618
Got coordinates for case number 2015.07.03. Lat: -28.793251, Long: 153.591107
Got timezone for case number 2015.08.22.a. Timezone: Australia/Sydney
Fetching coordinates for case number 2015.06.26.c.
Got coordinates for case number 2015.07.02. Lat: -28.844401, Long: 153.598643
Got timezone for case number 2015.08.20. Timezone: America/New_York
Fetching coordinates for case number 2015.06.26.b.
Got timezone for case number 2015.08.19. Timezone: America/New_York
Fetching coordinates for case number 2015.06.26.a.
Got timezone for case number 2015.08.18.b. Timezone: America/Los_Angeles
Case number 2015.06.25.R is missing important data.
Fetching coordinates for case number 2015.06.25.
Got timezone for case number 2015.08.10. Timezone: America/Los_Angeles
Fetching coordinates for case number 2015.06.24.b.
Got coordinates for case number 2015.07.01. Lat: 35.108284, Long: -75.953949
Got coordinates for case number 2015.06.27.b. Lat: 35.600383, Long: -75.465588
Got coordinates for case number 2015.06.30.a. Lat: 32.786886, Long: -79.785866
Got timezone for case number 2015.08.18.a. Timezone: Europe/Madrid
Fetching coordinates for case number 2015.06.24.a.
Got timezone for case number 2015.07.31. Timezone: Australia/Sydney
Case number 2015.06.23 is missing important data.
Case number 2015.06.19 is missing time data.
Fetching coordinates for case number 2015.06.17.
Got timezone for case number 2015.07.26.b. Timezone: America/New_York
Fetching coordinates for case number 2015.06.14.b.
Got coordinates for case number 2015.06.27.a. Lat: -34.085224, Long: 22.970757
Got timezone for case number 2015.07.25. Timezone: Australia/Hobart
Fetching coordinates for case number 2015.06.14.a.
Got timezone for case number 2015.07.26.a. Timezone: America/New_York
Case number 2015.06.13 is missing important data.
Fetching coordinates for case number 2015.06.11.
Got timezone for case number 2015.07.03. Timezone: Australia/Sydney
Fetching coordinates for case number 2015.06.07.
Got timezone for case number 2015.07.02. Timezone: Australia/Sydney
Case number 2015.06.05 is missing important data.
Fetching coordinates for case number 2015.06.01.
Got coordinates for case number 2015.06.26.c. Lat: 30.284122, Long: -81.396134
Got coordinates for case number 2015.06.26.b. Lat: -34.050641, Long: 23.377605
Got coordinates for case number 2015.06.25. Lat: 35.352185, Long: -75.510844
Got coordinates for case number 2015.06.26.a. Lat: 32.370768, Long: -80.437520
Got timezone for case number 2015.06.27.b. Timezone: America/New_York
Fetching coordinates for case number 2015.05.29.b.
Got coordinates for case number 2015.06.24.b. Lat: 34.427112, Long: -77.546081
Got timezone for case number 2015.07.01. Timezone: America/New_York
Fetching coordinates for case number 2015.05.29.a.
Got timezone for case number 2015.06.30.a. Timezone: America/New_York
Fetching coordinates for case number 2015.05.25.
Got coordinates for case number 2015.06.24.a. Lat: -34.961140, Long: 117.353032
Got coordinates for case number 2015.06.17. Lat: 29.176093, Long: -80.982832
Got coordinates for case number 2015.06.14.b. Lat: 33.920382, Long: -78.160820
Got timezone for case number 2015.06.27.a. Timezone: Africa/Johannesburg
Case number 2015.05.24 is missing important data.
Fetching coordinates for case number 2015.05.20.
Got coordinates for case number 2015.06.14.a. Lat: 33.920382, Long: -78.160820
Got coordinates for case number 2015.06.11. Lat: 33.887728, Long: -78.436447
Got coordinates for case number 2015.06.07. Lat: 28.337142, Long: -80.609485
Got coordinates for case number 2015.06.01. Lat: -20.934502, Long: 55.304323
Got timezone for case number 2015.06.25. Timezone: America/New_York
Fetching coordinates for case number 2015.05.15.
Got timezone for case number 2015.06.26.c. Timezone: America/New_York
Case number 2015.05.09 is missing important data.
Fetching coordinates for case number 2015.05.07.
Got timezone for case number 2015.06.26.a. Timezone: America/New_York
Fetching coordinates for case number 2015.05.03.
Got timezone for case number 2015.06.26.b. Timezone: Africa/Johannesburg
Fetching coordinates for case number 2015.05.02.
Got timezone for case number 2015.06.24.b. Timezone: America/New_York
Fetching coordinates for case number 2015.04.29.
Got coordinates for case number 2015.05.29.b. Lat: 28.320007, Long: -80.607551
Got coordinates for case number 2015.05.29.a. Lat: 29.025819, Long: -80.926998
Got coordinates for case number 2015.05.25. Lat: -14.943420, Long: -147.710131
Got timezone for case number 2015.06.24.a. Timezone: Australia/Perth
Fetching coordinates for case number 2015.04.26.
Got timezone for case number 2015.06.17. Timezone: America/New_York
Fetching coordinates for case number 2015.04.25.
Got timezone for case number 2015.06.14.b. Timezone: America/New_York
Fetching coordinates for case number 2015.04.24.c.
Got timezone for case number 2015.06.14.a. Timezone: America/New_York
Case number 2015.04.13 is missing important data.
Fetching coordinates for case number 2015.04.12.
Got timezone for case number 2015.06.11. Timezone: America/New_York
Fetching coordinates for case number 2015.04.11.
Got coordinates for case number 2015.05.20. Lat: 29.025819, Long: -80.926998
Got timezone for case number 2015.06.01. Timezone: Indian/Reunion
Case number 2015.04.03 is missing time data.
Case number 2015.03.29 is missing important data.
Fetching coordinates for case number 2015.03.31.
Got timezone for case number 2015.06.07. Timezone: America/New_York
Case number 2015.03.26 is missing important data.
Case number 2015.03.21 is missing important data.
Fetching coordinates for case number 2015.03.18.
Got coordinates for case number 2015.05.07. Lat: 28.320007, Long: -80.607551
Got coordinates for case number 2015.05.15. Lat: 32.762902, Long: -79.836247
Got coordinates for case number 2015.05.03. Lat: -32.010832, Long: 152.562899
Got coordinates for case number 2015.05.02. Lat: -31.624924, Long: 29.543629
Got timezone for case number 2015.05.29.b. Timezone: America/New_York
Fetching coordinates for case number 2015.03.16.
Got coordinates for case number 2015.04.29. Lat: 20.618084, Long: -156.437518
Got timezone for case number 2015.05.25. Timezone: Pacific/Tahiti
Case number 2015.03.11 is missing time data.
Fetching coordinates for case number 2015.03.10.
Got timezone for case number 2015.05.29.a. Timezone: America/New_York
Case number 2015.03.07 is missing important data.
Case number 2015.02.15 is missing important data.
Fetching coordinates for case number 2015.02.14.
Got coordinates for case number 2015.04.26. Lat: 25.935441, Long: -81.733186
Got coordinates for case number 2015.04.25. Lat: -34.861200, Long: 135.690668
Got coordinates for case number 2015.04.24.c. Lat: -28.633733, Long: 153.600346
Got coordinates for case number 2015.04.12. Lat: -21.036839, Long: 55.217055
Got coordinates for case number 2015.04.11. Lat: -35.804372, Long: 150.226363
Got timezone for case number 2015.05.20. Timezone: America/New_York
Fetching coordinates for case number 2015.02.09.
Got coordinates for case number 2015.03.18. Lat: 19.992285, Long: -155.825692
Got coordinates for case number 2015.03.31. Lat: -8.023005, Long: -34.854757
Got timezone for case number 2015.05.07. Timezone: America/New_York
Fetching coordinates for case number 2015.02.08.
Got timezone for case number 2015.05.15. Timezone: America/New_York
Case number 2015.02.05 is missing important data.
Fetching coordinates for case number 2015.01.30.
Got timezone for case number 2015.05.03. Timezone: Australia/Sydney
Fetching coordinates for case number 2015.01.27.
Got timezone for case number 2015.04.29. Timezone: Pacific/Honolulu
Case number 2015.01.24 is missing important data.
Case number 2015.01.23 is missing time data.
Case number 2015.01.19.b is missing important data.
Case number 2015.01.19.a is missing important data.
Fetching coordinates for case number 2015.01.17.
Got timezone for case number 2015.05.02. Timezone: Africa/Johannesburg
Case number 2015.01.16 is missing important data.
Case number 2015.01.08 is missing important data.
Fetching coordinates for case number 2015.01.06.
Got coordinates for case number 2015.03.16. Lat: -16.505016, Long: -151.722093
Got coordinates for case number 2015.03.10. Lat: 23.249415, Long: -106.411142
Got timezone for case number 2015.04.26. Timezone: America/New_York
Fetching coordinates for case number 2015.01.03.
Got coordinates for case number 2015.02.14. Lat: -21.265570, Long: 55.366793
Got timezone for case number 2015.04.25. Timezone: Australia/Adelaide
Case number 2015.01.01 is missing time data.
Case number 2014.12.29.b is missing time data.
Case number 2014.12.29.a is missing time data.
Case number 2014.12.28.d is missing important data.
Case number 2014.12.28.c is missing time data.
Fetching coordinates for case number 2014.12.28.b.
Got timezone for case number 2015.04.24.c. Timezone: Australia/Sydney
Case number 2014.12.28.a is missing time data.
Case number 2014.12.23.R is missing important data.
Fetching coordinates for case number 2014.12.15.
Got timezone for case number 2015.04.12. Timezone: Indian/Reunion
Fetching coordinates for case number 2014.12.03.R.
Got timezone for case number 2015.04.11. Timezone: Australia/Sydney
Fetching coordinates for case number 2014.11.29.
Got coordinates for case number 2015.02.09. Lat: -33.370085, Long: 151.483108
Got timezone for case number 2015.03.18. Timezone: Pacific/Honolulu
Case number 2014.11.20 is missing important data.
Case number 2014.11.19 is missing important data.
Case number 2014.11.17 is missing important data.
Fetching coordinates for case number 2014.11.16.
Got timezone for case number 2015.03.31. Timezone: America/Recife
Fetching coordinates for case number 2014.11.13.
Got coordinates for case number 2015.01.27. Lat: 20.882371, Long: -156.681620
Got coordinates for case number 2015.01.17. Lat: -33.051589, Long: 151.668051
Got coordinates for case number 2015.01.30. Lat: -27.986692, Long: 153.424270
Got coordinates for case number 2015.02.08. Lat: -28.761344, Long: 153.603512
Got timezone for case number 2015.03.16. Timezone: Pacific/Tahiti
Fetching coordinates for case number 2014.11.10.
Got coordinates for case number 2015.01.06. Lat: 26.500488, Long: -76.984603
Got timezone for case number 2015.03.10. Timezone: America/Mazatlan
Fetching coordinates for case number 2014.11.08.
Got timezone for case number 2015.02.14. Timezone: Indian/Reunion
Fetching coordinates for case number 2014.10.31.
Got coordinates for case number 2015.01.03. Lat: -32.823269, Long: 28.115194
Got coordinates for case number 2014.12.28.b. Lat: 35.257640, Long: -120.855637
Got coordinates for case number 2014.12.15. Lat: -16.196284, Long: 145.702316
Got coordinates for case number 2014.12.03.R. Lat: 36.748975, Long: -3.518036
Got timezone for case number 2015.02.09. Timezone: Australia/Sydney
Fetching coordinates for case number 2014.10.30.
Got coordinates for case number 2014.11.29. Lat: -32.603136, Long: 115.629928
Got coordinates for case number 2014.11.16. Lat: 28.148902, Long: -80.588386
Got timezone for case number 2015.01.27. Timezone: Pacific/Honolulu
Fetching coordinates for case number 2014.10.22.
Got timezone for case number 2015.01.17. Timezone: Australia/Sydney
Fetching coordinates for case number 2014.10.20.
Got coordinates for case number 2014.11.13. Lat: 20.867674, Long: -156.675613
Got timezone for case number 2015.01.30. Timezone: Australia/Brisbane
Case number 2014.10.19 is missing important data.
Fetching coordinates for case number 2014.10.18.
Got timezone for case number 2015.02.08. Timezone: Australia/Sydney
Fetching coordinates for case number 2014.10.17.
Got timezone for case number 2015.01.06. Timezone: America/Nassau
Case number 2014.10.14 is missing important data.
Fetching coordinates for case number 2014.10.12.
Got coordinates for case number 2014.11.10. Lat: -30.205254, Long: 153.151931
Got timezone for case number 2015.01.03. Timezone: Africa/Johannesburg
Fetching coordinates for case number 2014.10.11.
Got coordinates for case number 2014.11.08. Lat: 27.484277, Long: -80.305293
Got coordinates for case number 2014.10.31. Lat: 20.229289, Long: -155.798513
Got timezone for case number 2014.12.28.b. Timezone: America/Los_Angeles
Fetching coordinates for case number 2014.10.05.b.
Got timezone for case number 2014.12.15. Timezone: UTC
Case number 2014.10.07 is missing time data.
Fetching coordinates for case number 2014.10.05.a.
Got timezone for case number 2014.12.03.R. Timezone: Europe/Madrid
Fetching coordinates for case number 2014.10.03.b.
Got timezone for case number 2014.11.29. Timezone: Australia/Perth
Fetching coordinates for case number 2014.10.03.a.
Got coordinates for case number 2014.10.30. Lat: -31.992850, Long: 152.567723
Got timezone for case number 2014.11.16. Timezone: America/New_York
Fetching coordinates for case number 2014.10.02.b.
Got coordinates for case number 2014.10.20. Lat: 20.889302, Long: -156.472872
Got coordinates for case number 2014.10.22. Lat: 20.739941, Long: -156.454187
Got timezone for case number 2014.11.13. Timezone: Pacific/Honolulu
Fetching coordinates for case number 2014.10.02.a.
Got coordinates for case number 2014.10.18. Lat: 20.793228, Long: -156.511125
Got timezone for case number 2014.11.10. Timezone: Australia/Sydney
Fetching coordinates for case number 2014.09.21.
Got coordinates for case number 2014.10.17. Lat: -33.471984, Long: 151.427952
Got coordinates for case number 2014.10.12. Lat: 28.068350, Long: -80.560330
Got coordinates for case number 2014.10.11. Lat: -33.583320, Long: 115.099828
Got timezone for case number 2014.11.08. Timezone: America/New_York
Case number 2014.09.13.R is missing important data.
Fetching coordinates for case number 2014.09.13.
Got timezone for case number 2014.10.31. Timezone: Pacific/Honolulu
Fetching coordinates for case number 2014.09.09.
Got coordinates for case number 2014.10.05.b. Lat: 29.025819, Long: -80.926998
Got coordinates for case number 2014.10.05.a. Lat: 29.025819, Long: -80.926998
Got coordinates for case number 2014.10.03.b. Lat: 34.420827, Long: -119.698404
Got timezone for case number 2014.10.30. Timezone: Australia/Sydney
Fetching coordinates for case number 2014.09.06.
Got coordinates for case number 2014.10.03.a. Lat: 34.420827, Long: -119.698404
Got coordinates for case number 2014.10.02.b. Lat: 34.706944, Long: -120.600718
Got timezone for case number 2014.10.22. Timezone: Pacific/HonoluluGot timezone for case number 2014.10.20. Timezone: Pacific/Honolulu
Fetching coordinates for case number 2014.09.03.

Fetching coordinates for case number 2014.09.02.
Got coordinates for case number 2014.10.02.a. Lat: -33.830771, Long: 121.961854
Got timezone for case number 2014.10.18. Timezone: Pacific/Honolulu
Case number 2014.09.00 is missing important data.
Fetching coordinates for case number 2014.08.31.
Got coordinates for case number 2014.09.21. Lat: 29.025819, Long: -80.926998
Got timezone for case number 2014.10.11. Timezone: Australia/Perth
Case number 2014.08.29.b is missing important data.
Fetching coordinates for case number 2014.08.29.a.
Got timezone for case number 2014.10.17. Timezone: Australia/Sydney
Case number 2014.08.28 is missing important data.
Case number 2014.08.27.c is missing important data.
Case number 2014.08.27.b is missing important data.
Fetching coordinates for case number 2014.08.27.a.
Got timezone for case number 2014.10.12. Timezone: America/New_York
Case number 2014.08.25 is missing important data.
Case number 2014.08.24 is missing important data.
Case number 2014.08.16 is missing important data.
Fetching coordinates for case number 2014.08.12.
Got coordinates for case number 2014.09.13. Lat: 36.932189, Long: -121.863007
Got coordinates for case number 2014.09.09. Lat: -28.639691, Long: 153.627275
Got timezone for case number 2014.10.05.b. Timezone: America/New_York
Case number 2014.08.10 is missing important data.
Case number 2014.08.09.R is missing important data.
Fetching coordinates for case number 2014.08.09.
Got timezone for case number 2014.10.05.a. Timezone: America/New_York
Case number 2014.08.08 is missing time data.
Fetching coordinates for case number 2014.08.06.
Got timezone for case number 2014.10.03.b. Timezone: America/Los_Angeles
Case number 2014.08.05 is missing important data.
Case number 2014.08.02 is missing important data.
Fetching coordinates for case number 2014.08.02.
Got timezone for case number 2014.10.03.a. Timezone: America/Los_Angeles
Fetching coordinates for case number 2014.08.01.
Got timezone for case number 2014.10.02.b. Timezone: America/Los_Angeles
Case number 2014.08.00 is missing important data.
Case number 2014.07.27 is missing important data.
Case number 2014.07.22 is missing important data.
Case number 2014.07.21 is missing time data.
Case number 2014.07.20 is missing important data.
Fetching coordinates for case number 2014.07.16.
Got coordinates for case number 2014.09.03. Lat: 41.926771, Long: -70.538920
Got coordinates for case number 2014.09.06. Lat: 30.254257, Long: -88.112415
Got timezone for case number 2014.10.02.a. Timezone: Australia/Perth
Fetching coordinates for case number 2014.07.14.
Got coordinates for case number 2014.09.02. Lat: 27.205495, Long: -80.169406
Got coordinates for case number 2014.08.31. Lat: 29.025819, Long: -80.926998
Got timezone for case number 2014.09.21. Timezone: America/New_York
Case number 2014.07.13 is missing time data.
Case number 2014.07.12 is missing important data.
Fetching coordinates for case number 2014.07.09.
Got coordinates for case number 2014.08.29.a. Lat: 30.334408, Long: -81.398696
Got coordinates for case number 2014.08.27.a. Lat: 33.606003, Long: -78.973089
Got timezone for case number 2014.09.13. Timezone: America/Los_Angeles
Fetching coordinates for case number 2014.07.05.b.
Got coordinates for case number 2014.08.12. Lat: 29.677653, Long: -85.227650
Got timezone for case number 2014.09.09. Timezone: Australia/Sydney
Fetching coordinates for case number 2014.07.05.a.
Got coordinates for case number 2014.08.09. Lat: 28.337142, Long: -80.609485
Got coordinates for case number 2014.08.02. Lat: 28.266606, Long: -80.605643
Got coordinates for case number 2014.08.06. Lat: 32.654946, Long: -79.940532
Got coordinates for case number 2014.08.01. Lat: -34.089885, Long: 18.495859
Got timezone for case number 2014.09.03. Timezone: America/New_York
Fetching coordinates for case number 2014.07.03.
Got coordinates for case number 2014.07.16. Lat: 20.917386, Long: -156.383627
Got timezone for case number 2014.09.02. Timezone: America/New_York
Case number 2014.06.27.R is missing important data.
Case number 2014.06.25 is missing important data.
Fetching coordinates for case number 2014.06.18.b.
Got timezone for case number 2014.09.06. Timezone: America/Chicago
Fetching coordinates for case number 2014.06.18.a.
Got coordinates for case number 2014.07.14. Lat: 30.398014, Long: -86.597735
Got timezone for case number 2014.08.31. Timezone: America/New_York
Case number 2014.06.17.R is missing important data.
Case number 2014.06.09.c is missing important data.
Fetching coordinates for case number 2014.06.09.b.
Got coordinates for case number 2014.07.09. Lat: 29.025819, Long: -80.926998
Got timezone for case number 2014.08.29.a. Timezone: America/New_York
Fetching coordinates for case number 2014.06.09.a.
Got timezone for case number 2014.08.27.a. Timezone: America/New_York
Case number 2014.06.08 is missing time data.
Case number 2014.06.07 is missing time data.
Fetching coordinates for case number 2014.06.01.c.
Got timezone for case number 2014.08.12. Timezone: America/Chicago
Case number 2014.06.01.b is missing time data.
Case number 2014.06.01.a is missing important data.
Case number 2014.05.27.R is missing important data.
Case number 2014.05.23 is missing time data.
Case number 2014.05.22 is missing important data.
Fetching coordinates for case number 2014.05.15.
Got coordinates for case number 2014.07.05.b. Lat: 33.884736, Long: -118.410909
Got coordinates for case number 2014.07.05.a. Lat: 35.105511, Long: -120.630867
Got timezone for case number 2014.08.09. Timezone: America/New_York
Fetching coordinates for case number 2014.05.14.
Got timezone for case number 2014.08.02. Timezone: America/New_York
Fetching coordinates for case number 2014.05.13.
Got timezone for case number 2014.08.06. Timezone: America/New_York
Case number 2014.05.11 is missing important data.
Case number 2014.05.10.R is missing important data.
Fetching coordinates for case number 2014.05.06.
Got coordinates for case number 2014.07.03. Lat: 32.798653, Long: -79.758381
Got timezone for case number 2014.08.01. Timezone: Africa/Johannesburg
Case number 2014.05.04 is missing important data.
Fetching coordinates for case number 2014.05.01.
Got timezone for case number 2014.07.16. Timezone: Pacific/Honolulu
Case number 2014.04.24 is missing important data.
Fetching coordinates for case number 2014.04.22.
Got timezone for case number 2014.07.14. Timezone: America/Chicago
Fetching coordinates for case number 2014.04.15.
Got coordinates for case number 2014.06.18.b. Lat: -35.514280, Long: 138.708440
Got coordinates for case number 2014.06.18.a. Lat: -35.514280, Long: 138.708440
Got timezone for case number 2014.07.09. Timezone: America/New_York
Case number 2014.04.12.R is missing important data.
Case number 2014.04.12 is missing time data.
Fetching coordinates for case number 2014.04.04.b.
Got coordinates for case number 2014.06.09.b. Lat: 38.782041, Long: -75.103697
Got coordinates for case number 2014.06.09.a. Lat: -35.500000, Long: 138.500000
Got coordinates for case number 2014.06.01.c. Lat: 26.122439, Long: -80.137317
Got timezone for case number 2014.07.05.b. Timezone: America/Los_Angeles
Fetching coordinates for case number 2014.04.04.a.
Got coordinates for case number 2014.05.15. Lat: 28.048231, Long: -80.548256
Got timezone for case number 2014.07.05.a. Timezone: America/Los_Angeles
Fetching coordinates for case number 2014.04.03.
Got coordinates for case number 2014.05.14. Lat: -34.333333, Long: 135.750000
Got coordinates for case number 2014.05.13. Lat: 30.284122, Long: -81.396134
Got coordinates for case number 2014.05.06. Lat: 32.141562, Long: -80.751062
Got timezone for case number 2014.07.03. Timezone: America/New_York
Fetching coordinates for case number 2014.03.29.
Got coordinates for case number 2014.04.22. Lat: 28.320007, Long: -80.607551
Got timezone for case number 2014.06.18.b. Timezone: Australia/Adelaide
Fetching coordinates for case number 2014.03.22.b.
Got coordinates for case number 2014.05.01. Lat: 29.025819, Long: -80.926998
Got timezone for case number 2014.06.18.a. Timezone: Australia/Adelaide
Case number 2014.03.22.a is missing important data.
Case number 2014.03.21 is missing important data.
Case number 2014.03.18.c is missing important data.
Case number 2014.03.18.b is missing time data.
Fetching coordinates for case number 2014.03.18.
Got coordinates for case number 2014.04.15. Lat: 29.025819, Long: -80.926998
Got timezone for case number 2014.06.09.b. Timezone: America/New_York
Fetching coordinates for case number 2014.03.12.
Got timezone for case number 2014.06.09.a. Timezone: Australia/Adelaide
Case number 2014.03.13 is missing important data.
Case number 2014.03.02 is missing important data.
Fetching coordinates for case number 2014.02.20.
Got timezone for case number 2014.06.01.c. Timezone: America/New_York
Case number 2014.02.17 is missing important data.
Fetching coordinates for case number 2014.02.08.
Got timezone for case number 2014.05.15. Timezone: America/New_York
Case number 2014.02.07.b is missing important data.
Fetching coordinates for case number 2014.02.07.
Got coordinates for case number 2014.04.03. Lat: -36.729292, Long: 149.985937
Got coordinates for case number 2014.04.04.b. Lat: 29.025819, Long: -80.926998
Got coordinates for case number 2014.04.04.a. Lat: 29.025819, Long: -80.926998
Got timezone for case number 2014.05.14. Timezone: Australia/Adelaide
Case number 2014.01.26 is missing important data.
Case number 2014.01.25 is missing important data.
Case number 2014.01.04 is missing important data.
Case number 2014.00.00.b is missing important data.
Case number 2014.00.00 is missing important data.
Fetching coordinates for case number 2013.12.25.
Got timezone for case number 2014.05.13. Timezone: America/New_York
Fetching coordinates for case number 2013.12.16.
Got timezone for case number 2014.05.06. Timezone: America/New_York
Case number 2013.12.13 is missing important data.
Fetching coordinates for case number 2013.12.11.
Got coordinates for case number 2014.03.29. Lat: -32.606453, Long: 115.639522
Got timezone for case number 2014.04.22. Timezone: America/New_York
Fetching coordinates for case number 2013.12.10.
Got timezone for case number 2014.05.01. Timezone: America/New_York
Fetching coordinates for case number 2013.12.05.
Got coordinates for case number 2014.03.22.b. Lat: -31.640937, Long: 29.529920
Got timezone for case number 2014.04.15. Timezone: America/New_York
Fetching coordinates for case number 2013.12.02.
Got coordinates for case number 2014.03.12. Lat: -28.872600, Long: 153.589925
Got coordinates for case number 2014.03.18. Lat: -28.793251, Long: 153.591107
Got coordinates for case number 2014.02.20. Lat: -16.761301, Long: -151.443589
Got coordinates for case number 2014.02.08. Lat: -35.151534, Long: 137.685478
Got timezone for case number 2014.04.03. Timezone: Australia/Sydney
Fetching coordinates for case number 2013.11.30.
Got coordinates for case number 2014.02.07. Lat: -46.649147, Long: 169.117179
Got timezone for case number 2014.04.04.b. Timezone: America/New_York
Fetching coordinates for case number 2013.11.29.
Got timezone for case number 2014.04.04.a. Timezone: America/New_York
Fetching coordinates for case number 2013.11.23.a.
Got coordinates for case number 2013.12.25. Lat: -20.681637, Long: 164.974649
Got coordinates for case number 2013.12.16. Lat: -33.227792, Long: 21.856859
Got coordinates for case number 2013.12.11. Lat: 19.938241, Long: -155.168608
Got timezone for case number 2014.03.29. Timezone: Australia/Perth
Fetching coordinates for case number 2013.11.22.
Got timezone for case number 2014.03.22.b. Timezone: Africa/Johannesburg
Fetching coordinates for case number 2013.11.12.
Got coordinates for case number 2013.12.10. Lat: 28.320007, Long: -80.607551
Got coordinates for case number 2013.12.05. Lat: -31.458741, Long: 152.932724
Got timezone for case number 2014.03.12. Timezone: Australia/Sydney
Fetching coordinates for case number 2013.11.10.
Got coordinates for case number 2013.12.02. Lat: 20.630952, Long: -156.495416
Got timezone for case number 2014.03.18. Timezone: Australia/Sydney
Case number 2013.11.07.b is missing time data.
Case number 2013.11.07.a is missing important data.
Fetching coordinates for case number 2013.10.31.
Got timezone for case number 2014.02.20. Timezone: Pacific/Tahiti
Case number 2013.10.28 is missing time data.
Fetching coordinates for case number 2013.10.26.b.
Got timezone for case number 2014.02.08. Timezone: Australia/Adelaide
Fetching coordinates for case number 2013.10.26.a.
Got timezone for case number 2014.02.07. Timezone: Pacific/Auckland
Fetching coordinates for case number 2013.10.24.
Got coordinates for case number 2013.11.30. Lat: -30.237918, Long: 153.152176
Got coordinates for case number 2013.11.29. Lat: 20.703916, Long: -156.446324
Got coordinates for case number 2013.11.23.a. Lat: -33.865903, Long: 114.987171
Got timezone for case number 2013.12.16. Timezone: Africa/Johannesburg
Fetching coordinates for case number 2013.10.23.
Got timezone for case number 2013.12.25. Timezone: Pacific/Noumea
Fetching coordinates for case number 2013.10.20.
Got coordinates for case number 2013.11.22. Lat: 44.881415, Long: -124.034593
Got timezone for case number 2013.12.11. Timezone: Pacific/Honolulu
Case number 2013.10.19 is missing time data.
Fetching coordinates for case number 2013.10.11.
Got timezone for case number 2013.12.10. Timezone: America/New_York
Fetching coordinates for case number 2013.10.08.
Got timezone for case number 2013.12.05. Timezone: Australia/Sydney
Fetching coordinates for case number 2013.10.05.
Got timezone for case number 2013.12.02. Timezone: Pacific/Honolulu
Fetching coordinates for case number 2013.10.05.
Got coordinates for case number 2013.11.10. Lat: 24.931446, Long: -76.189966
Got coordinates for case number 2013.11.12. Lat: -31.875347, Long: 115.751556
Got coordinates for case number 2013.10.31. Lat: 20.902653, Long: -156.437522
Got coordinates for case number 2013.10.26.b. Lat: -21.265570, Long: 55.366793
Got coordinates for case number 2013.10.26.a. Lat: -31.812337, Long: 115.709115
Got timezone for case number 2013.11.30. Timezone: Australia/Sydney
Fetching coordinates for case number 2013.09.29.b.
Got timezone for case number 2013.11.29. Timezone: Pacific/Honolulu
Fetching coordinates for case number 2013.09.29.a.
Got coordinates for case number 2013.10.24. Lat: -33.709542, Long: 151.303383
Got timezone for case number 2013.11.23.a. Timezone: Australia/Perth
Fetching coordinates for case number 2013.09.25.
Got coordinates for case number 2013.10.23. Lat: 20.917585, Long: -156.497786
Got coordinates for case number 2013.10.20. Lat: 22.214722, Long: -159.365833
Got timezone for case number 2013.11.22. Timezone: America/Los_Angeles
Fetching coordinates for case number 2013.09.21.b.
Got coordinates for case number 2013.10.11. Lat: -34.032945, Long: 24.931328
Got coordinates for case number 2013.10.08. Lat: -33.883449, Long: 123.261626
Got coordinates for case number 2013.10.05. Lat: 40.719515, Long: -124.242601
Got timezone for case number 2013.11.10. Timezone: America/Nassau
Case number 2013.09.21.a is missing time data.
Fetching coordinates for case number 2013.09.14.
Got timezone for case number 2013.11.12. Timezone: Australia/Perth
Fetching coordinates for case number 2013.09.12.
Got coordinates for case number 2013.10.05. Lat: 30.393534, Long: -86.495783
Got timezone for case number 2013.10.31. Timezone: Pacific/Honolulu
Case number 2013.09.08 is missing important data.
Fetching coordinates for case number 2013.09.07.b.
Got timezone for case number 2013.10.26.b. Timezone: Indian/Reunion
Fetching coordinates for case number 2013.09.07.a.
Got timezone for case number 2013.10.26.a. Timezone: Australia/Perth
Fetching coordinates for case number 2013.09.02.
Got timezone for case number 2013.10.24. Timezone: Australia/Sydney
Case number 2013.09.01.c is missing important data.
Case number 2013.09.01.b is missing important data.
Fetching coordinates for case number 2013.09.01.a.
Got coordinates for case number 2013.09.29.b. Lat: 28.068350, Long: -80.560330
Got coordinates for case number 2013.09.29.a. Lat: 31.804381, Long: 34.655314
Got coordinates for case number 2013.09.25. Lat: 30.158813, Long: -85.660206
Got timezone for case number 2013.10.23. Timezone: Pacific/Honolulu
Case number 2013.08.31.b is missing important data.
Fetching coordinates for case number 2013.08.31.a.
Got timezone for case number 2013.10.20. Timezone: Pacific/Honolulu
Case number 2013.08.29 is missing important data.
Case number 2013.08.26 is missing important data.
Fetching coordinates for case number 2013.08.25.b.
Got coordinates for case number 2013.09.21.b. Lat: 29.285813, Long: -81.055889
Got timezone for case number 2013.10.11. Timezone: Africa/Johannesburg
Fetching coordinates for case number 2013.08.25.
Got timezone for case number 2013.10.08. Timezone: Australia/Perth
Fetching coordinates for case number 2013.08.18.
Got timezone for case number 2013.10.05. Timezone: America/Los_Angeles
Fetching coordinates for case number 2013.08.17.
Got timezone for case number 2013.10.05. Timezone: America/Chicago
Fetching coordinates for case number 2013.08.14.
Got coordinates for case number 2013.09.14. Lat: 30.332493, Long: -87.142379
Got coordinates for case number 2013.09.12. Lat: 29.025819, Long: -80.926998
Got coordinates for case number 2013.09.07.b. Lat: 29.025819, Long: -80.926998
Got coordinates for case number 2013.09.02. Lat: 29.285813, Long: -81.055889
Got timezone for case number 2013.09.29.a. Timezone: Asia/Jerusalem
Fetching coordinates for case number 2013.08.13.
Got timezone for case number 2013.09.29.b. Timezone: America/New_York
Fetching coordinates for case number 2013.08.11.
Got coordinates for case number 2013.09.01.a. Lat: 29.844636, Long: -81.267416
Got timezone for case number 2013.09.25. Timezone: America/Chicago
Case number 2013.08.08.R is missing important data.
Fetching coordinates for case number 2013.08.05.
Got coordinates for case number 2013.08.31.a. Lat: 34.417622, Long: -119.649196
Got coordinates for case number 2013.08.25.b. Lat: 29.104710, Long: -80.941595
Got timezone for case number 2013.09.21.b. Timezone: America/New_York
Fetching coordinates for case number 2013.07.31.
Got coordinates for case number 2013.09.07.a. Lat: 29.025819, Long: -80.926998
Got coordinates for case number 2013.08.25. Lat: -31.253218, Long: 146.921099
Got coordinates for case number 2013.08.18. Lat: 19.460833, Long: -154.846944
Got timezone for case number 2013.09.12. Timezone: America/New_York
Case number 2013.07.30 is missing important data.
Fetching coordinates for case number 2013.07.29.c.
Got timezone for case number 2013.09.14. Timezone: America/Chicago
Case number 2013.07.29.b is missing important data.
Fetching coordinates for case number 2013.07.29.a.
Got coordinates for case number 2013.08.14. Lat: 20.798363, Long: -156.331925
Got coordinates for case number 2013.08.17. Lat: 37.503030, Long: -122.482276
Got timezone for case number 2013.09.07.b. Timezone: America/New_York
Fetching coordinates for case number 2013.07.28.b.
Got timezone for case number 2013.09.02. Timezone: America/New_York
Fetching coordinates for case number 2013.07.28.a.
Got coordinates for case number 2013.08.13. Lat: 20.898574, Long: -156.447371
Got coordinates for case number 2013.08.11. Lat: 32.654946, Long: -79.940532
Got timezone for case number 2013.09.01.a. Timezone: America/New_York
Fetching coordinates for case number 2013.07.22.
Got timezone for case number 2013.08.31.a. Timezone: America/Los_Angeles
Fetching coordinates for case number 2013.07.19.
Got coordinates for case number 2013.08.05. Lat: 26.443397, Long: -82.111512
Got timezone for case number 2013.08.25.b. Timezone: America/New_York
Case number 2013.07.17.R is missing important data.
Fetching coordinates for case number 2013.07.15.
Got timezone for case number 2013.09.07.a. Timezone: America/New_York
Case number 2013.07.14 is missing important data.
Fetching coordinates for case number 2013.07.11.
Got coordinates for case number 2013.07.31. Lat: 20.690343, Long: -156.443617
Got timezone for case number 2013.08.25. Timezone: Australia/Sydney
Case number 2013.07.09 is missing important data.
Case number 2013.07.02 is missing important data.
Case number 2013.06.30 is missing important data.
Case number 2013.06.27 is missing important data.
Fetching coordinates for case number 2013.06.25.c.
Got timezone for case number 2013.08.18. Timezone: Pacific/Honolulu
Case number 2013.06.25.b is missing important data.
Fetching coordinates for case number 2013.06.25.a.
Got coordinates for case number 2013.07.29.a. Lat: 21.303528, Long: -158.045228
Got coordinates for case number 2013.07.29.c. Lat: 26.645810, Long: -77.075154
Got timezone for case number 2013.08.14. Timezone: Pacific/Honolulu
Fetching coordinates for case number 2013.06.18.
Got timezone for case number 2013.08.17. Timezone: America/Los_Angeles
Fetching coordinates for case number 2013.06.17.
Got coordinates for case number 2013.07.28.b. Lat: 24.266100, Long: -76.517029
Got timezone for case number 2013.08.13. Timezone: Pacific/Honolulu
Case number 2013.06.16 is missing time data.
Case number 2013.06.15 is missing important data.
Case number 2013.06.14.R is missing time data.
Case number 2013.06.06.b is missing important data.
Fetching coordinates for case number 2013.06.06.a.
Got timezone for case number 2013.08.11. Timezone: America/New_York
Case number 2013.05.27.b is missing important data.
Case number 2013.05.27.a is missing time data.
Case number 2013.05.23.b is missing important data.
Case number 2013.05.23.a is missing time data.
Fetching coordinates for case number 2013.05.14.
Got coordinates for case number 2013.07.28.a. Lat: 26.355503, Long: -77.148516
Got timezone for case number 2013.08.05. Timezone: America/New_York
Case number 2013.05.08.b is missing important data.
Fetching coordinates for case number 2013.05.08.a.
Got coordinates for case number 2013.07.19. Lat: 30.246036, Long: -87.700819
Got coordinates for case number 2013.07.22. Lat: -8.118070, Long: -34.893239
Got timezone for case number 2013.07.31. Timezone: Pacific/Honolulu
Fetching coordinates for case number 2013.05.04.a.
Got coordinates for case number 2013.07.15. Lat: -21.014809, Long: 55.260280
Got coordinates for case number 2013.07.11. Lat: 33.913921, Long: -78.269388
Got coordinates for case number 2013.06.25.c. Lat: 37.433734, Long: -122.401419
Got timezone for case number 2013.07.29.a. Timezone: Pacific/Honolulu
Case number 2013.04.28 is missing important data.
Fetching coordinates for case number 2013.04.24.
Got coordinates for case number 2013.06.25.a. Lat: 32.610684, Long: -80.051085
Got timezone for case number 2013.07.29.c. Timezone: America/Nassau
Fetching coordinates for case number 2013.04.21.
Got coordinates for case number 2013.06.18. Lat: 19.781445, Long: -156.041654
Got coordinates for case number 2013.06.17. Lat: 28.951660, Long: -95.287547
Got timezone for case number 2013.07.28.b. Timezone: America/Nassau
Fetching coordinates for case number 2013.04.17.
Got coordinates for case number 2013.06.06.a. Lat: -35.071228, Long: 150.782996
Got timezone for case number 2013.07.28.a. Timezone: America/Nassau
Case number 2013.04.14 is missing important data.
Fetching coordinates for case number 2013.04.13.b.
Got coordinates for case number 2013.05.14. Lat: -0.639359, Long: -90.337189
Got timezone for case number 2013.07.19. Timezone: America/Chicago
Case number 2013.04.13.a is missing important data.
Fetching coordinates for case number 2013.04.10.
Got timezone for case number 2013.07.22. Timezone: America/Recife
Case number 2013.04.04 is missing important data.
Case number 2013.04.02.R is missing important data.
Fetching coordinates for case number 2013.04.02.a.
Got coordinates for case number 2013.05.08.a. Lat: -21.057122, Long: 55.222295
Got timezone for case number 2013.07.11. Timezone: America/New_York
Case number 2013.03.31 is missing important data.
Case number 2013.03.29 is missing important data.
Case number 2013.03.21.R is missing important data.
Case number 2013.03.21 is missing important data.
Fetching coordinates for case number 2013.03.16.b.
Got timezone for case number 2013.07.15. Timezone: Indian/Reunion
Case number 2013.03.16.a is missing important data.
Fetching coordinates for case number 2013.03.12.
Got coordinates for case number 2013.05.04.a. Lat: 28.068350, Long: -80.560330
Got timezone for case number 2013.06.25.c. Timezone: America/Los_Angeles
Fetching coordinates for case number 2013.03.10.b.
Got timezone for case number 2013.06.25.a. Timezone: America/New_York
Case number 2013.03.10.a is missing important data.
Case number 2013.03.03 is missing important data.
Fetching coordinates for case number 2013.02.27.
Got coordinates for case number 2013.04.21. Lat: -31.840179, Long: 152.750845
Got coordinates for case number 2013.04.24. Lat: 21.161908, Long: -86.851528
Got timezone for case number 2013.06.17. Timezone: America/Chicago
Fetching coordinates for case number 2013.02.21.b.
Got timezone for case number 2013.06.18. Timezone: Pacific/Honolulu
Fetching coordinates for case number 2013.02.21.a.
Got timezone for case number 2013.06.06.a. Timezone: Australia/Sydney
Fetching coordinates for case number 2013.02.10.
Got coordinates for case number 2013.04.17. Lat: 26.531787, Long: -80.090547
Got coordinates for case number 2013.04.13.b. Lat: 29.025819, Long: -80.926998
Got timezone for case number 2013.05.14. Timezone: Pacific/Galapagos
Fetching coordinates for case number 2013.02.09.
Got coordinates for case number 2013.04.10. Lat: -16.310318, Long: -145.624559
Got timezone for case number 2013.05.04.a. Timezone: America/New_York
Case number 2013.02.01 is missing important data.
Case number 2013.01.26 is missing important data.
Case number 2013.01.25 is missing important data.
Case number 2013.01.21.R is missing important data.
Fetching coordinates for case number 2013.01.16.
Got timezone for case number 2013.05.08.a. Timezone: Indian/Reunion
Case number 2013.01.13 is missing important data.
Fetching coordinates for case number 2013.01.05.
Got coordinates for case number 2013.04.02.a. Lat: 20.935898, Long: -156.690054
Got coordinates for case number 2013.03.16.b. Lat: -33.649634, Long: 19.387619
Got coordinates for case number 2013.03.12. Lat: 18.036413, Long: -77.056446
Got timezone for case number 2013.04.24. Timezone: America/Cancun
Fetching coordinates for case number 2012.12.31.
Got timezone for case number 2013.04.21. Timezone: Australia/Sydney
Fetching coordinates for case number 2012.12.30.
Got coordinates for case number 2013.02.27. Lat: -36.821126, Long: 174.443773
Got coordinates for case number 2013.03.10.b. Lat: -28.802525, Long: 114.618551
Got coordinates for case number 2013.02.21.a. Lat: 20.917386, Long: -156.383627
Got coordinates for case number 2013.02.21.b. Lat: 20.935898, Long: -156.690054
Got timezone for case number 2013.04.17. Timezone: America/New_York
Fetching coordinates for case number 2012.12.28.
Got coordinates for case number 2013.02.10. Lat: 27.197548, Long: -80.252826
Got timezone for case number 2013.04.13.b. Timezone: America/New_York
Case number 2012.12.25 is missing important data.
Case number 2012.12.19 is missing time data.
Fetching coordinates for case number 2012.12.05.
Got coordinates for case number 2013.02.09. Lat: -16.500413, Long: -151.741490
Got timezone for case number 2013.04.10. Timezone: UTC
Fetching coordinates for case number 2012.12.02.
Got timezone for case number 2013.04.02.a. Timezone: Pacific/Honolulu
Case number 2012.12.00 is missing important data.
Fetching coordinates for case number 2012.11.30.
Got timezone for case number 2013.03.16.b. Timezone: Africa/Johannesburg
Fetching coordinates for case number 2012.11.27.
Got coordinates for case number 2013.01.16. Lat: 19.859497, Long: -155.933134
Got coordinates for case number 2013.01.05. Lat: -20.385357, Long: 116.876310
Got timezone for case number 2013.03.12. Timezone: America/Jamaica
Fetching coordinates for case number 2012.11.22.
Got timezone for case number 2013.02.27. Timezone: Pacific/Auckland
Fetching coordinates for case number 2012.11.19.
Got coordinates for case number 2012.12.30. Lat: -34.042401, Long: 150.823073
Got coordinates for case number 2012.12.31. Lat: 27.254491, Long: -80.229770
Got timezone for case number 2013.03.10.b. Timezone: Australia/Perth
Fetching coordinates for case number 2012.11.04.b.
Got timezone for case number 2013.02.21.a. Timezone: Pacific/Honolulu
Fetching coordinates for case number 2012.11.04.a.
Got timezone for case number 2013.02.21.b. Timezone: Pacific/Honolulu
Fetching coordinates for case number 2012.10.30.
Got timezone for case number 2013.02.10. Timezone: America/New_York
Fetching coordinates for case number 2012.10.27.
Got coordinates for case number 2012.12.28. Lat: -31.719284, Long: 152.792322
Got timezone for case number 2013.02.09. Timezone: Pacific/Tahiti
Fetching coordinates for case number 2012.10.23.
Got coordinates for case number 2012.12.05. Lat: 22.096440, Long: -159.526124
Got coordinates for case number 2012.12.02. Lat: -31.253218, Long: 146.921099
Got timezone for case number 2013.01.16. Timezone: Pacific/Honolulu
Case number 2012.10.19 is missing important data.
Fetching coordinates for case number 2012.10.18.b.
Got coordinates for case number 2012.11.27. Lat: -26.681822, Long: 153.119030
Got timezone for case number 2013.01.05. Timezone: Australia/Perth
Fetching coordinates for case number 2012.10.18.a.
Got coordinates for case number 2012.11.30. Lat: 20.739941, Long: -156.454187
Got coordinates for case number 2012.11.22. Lat: 24.648759, Long: -107.985777
Got timezone for case number 2012.12.30. Timezone: Australia/Sydney
Fetching coordinates for case number 2012.10.16.
Got timezone for case number 2012.12.31. Timezone: America/New_York
Case number 2012.10.11.R is missing important data.
Fetching coordinates for case number 2012.10.07.
Got coordinates for case number 2012.11.19. Lat: 28.068350, Long: -80.560330
Got coordinates for case number 2012.11.04.b. Lat: 20.653797, Long: -156.441013
Got coordinates for case number 2012.11.04.a. Lat: 21.969268, Long: -159.716359
Got coordinates for case number 2012.10.30. Lat: 40.719515, Long: -124.242601
Got timezone for case number 2012.12.02. Timezone: Australia/Sydney
Fetching coordinates for case number 2012.10.02.
Got timezone for case number 2012.12.28. Timezone: Australia/Sydney
Fetching coordinates for case number 2012.09.25.
Got timezone for case number 2012.12.05. Timezone: Pacific/Honolulu
Case number 2012.09.24 is missing time data.
Fetching coordinates for case number 2012.09.16.
Got coordinates for case number 2012.10.27. Lat: 20.653797, Long: -156.441013
Got coordinates for case number 2012.10.18.b. Lat: 29.096373, Long: -80.936998
Got coordinates for case number 2012.10.23. Lat: 34.684427, Long: -120.603503
Got timezone for case number 2012.11.27. Timezone: Australia/Brisbane
Case number 2012.09.10 is missing important data.
Fetching coordinates for case number 2012.09.09.
Got timezone for case number 2012.11.30. Timezone: Pacific/Honolulu
Fetching coordinates for case number 2012.09.08.b.
Got timezone for case number 2012.11.22. Timezone: America/Mazatlan
Case number 2012.09.08.a is missing time data.
Case number 2012.09.06.b is missing time data.
Fetching coordinates for case number 2012.09.06.a.
Got coordinates for case number 2012.10.18.a. Lat: 20.902653, Long: -156.437522
Got coordinates for case number 2012.10.16. Lat: 27.059498, Long: -80.136432
Got timezone for case number 2012.11.19. Timezone: America/New_York
Fetching coordinates for case number 2012.09.04.
Got coordinates for case number 2012.10.07. Lat: 37.026032, Long: -122.215895
Got timezone for case number 2012.11.04.a. Timezone: Pacific/Honolulu
Fetching coordinates for case number 2012.09.02.b.
Got timezone for case number 2012.11.04.b. Timezone: Pacific/Honolulu
Fetching coordinates for case number 2012.09.02.b.
Got timezone for case number 2012.10.30. Timezone: America/Los_Angeles
Fetching coordinates for case number 2012.09.02.a.
Got coordinates for case number 2012.09.25. Lat: 28.068350, Long: -80.560330
Got coordinates for case number 2012.10.02. Lat: -31.781804, Long: 115.738398
Got timezone for case number 2012.10.27. Timezone: Pacific/Honolulu
Case number 2012.08.31 is missing important data.
Fetching coordinates for case number 2012.08.28.
Got coordinates for case number 2012.09.16. Lat: 28.320007, Long: -80.607551
Got timezone for case number 2012.10.18.b. Timezone: America/New_York
Case number 2012.08.26 is missing time data.
Case number 2012.08.15 is missing important data.
Fetching coordinates for case number 2012.08.11.
Got timezone for case number 2012.10.23. Timezone: America/Los_Angeles
Case number 2012.08.09 is missing time data.
Case number 2012.08.05 is missing important data.
Case number 2012.08.04 is missing important data.
Fetching coordinates for case number 2012.07.31.b.
Got coordinates for case number 2012.09.09. Lat: 29.025819, Long: -80.926998
Got coordinates for case number 2012.09.08.b. Lat: 28.337142, Long: -80.609485
Got timezone for case number 2012.10.18.a. Timezone: Pacific/Honolulu
Fetching coordinates for case number 2012.07.31.a.
Got coordinates for case number 2012.09.06.a. Lat: 29.844636, Long: -81.267416
Got timezone for case number 2012.10.16. Timezone: America/New_York
Fetching coordinates for case number 2012.07.30.b.
Got timezone for case number 2012.10.07. Timezone: America/Los_Angeles
Fetching coordinates for case number 2012.07.30.a.
Got coordinates for case number 2012.09.04. Lat: 28.068350, Long: -80.560330
Got coordinates for case number 2012.09.02.b. Lat: 20.910472, Long: -156.405069
Got coordinates for case number 2012.09.02.a. Lat: 29.025819, Long: -80.926998
Got coordinates for case number 2012.09.02.b. Lat: 29.025819, Long: -80.926998
Got timezone for case number 2012.10.02. Timezone: Australia/Perth
Fetching coordinates for case number 2012.07.24.
Got timezone for case number 2012.09.25. Timezone: America/New_York
Case number 2012.07.23 is missing important data.
Case number 2012.07.21 is missing important data.
Case number 2012.07.19 is missing important data.
Fetching coordinates for case number 2012.07.14.
Got coordinates for case number 2012.08.28. Lat: -27.672817, Long: 121.628310
Got timezone for case number 2012.09.16. Timezone: America/New_York
Fetching coordinates for case number 2012.07.08.
Got timezone for case number 2012.09.09. Timezone: America/New_York
Case number 2012.07.07.c is missing important data.
Fetching coordinates for case number 2012.07.07.b.
Got coordinates for case number 2012.07.31.b. Lat: 34.091945, Long: -118.602132
Got coordinates for case number 2012.08.11. Lat: -31.764160, Long: 115.740315
Got timezone for case number 2012.09.08.b. Timezone: America/New_York
Fetching coordinates for case number 2012.07.07.a.
Got timezone for case number 2012.09.06.a. Timezone: America/New_York
Fetching coordinates for case number 2012.07.06.
Got coordinates for case number 2012.07.31.a. Lat: -32.794714, Long: 134.218094
Got coordinates for case number 2012.07.30.b. Lat: 21.892500, Long: -159.416944
Got timezone for case number 2012.09.04. Timezone: America/New_York
Case number 2012.06.28.R is missing important data.
Fetching coordinates for case number 2012.06.26.c.
Got coordinates for case number 2012.07.30.a. Lat: 42.000659, Long: -70.020301
Got timezone for case number 2012.09.02.b. Timezone: Pacific/Honolulu
Fetching coordinates for case number 2012.06.26.b.
Got timezone for case number 2012.09.02.b. Timezone: America/New_York
Fetching coordinates for case number 2012.06.26.a.
Got timezone for case number 2012.09.02.a. Timezone: America/New_York
Case number 2012.06.22.b is missing important data.
Fetching coordinates for case number 2012.06.22.a.
Got timezone for case number 2012.08.28. Timezone: Australia/Perth
Fetching coordinates for case number 2012.06.20.
Got coordinates for case number 2012.07.24. Lat: 33.887728, Long: -78.436447
Got timezone for case number 2012.08.11. Timezone: Australia/Perth
Case number 2012.06.19 is missing important data.
Fetching coordinates for case number 2012.06.18.
Got coordinates for case number 2012.07.08. Lat: 34.490167, Long: -77.431630
Got coordinates for case number 2012.07.14. Lat: -30.827789, Long: 115.187990
Got coordinates for case number 2012.07.07.b. Lat: -38.272733, Long: 144.613446
Got timezone for case number 2012.07.31.b. Timezone: America/Los_Angeles
Fetching coordinates for case number 2012.06.15.
Got coordinates for case number 2012.07.06. Lat: -34.430124, Long: 21.335400
Got timezone for case number 2012.07.31.a. Timezone: Australia/Adelaide
Case number 2012.06.14.d is missing time data.
Case number 2012.06.14.c is missing time data.
Case number 2012.06.14.b is missing time data.
Fetching coordinates for case number 2012.06.14.a.
Got timezone for case number 2012.07.30.b. Timezone: Pacific/Honolulu
Case number 2012.06.12 is missing time data.
Case number 2012.06.10 is missing time data.
Fetching coordinates for case number 2012.06.03.
Got coordinates for case number 2012.07.07.a. Lat: 36.963513, Long: -121.964898
Got timezone for case number 2012.07.30.a. Timezone: America/New_York
Case number 2012.06.02.b is missing important data.
Fetching coordinates for case number 2012.06.02.a.
Got coordinates for case number 2012.06.26.c. Lat: 26.879782, Long: -80.053374
Got coordinates for case number 2012.06.26.b. Lat: 29.025819, Long: -80.926998
Got coordinates for case number 2012.06.26.a. Lat: 20.976667, Long: -156.682500
Got coordinates for case number 2012.06.22.a. Lat: 27.186880, Long: -80.160734
Got timezone for case number 2012.07.24. Timezone: America/New_York
Fetching coordinates for case number 2012.05.31.
Got coordinates for case number 2012.06.20. Lat: -31.781804, Long: 115.738398
Got timezone for case number 2012.07.08. Timezone: America/New_York
Fetching coordinates for case number 2012.05.29.
Got coordinates for case number 2012.06.18. Lat: 33.887728, Long: -78.436447
Got timezone for case number 2012.07.07.b. Timezone: Australia/Melbourne
Fetching coordinates for case number 2012.05.23.
Got timezone for case number 2012.07.14. Timezone: Australia/Perth
Case number 2012.05.20 is missing time data.
Case number 2012.05.16 is missing important data.
Fetching coordinates for case number 2012.05.12.
Got coordinates for case number 2012.06.15. Lat: 24.661336, Long: -81.444850
Got timezone for case number 2012.07.06. Timezone: Africa/Johannesburg
Fetching coordinates for case number 2012.05.09.
Got timezone for case number 2012.07.07.a. Timezone: America/Los_Angeles
Fetching coordinates for case number 2012.05.06.
Got coordinates for case number 2012.06.03. Lat: -33.020480, Long: 151.709151
Got coordinates for case number 2012.06.14.a. Lat: 33.695422, Long: -78.880209
Got timezone for case number 2012.06.26.c. Timezone: America/New_York
Fetching coordinates for case number 2012.04.19.b.
Got timezone for case number 2012.06.26.b. Timezone: America/New_York
Fetching coordinates for case number 2012.04.19.a.
Got timezone for case number 2012.06.26.a. Timezone: Pacific/Honolulu
Case number 2012.04.11 is missing important data.
Fetching coordinates for case number 2012.04.03.
Got timezone for case number 2012.06.22.a. Timezone: America/New_York
Case number 2012.04.00 is missing important data.
Fetching coordinates for case number 2012.03.31.
Got coordinates for case number 2012.06.02.a. Lat: 33.695422, Long: -78.880209
Got timezone for case number 2012.06.20. Timezone: Australia/Perth
Fetching coordinates for case number 2012.03.24.
Got coordinates for case number 2012.05.31. Lat: 35.352185, Long: -75.510844
Got timezone for case number 2012.06.18. Timezone: America/New_York
Fetching coordinates for case number 2012.03.22.
Got coordinates for case number 2012.05.29. Lat: 17.985507, Long: -101.806107
Got coordinates for case number 2012.05.23. Lat: 30.332184, Long: -81.655651
Got coordinates for case number 2012.05.12. Lat: 35.583850, Long: -121.121420
Got timezone for case number 2012.06.15. Timezone: America/New_York
Fetching coordinates for case number 2012.03.20.
Got coordinates for case number 2012.05.09. Lat: 27.638643, Long: -80.397274
Got timezone for case number 2012.06.03. Timezone: Australia/Sydney
Fetching coordinates for case number 2012.03.15.
Got timezone for case number 2012.06.14.a. Timezone: America/New_York
Fetching coordinates for case number 2012.03.14.b.
Got coordinates for case number 2012.05.06. Lat: 33.387886, Long: -118.416310
Got coordinates for case number 2012.04.19.b. Lat: 28.089460, Long: -80.565608
Got coordinates for case number 2012.04.19.a. Lat: -34.234341, Long: 18.849047
Got coordinates for case number 2012.04.03. Lat: 21.626944, Long: -158.083889
Got timezone for case number 2012.06.02.a. Timezone: America/New_York
Fetching coordinates for case number 2012.03.14.a.
Got coordinates for case number 2012.03.31. Lat: -33.441251, Long: 115.597483
Got timezone for case number 2012.05.31. Timezone: America/New_York
Fetching coordinates for case number 2012.03.06.b.
Got coordinates for case number 2012.03.22. Lat: -27.711219, Long: 114.166136
Got coordinates for case number 2012.03.24. Lat: 29.025819, Long: -80.926998
Got timezone for case number 2012.05.23. Timezone: America/New_York
Fetching coordinates for case number 2012.03.06.a.
Got timezone for case number 2012.05.29. Timezone: America/Mexico_City
Fetching coordinates for case number 2012.03.05.
Got timezone for case number 2012.05.12. Timezone: America/Los_Angeles
Fetching coordinates for case number 2012.03.04.
Got timezone for case number 2012.05.09. Timezone: America/New_York
Case number 2012.03.03 is missing important data.
Case number 2012.03.01 is missing important data.
Fetching coordinates for case number 2012.02.26.
Got coordinates for case number 2012.03.20. Lat: -28.053434, Long: 153.441042
Got coordinates for case number 2012.03.15. Lat: 27.254491, Long: -80.229770
Got timezone for case number 2012.05.06. Timezone: America/Los_Angeles
Fetching coordinates for case number 2012.02.25.
Got timezone for case number 2012.04.19.b. Timezone: America/New_York
Case number 2012.02.20 is missing important data.
Fetching coordinates for case number 2012.02.06.
Got timezone for case number 2012.04.19.a. Timezone: Africa/Johannesburg
Fetching coordinates for case number 2012.01.27.
Got coordinates for case number 2012.03.14.b. Lat: 29.025819, Long: -80.926998
Got timezone for case number 2012.04.03. Timezone: Pacific/Honolulu
Case number 2012.01.19 is missing time data.
Case number 2012.01.22.R is missing important data.
Case number 2012.01.18.b is missing important data.
Fetching coordinates for case number 2012.01.18.a.
Got coordinates for case number 2012.03.14.a. Lat: 29.025819, Long: -80.926998
Got timezone for case number 2012.03.31. Timezone: Australia/Perth
Fetching coordinates for case number 2012.01.15.
Got timezone for case number 2012.03.24. Timezone: America/New_York
Case number 2012.01.13 is missing important data.
Fetching coordinates for case number 2012.01.03.
Got timezone for case number 2012.03.22. Timezone: Australia/Perth
Fetching coordinates for case number 2012.01.02.
Got coordinates for case number 2012.03.06.b. Lat: -39.458986, Long: 173.867894
Got coordinates for case number 2012.03.06.a. Lat: -37.820627, Long: 144.958220
Got coordinates for case number 2012.03.05. Lat: -21.025029, Long: 55.705326
Got timezone for case number 2012.03.15. Timezone: America/New_York
Fetching coordinates for case number 2011.12.31.
Got coordinates for case number 2012.03.04. Lat: 28.655518, Long: -80.631829
Got timezone for case number 2012.03.20. Timezone: Australia/Brisbane
Case number 2011.12.26.R is missing time data.
Fetching coordinates for case number 2011.12.25.
Got coordinates for case number 2012.02.26. Lat: 26.772285, Long: -80.037263
Got coordinates for case number 2012.02.25. Lat: -32.615786, Long: 152.313983
Got coordinates for case number 2012.02.06. Lat: -26.759381, Long: 153.125184
Got timezone for case number 2012.03.14.b. Timezone: America/New_York
Fetching coordinates for case number 2011.12.23.
Got coordinates for case number 2012.01.18.a. Lat: -33.020480, Long: 151.709151
Got timezone for case number 2012.03.14.a. Timezone: America/New_York
Case number 2011.12.21.b is missing important data.
Case number 2011.12.21.a is missing time data.
Fetching coordinates for case number 2011.12.11.
Got coordinates for case number 2012.01.27. Lat: 20.816598, Long: -156.927319
Got coordinates for case number 2012.01.15. Lat: -31.640937, Long: 29.529920
Got timezone for case number 2012.03.06.b. Timezone: Pacific/Auckland
Case number 2011.12.07.b is missing important data.
Case number 2011.12.07.a is missing important data.
Fetching coordinates for case number 2011.12.06.
Got coordinates for case number 2012.01.03. Lat: -33.460802, Long: 151.437928
Got coordinates for case number 2012.01.02. Lat: -28.302061, Long: 153.519944
Got timezone for case number 2012.03.06.a. Timezone: Australia/Melbourne
Case number 2011.12.05 is missing important data.
Fetching coordinates for case number 2011.12.02.
Got timezone for case number 2012.03.05. Timezone: Indian/Reunion
Fetching coordinates for case number 2011.11.29.
Got coordinates for case number 2011.12.31. Lat: 26.934225, Long: -80.094209
Got timezone for case number 2012.03.04. Timezone: America/New_York
Case number 2011.11.28 is missing time data.
Case number 2011.11.22 is missing important data.
Case number 2011.11.20.R is missing important data.
Case number 2011.11.12 is missing important data.
Case number 2011.11.11 is missing time data.
Case number 2011.10.29. is missing important data.
Case number 2011.10.28.R is missing important data.
Case number 2011.10.28. is missing important data.
Fetching coordinates for case number 2011.10.22.
Got timezone for case number 2012.02.26. Timezone: America/New_York
Case number 2011.10.20 is missing important data.
Fetching coordinates for case number 2011.10.19.
Got coordinates for case number 2011.12.25. Lat: -2.156361, Long: -80.817056
Got timezone for case number 2012.02.25. Timezone: Australia/Sydney
Case number 2011.10.11 is missing important data.
Case number 2011.10.10 is missing important data.
Fetching coordinates for case number 2011.10.09.
Got timezone for case number 2012.02.06. Timezone: Australia/Brisbane
Fetching coordinates for case number 2011.10.05.
Got timezone for case number 2012.01.18.a. Timezone: Australia/Sydney
Case number 2011.10.02 is missing time data.
Case number 2011.10.01 is missing important data.
Fetching coordinates for case number 2011.09.30.
Got coordinates for case number 2011.12.23. Lat: 29.025819, Long: -80.926998
Got timezone for case number 2012.01.27. Timezone: Pacific/Honolulu
Case number 2011.09.28.b is missing important data.
Fetching coordinates for case number 2011.09.28.a.
Got coordinates for case number 2011.12.11. Lat: -29.479080, Long: 153.360011
Got timezone for case number 2012.01.15. Timezone: Africa/Johannesburg
Fetching coordinates for case number 2011.09.24.b.
Got timezone for case number 2012.01.03. Timezone: Australia/Sydney
Fetching coordinates for case number 2011.09.24.a.
Got timezone for case number 2012.01.02. Timezone: Australia/Sydney
Fetching coordinates for case number 2011.09.20.
Got coordinates for case number 2011.12.06. Lat: 45.993164, Long: -123.922639
Got coordinates for case number 2011.11.29. Lat: -8.537557, Long: 115.124692
Got coordinates for case number 2011.12.02. Lat: -28.710840, Long: 153.593611
Got timezone for case number 2011.12.31. Timezone: America/New_York
Fetching coordinates for case number 2011.09.19.
Got coordinates for case number 2011.10.22. Lat: -31.996503, Long: 115.539900
Got timezone for case number 2011.12.25. Timezone: America/Guayaquil
Case number 2011.09.17 is missing important data.
Fetching coordinates for case number 2011.09.16.
Got coordinates for case number 2011.10.19. Lat: -37.890226, Long: 144.984556
Got coordinates for case number 2011.10.09. Lat: -31.993862, Long: 115.751048
Got coordinates for case number 2011.10.05. Lat: -21.018889, Long: 55.235556
Got timezone for case number 2011.12.23. Timezone: America/New_York
Fetching coordinates for case number 2011.09.11.b.
Got coordinates for case number 2011.09.30. Lat: 18.490834, Long: -66.813545
Got timezone for case number 2011.12.11. Timezone: Australia/Sydney
Case number 2011.09.11.a is missing time data.
Fetching coordinates for case number 2011.09.04.b.
Got coordinates for case number 2011.09.28.a. Lat: -34.132414, Long: 18.439289
Got timezone for case number 2011.12.06. Timezone: America/Los_Angeles
Fetching coordinates for case number 2011.09.04.a.
Got coordinates for case number 2011.09.24.a. Lat: 33.816006, Long: -78.680016
Got coordinates for case number 2011.09.24.b. Lat: 27.504126, Long: -82.714481
Got coordinates for case number 2011.09.20. Lat: 22.096440, Long: -159.526124
Got timezone for case number 2011.11.29. Timezone: Asia/Makassar
Fetching coordinates for case number 2011.09.02.
Got timezone for case number 2011.12.02. Timezone: Australia/Sydney
Fetching coordinates for case number 2011.08.31.
Got coordinates for case number 2011.09.19. Lat: -21.027254, Long: 55.226481
Got timezone for case number 2011.10.22. Timezone: Australia/Perth
Fetching coordinates for case number 2011.08.28.b.
Got coordinates for case number 2011.09.16. Lat: 29.025819, Long: -80.926998
Got timezone for case number 2011.10.19. Timezone: Australia/Melbourne
Fetching coordinates for case number 2011.08.28.a.
Got timezone for case number 2011.10.09. Timezone: Australia/Perth
Case number 2011.08.26 is missing time data.
Case number 2011.08.24.b is missing important data.
Fetching coordinates for case number 2011.08.24.a.
Got timezone for case number 2011.10.05. Timezone: Indian/Reunion
Fetching coordinates for case number 2011.08.23.
Got timezone for case number 2011.09.30. Timezone: America/Puerto_Rico
Case number 2011.08.18 is missing important data.
Fetching coordinates for case number 2011.08.17.c..
Got coordinates for case number 2011.09.11.b. Lat: 40.806281, Long: -124.199173
Got timezone for case number 2011.09.28.a. Timezone: Africa/Johannesburg
Fetching coordinates for case number 2011.08.17.b..
Got coordinates for case number 2011.09.04.b. Lat: 21.438912, Long: -158.000056
Got timezone for case number 2011.09.20. Timezone: Pacific/Honolulu
Case number 2011.08.17.a is missing time data.
Fetching coordinates for case number 2011.08.16.c.
Got timezone for case number 2011.09.24.a. Timezone: America/New_York
Case number 2011.08.16.b is missing time data.
Fetching coordinates for case number 2011.08.16.a.
Got timezone for case number 2011.09.24.b. Timezone: America/New_York
Case number 2011.08.15 is missing important data.
Fetching coordinates for case number 2011.08.11.
Got coordinates for case number 2011.09.04.a. Lat: -33.542680, Long: 115.039185
Got timezone for case number 2011.09.19. Timezone: Indian/Reunion
Fetching coordinates for case number 2011.08.01.
Got coordinates for case number 2011.09.02. Lat: 29.025819, Long: -80.926998
Got coordinates for case number 2011.08.31. Lat: 29.768860, Long: -81.253679
Got timezone for case number 2011.09.16. Timezone: America/New_York
Case number 2011.07.31 is missing important data.
Case number 2011.07.30 is missing important data.
Case number 2011.07.25 is missing time data.
Fetching coordinates for case number 2011.07.22.
Got coordinates for case number 2011.08.28.b. Lat: -18.693286, Long: 146.519611
Got coordinates for case number 2011.08.28.a. Lat: 28.076126, Long: -96.963862
Got coordinates for case number 2011.08.24.a. Lat: 33.913921, Long: -78.269388
Got coordinates for case number 2011.08.23. Lat: -34.050641, Long: 23.377605
Got timezone for case number 2011.09.11.b. Timezone: America/Los_Angeles
Fetching coordinates for case number 2011.07.19.
Got coordinates for case number 2011.08.17.c.. Lat: 33.996840, Long: -77.907208
Got timezone for case number 2011.09.04.b. Timezone: Pacific/Honolulu
Fetching coordinates for case number 2011.07.15.
Got coordinates for case number 2011.08.17.b.. Lat: 34.208504, Long: -77.796371
Got timezone for case number 2011.09.04.a. Timezone: Australia/Perth
Fetching coordinates for case number 2011.07.13.b.
Got coordinates for case number 2011.08.16.a. Lat: -4.295681, Long: 55.704370
Got coordinates for case number 2011.08.16.c. Lat: -17.847078, Long: -149.267708
Got coordinates for case number 2011.08.11. Lat: 34.693773, Long: -76.666319
Got timezone for case number 2011.09.02. Timezone: America/New_York
Fetching coordinates for case number 2011.07.13.a.
Got timezone for case number 2011.08.31. Timezone: America/New_York
Fetching coordinates for case number 2011.07.07.b.
Got timezone for case number 2011.08.28.b. Timezone: Australia/Brisbane
Case number 2011.07.07.a is missing important data.
Fetching coordinates for case number 2011.07.06.
Got timezone for case number 2011.08.28.a. Timezone: America/Chicago
Fetching coordinates for case number 2011.07.05.
Got coordinates for case number 2011.07.22. Lat: -32.995139, Long: 27.832279
Got coordinates for case number 2011.08.01. Lat: -4.295681, Long: 55.704370
Got timezone for case number 2011.08.24.a. Timezone: America/New_York
Fetching coordinates for case number 2011.06.30.
Got timezone for case number 2011.08.23. Timezone: Africa/Johannesburg
Fetching coordinates for case number 2011.06.29.
Got timezone for case number 2011.08.17.c.. Timezone: America/New_York
Fetching coordinates for case number 2011.06.28.
Got coordinates for case number 2011.07.19. Lat: 35.114615, Long: -75.981010
Got timezone for case number 2011.08.17.b.. Timezone: America/New_York
Case number 2011.06.26 is missing time data.
Fetching coordinates for case number 2011.06.24.
Got coordinates for case number 2011.07.15. Lat: -21.057612, Long: 55.223100
Got timezone for case number 2011.08.16.c. Timezone: Pacific/Tahiti
Case number 2011.06.21 is missing time data.
Case number 2011.06.19.b is missing important data.
Fetching coordinates for case number 2011.06.19.a.
Got timezone for case number 2011.08.16.a. Timezone: Indian/Mahe
Fetching coordinates for case number 2011.06.15.
Got timezone for case number 2011.08.11. Timezone: America/New_York
Case number 2011.06.14.R is missing important data.
Fetching coordinates for case number 2011.06.12.
Got coordinates for case number 2011.07.13.b. Lat: 26.111840, Long: -97.168126
Got coordinates for case number 2011.07.07.b. Lat: 28.356684, Long: -96.402783
Got coordinates for case number 2011.07.13.a. Lat: 26.512794, Long: -78.639954
Got timezone for case number 2011.07.22. Timezone: Africa/Johannesburg
Case number 2011.06.06.R is missing important data.
Case number 2011.06.06.b is missing important data.
Fetching coordinates for case number 2011.06.06.a.
Got coordinates for case number 2011.07.06. Lat: -21.053639, Long: 55.223504
Got timezone for case number 2011.08.01. Timezone: Indian/Mahe
Case number 2011.06.01 is missing important data.
Fetching coordinates for case number 2011.05.30.
Got coordinates for case number 2011.07.05. Lat: 9.906260, Long: -75.585550
Got coordinates for case number 2011.06.30. Lat: 21.835738, Long: -71.813985
Got coordinates for case number 2011.06.29. Lat: -8.095159, Long: -34.882063
Got coordinates for case number 2011.06.28. Lat: -28.530554, Long: 30.895824
Got timezone for case number 2011.07.19. Timezone: America/New_York
Case number 2011.05.29 is missing important data.
Fetching coordinates for case number 2011.05.25.
Got timezone for case number 2011.07.15. Timezone: Indian/Reunion
Fetching coordinates for case number 2011.05.22.
Got coordinates for case number 2011.06.15. Lat: -21.027254, Long: 55.226481
Got coordinates for case number 2011.06.19.a. Lat: 10.332971, Long: -85.844785
Got coordinates for case number 2011.06.24. Lat: 33.372808, Long: -117.565601
Got timezone for case number 2011.07.13.b. Timezone: America/Chicago
Case number 2011.05.21.b is missing time data.
Fetching coordinates for case number 2011.05.13.b.
Got coordinates for case number 2011.06.12. Lat: 26.934225, Long: -80.094209
Got timezone for case number 2011.07.07.b. Timezone: America/Chicago
Fetching coordinates for case number 2011.05.21.a.
Got timezone for case number 2011.07.13.a. Timezone: America/Nassau
Fetching coordinates for case number 2011.05.13.a.
Got coordinates for case number 2011.05.30. Lat: 29.042466, Long: -95.169653
Got timezone for case number 2011.07.06. Timezone: Indian/Reunion
Case number 2011.05.10 is missing important data.
Case number 2011.05.07.R is missing important data.
Case number 2011.05.04 is missing important data.
Case number 2011.04.26 is missing important data.
Fetching coordinates for case number 2011.04.23.
Got coordinates for case number 2011.06.06.a. Lat: 29.025819, Long: -80.926998
Got timezone for case number 2011.07.05. Timezone: America/Bogota
Fetching coordinates for case number 2011.04.22.
Got timezone for case number 2011.06.30. Timezone: America/Grand_Turk
Case number 2011.04.16 is missing time data.
Case number 2011.04.12 is missing time data.
Case number 2011.04.08 is missing time data.
Case number 2011.03.29.R is missing important data.
Case number 2011.03.24 is missing important data.
Fetching coordinates for case number 2011.03.23.
Got timezone for case number 2011.06.29. Timezone: America/Recife
Case number 2011.03.21.b is missing important data.
Fetching coordinates for case number 2011.03.21.a.
Got timezone for case number 2011.06.28. Timezone: Africa/Johannesburg
Fetching coordinates for case number 2011.03.16.
Got coordinates for case number 2011.05.25. Lat: 19.641913, Long: -155.996226
Got timezone for case number 2011.06.19.a. Timezone: America/Costa_Rica
Case number 2011.03.10.R is missing important data.
Case number 2011.03.10 is missing important data.
Fetching coordinates for case number 2011.02.28.R.
Got timezone for case number 2011.06.15. Timezone: Indian/Reunion
Case number 2011.02.23 is missing time data.
Fetching coordinates for case number 2011.02.19.
Got timezone for case number 2011.06.24. Timezone: America/Los_Angeles
Fetching coordinates for case number 2011.02.17.
Got coordinates for case number 2011.05.13.b. Lat: 30.240006, Long: -81.385260
Got timezone for case number 2011.06.12. Timezone: America/New_York
Fetching coordinates for case number 2011.02.13.
Got coordinates for case number 2011.05.21.a. Lat: -20.888837, Long: 164.874104
Got coordinates for case number 2011.05.22. Lat: 19.641913, Long: -155.996226
Got coordinates for case number 2011.05.13.a. Lat: 29.285813, Long: -81.055889
Got timezone for case number 2011.05.30. Timezone: America/Chicago
Case number 2011.02.12 is missing time data.
Case number 2011.02.04.R is missing important data.
Case number 2011.02.02 is missing important data.
Fetching coordinates for case number 2011.01.31.
Got coordinates for case number 2011.04.23. Lat: -18.800000, Long: 126.466667
Got timezone for case number 2011.06.06.a. Timezone: America/New_York
Case number 2011.01.28 is missing important data.
Fetching coordinates for case number 2011.01.26.
Got coordinates for case number 2011.03.21.a. Lat: -17.713371, Long: 178.065032
Got coordinates for case number 2011.04.22. Lat: 29.025819, Long: -80.926998
Got coordinates for case number 2011.03.16. Lat: -32.679013, Long: 152.176276
Got coordinates for case number 2011.03.23. Lat: -31.840179, Long: 152.750845
Got timezone for case number 2011.05.25. Timezone: Pacific/Honolulu
Fetching coordinates for case number 2011.01.20.
Got coordinates for case number 2011.02.28.R. Lat: -22.575197, Long: 144.084793
Got timezone for case number 2011.05.13.b. Timezone: America/New_York
Fetching coordinates for case number 2011.01.15.
Got coordinates for case number 2011.02.19. Lat: -21.049672, Long: 55.222079
Got coordinates for case number 2011.02.17. Lat: -34.726845, Long: 135.158222
Got coordinates for case number 2011.02.13. Lat: -26.404171, Long: 153.102238
Got timezone for case number 2011.05.21.a. Timezone: Pacific/Noumea
Case number 2011.01.12.R is missing important data.
Fetching coordinates for case number 2011.01.03.
Got timezone for case number 2011.05.22. Timezone: Pacific/Honolulu
Fetching coordinates for case number 2010.12.26.
Got timezone for case number 2011.05.13.a. Timezone: America/New_York
Case number 2010.12.17 is missing time data.
Fetching coordinates for case number 2010.12.11.
Got coordinates for case number 2011.01.31. Lat: 21.161908, Long: -86.851528
Got timezone for case number 2011.04.23. Timezone: Australia/Perth
Fetching coordinates for case number 2010.12.05.
Got coordinates for case number 2011.01.26. Lat: 26.686690, Long: -78.971245
Got timezone for case number 2011.03.21.a. Timezone: Pacific/Fiji
Case number 2010.12.03.R is missing important data.
Fetching coordinates for case number 2010.12.01.b.
Got timezone for case number 2011.04.22. Timezone: America/New_York
Fetching coordinates for case number 2010.12.01.a.
Got timezone for case number 2011.03.16. Timezone: Australia/Sydney
Fetching coordinates for case number 2010.11.30.b.
Got timezone for case number 2011.03.23. Timezone: Australia/Sydney
Fetching coordinates for case number 2010.11.30.a.
Got timezone for case number 2011.02.28.R. Timezone: Australia/Brisbane
Case number 2010.11.27.R is missing important data.
Case number 2010.11.27 is missing important data.
Case number 2010.11.19 is missing important data.
Case number 2010.11.15 is missing time data.
Case number 2010.11.14 is missing important data.
Case number 2010.11.12.R is missing time data.
Fetching coordinates for case number 2010.10.30.
Got coordinates for case number 2011.01.20. Lat: -28.276483, Long: 153.574710
Got timezone for case number 2011.02.19. Timezone: Indian/Reunion
Case number 2010.10.28.R is missing important data.
Fetching coordinates for case number 2010.10.28.
Got coordinates for case number 2011.01.15. Lat: -31.640937, Long: 29.529920
Got timezone for case number 2011.02.17. Timezone: Australia/Adelaide
Case number 2010.10.25 is missing important data.
Case number 2010.10.23.b is missing time data.
Case number 2010.10.23.a is missing important data.
Fetching coordinates for case number 2010.10.22.
Got timezone for case number 2011.02.13. Timezone: Australia/Brisbane
Case number 2010.10.20 is missing time data.
Fetching coordinates for case number 2010.10.09.
Got coordinates for case number 2011.01.03. Lat: -33.651646, Long: 115.347334
Got timezone for case number 2011.01.31. Timezone: America/Cancun
Case number 2010.10.02.b is missing important data.
Fetching coordinates for case number 2010.10.02.a.
Got coordinates for case number 2010.12.11. Lat: 20.921715, Long: -156.373838
Got coordinates for case number 2010.12.26. Lat: 20.889302, Long: -156.472872
Got timezone for case number 2011.01.26. Timezone: America/Nassau
Fetching coordinates for case number 2010.10.01.
Got coordinates for case number 2010.12.05. Lat: 27.915817, Long: 34.329950
Got coordinates for case number 2010.12.01.b. Lat: 27.964289, Long: 34.417337
Got coordinates for case number 2010.11.30.b. Lat: 27.965420, Long: 34.361777
Got coordinates for case number 2010.11.30.a. Lat: 27.965420, Long: 34.361777
Got coordinates for case number 2010.10.30. Lat: -32.204325, Long: 115.677627
Got timezone for case number 2011.01.20. Timezone: Australia/Sydney
Fetching coordinates for case number 2010.09.27.
Got timezone for case number 2011.01.15. Timezone: Africa/Johannesburg
Fetching coordinates for case number 2010.09.24.
Got coordinates for case number 2010.10.28. Lat: 43.982621, Long: -124.099841
Got coordinates for case number 2010.10.22. Lat: 34.684427, Long: -120.603503
Got coordinates for case number 2010.12.01.a. Lat: 27.964289, Long: 34.417337
Got coordinates for case number 2010.10.09. Lat: -30.077564, Long: 153.203160
Got timezone for case number 2011.01.03. Timezone: Australia/Perth
Case number 2010.09.21 is missing important data.
Fetching coordinates for case number 2010.09.13.
Got timezone for case number 2010.12.11. Timezone: Pacific/Honolulu
Case number 2010.09.07 is missing important data.
Case number 2010.09.06.R is missing important data.
Case number 2010.09.04 is missing important data.
Fetching coordinates for case number 2010.09.03.b.
Got timezone for case number 2010.12.26. Timezone: Pacific/Honolulu
Fetching coordinates for case number 2010.09.03.a.
Got coordinates for case number 2010.10.02.a. Lat: 26.525940, Long: -76.968627
Got timezone for case number 2010.12.05. Timezone: Africa/Cairo
Case number 2010.09.02 is missing important data.
Case number 2010.08.29 is missing important data.
Fetching coordinates for case number 2010.08.18.
Got timezone for case number 2010.12.01.b. Timezone: Africa/Cairo
Fetching coordinates for case number 2010.08.17.
Got coordinates for case number 2010.10.01. Lat: -34.107515, Long: 18.821001
Got timezone for case number 2010.11.30.b. Timezone: Africa/Cairo
Case number 2010.08.14 is missing important data.
Fetching coordinates for case number 2010.08.10.b.
Got timezone for case number 2010.10.30. Timezone: Australia/Perth
Case number 2010.08.10 is missing time data.
Fetching coordinates for case number 2010.08.08.
Got timezone for case number 2010.11.30.a. Timezone: Africa/Cairo
Fetching coordinates for case number 2010.08.07.b.
Got timezone for case number 2010.10.28. Timezone: America/Los_Angeles
Case number 2010.08.07.a is missing important data.
Fetching coordinates for case number 2010.08.05.
Got coordinates for case number 2010.09.27. Lat: 43.674545, Long: -124.175177
Got coordinates for case number 2010.09.24. Lat: 36.745984, Long: -75.944094
Got timezone for case number 2010.10.22. Timezone: America/Los_Angeles
Fetching coordinates for case number 2010.08.02.b.
Got timezone for case number 2010.12.01.a. Timezone: Africa/Cairo
Fetching coordinates for case number 2010.08.02.a.
Got timezone for case number 2010.10.09. Timezone: Australia/Sydney
Case number 2010.07.25 is missing important data.
Fetching coordinates for case number 2010.07.23.
Got coordinates for case number 2010.09.13. Lat: -31.253218, Long: 146.921099
Got timezone for case number 2010.10.02.a. Timezone: America/Nassau
Fetching coordinates for case number 2010.07.19.
Got coordinates for case number 2010.09.03.a. Lat: 29.025819, Long: -80.926998
Got coordinates for case number 2010.09.03.b. Lat: 29.025819, Long: -80.926998
Got coordinates for case number 2010.08.17. Lat: -33.860603, Long: 114.985799
Got coordinates for case number 2010.08.18. Lat: 29.768860, Long: -81.253679
Got timezone for case number 2010.10.01. Timezone: Africa/Johannesburg
Fetching coordinates for case number 2010.07.17.b.
Got coordinates for case number 2010.08.10.b. Lat: -19.258964, Long: 146.816948
Got coordinates for case number 2010.08.08. Lat: -31.188724, Long: 152.973056
Got coordinates for case number 2010.08.07.b. Lat: 34.210389, Long: -77.886812
Got timezone for case number 2010.09.27. Timezone: America/Los_Angeles
Case number 2010.07.17.a is missing important data.
Fetching coordinates for case number 2010.07.16.b.
Got timezone for case number 2010.09.24. Timezone: America/New_York
Case number 2010.07.16.a is missing important data.
Case number 2010.07.11 is missing important data.
Case number 2010.07.04 is missing important data.
Fetching coordinates for case number 2010.07.03.
Got coordinates for case number 2010.08.05. Lat: 28.949154, Long: -80.837830
Got coordinates for case number 2010.08.02.b. Lat: 34.471656, Long: -120.214872
Got coordinates for case number 2010.08.02.a. Lat: 30.161559, Long: -81.357374
Got timezone for case number 2010.09.13. Timezone: Australia/Sydney
Case number 2010.07.02.b is missing time data.
Fetching coordinates for case number 2010.07.02.a.
Got coordinates for case number 2010.07.23. Lat: 30.284122, Long: -81.396134
Got timezone for case number 2010.09.03.a. Timezone: America/New_York
Case number 2010.06.27 is missing important data.
Case number 2010.06.25.b is missing important data.
Fetching coordinates for case number 2010.06.25.a.
Got coordinates for case number 2010.07.19. Lat: 33.695422, Long: -78.880209
Got timezone for case number 2010.09.03.b. Timezone: America/New_York
Fetching coordinates for case number 2010.06.15.
Got timezone for case number 2010.08.17. Timezone: Australia/Perth
Fetching coordinates for case number 2010.06.10.
Got timezone for case number 2010.08.18. Timezone: America/New_York
Fetching coordinates for case number 2010.06.06.
Got coordinates for case number 2010.07.17.b. Lat: 34.208504, Long: -77.796371
Got timezone for case number 2010.08.10.b. Timezone: Australia/Brisbane
Case number 2010.06.00 is missing important data.
Fetching coordinates for case number 2010.05.30.
Got timezone for case number 2010.08.08. Timezone: Australia/Sydney
Fetching coordinates for case number 2010.05.18.c.
Got timezone for case number 2010.08.07.b. Timezone: America/New_York
Fetching coordinates for case number 2010.05.18.b.
Got timezone for case number 2010.08.05. Timezone: America/New_York
Fetching coordinates for case number 2010.05.18.a.
Got coordinates for case number 2010.07.03. Lat: 40.789142, Long: -73.134961
Got coordinates for case number 2010.07.16.b. Lat: 28.151686, Long: -15.696276
Got timezone for case number 2010.08.02.b. Timezone: America/Los_Angeles
Fetching coordinates for case number 2010.05.03.
Got timezone for case number 2010.08.02.a. Timezone: America/New_York
Fetching coordinates for case number 2010.05.01.
Got coordinates for case number 2010.07.02.a. Lat: 37.760498, Long: -122.388683
Got timezone for case number 2010.07.23. Timezone: America/New_York
Case number 2010.04.28 is missing time data.
Fetching coordinates for case number 2010.04.19.
Got timezone for case number 2010.07.19. Timezone: America/New_York
Fetching coordinates for case number 2010.04.13.
Got coordinates for case number 2010.06.25.a. Lat: 34.365169, Long: -77.630529
Got coordinates for case number 2010.06.15. Lat: 13.782967, Long: 109.219663
Got timezone for case number 2010.07.17.b. Timezone: America/New_York
Fetching coordinates for case number 2010.04.04.
Got coordinates for case number 2010.06.10. Lat: 30.332184, Long: -81.655651
Got coordinates for case number 2010.06.06. Lat: -35.016976, Long: 116.861579
Got coordinates for case number 2010.05.18.c. Lat: 13.782967, Long: 109.219663
Got coordinates for case number 2010.05.30. Lat: 28.146125, Long: -82.756768
Got timezone for case number 2010.07.03. Timezone: America/New_York
Fetching coordinates for case number 2010.03.27.
Got timezone for case number 2010.07.16.b. Timezone: Atlantic/Canary
Case number 2010.02.19 is missing time data.
Fetching coordinates for case number 2010.02.16.
Got coordinates for case number 2010.05.18.a. Lat: -31.283425, Long: 152.961643
Got coordinates for case number 2010.05.03. Lat: -13.393122, Long: 48.207722
Got timezone for case number 2010.07.02.a. Timezone: America/Los_Angeles
Fetching coordinates for case number 2010.02.15.
Got coordinates for case number 2010.05.01. Lat: 29.025819, Long: -80.926998
Got coordinates for case number 2010.04.13. Lat: -33.608316, Long: 26.890750
Got coordinates for case number 2010.05.18.b. Lat: 13.782967, Long: 109.219663
Got coordinates for case number 2010.04.19. Lat: 22.209078, Long: -159.506758
Got timezone for case number 2010.06.25.a. Timezone: America/New_York
Fetching coordinates for case number 2010.02.13.
Got timezone for case number 2010.06.15. Timezone: Asia/Saigon
Fetching coordinates for case number 2010.02.11.
Got timezone for case number 2010.06.10. Timezone: America/New_York
Case number 2010.02.06.R is missing important data.
Fetching coordinates for case number 2010.02.06.b.
Got timezone for case number 2010.06.06. Timezone: Australia/Perth
Fetching coordinates for case number 2010.02.06.a.
Got timezone for case number 2010.05.30. Timezone: America/New_York
Fetching coordinates for case number 2010.02.04.
Got timezone for case number 2010.05.18.c. Timezone: Asia/Saigon
Fetching coordinates for case number 2010.02.03.
Got coordinates for case number 2010.04.04. Lat: 27.965420, Long: 34.361777
Got coordinates for case number 2010.03.27. Lat: -21.033524, Long: 55.713013
Got timezone for case number 2010.05.18.a. Timezone: Australia/Sydney
Fetching coordinates for case number 2010.02.01.
Got coordinates for case number 2010.02.16. Lat: -32.296840, Long: 26.419389
Got timezone for case number 2010.05.03. Timezone: Indian/Antananarivo
Case number 2010.01.30 is missing important data.
Fetching coordinates for case number 2010.01.27.
Got timezone for case number 2010.05.01. Timezone: America/New_York
Case number 2010.01.22.b is missing time data.
Fetching coordinates for case number 2010.01.22.a.
Got coordinates for case number 2010.02.15. Lat: -16.626822, Long: 179.017933
Got timezone for case number 2010.04.13. Timezone: Africa/Johannesburg
Fetching coordinates for case number 2010.01.12.
Got timezone for case number 2010.05.18.b. Timezone: Asia/Saigon
Case number 2010.01.09.d is missing important data.
Case number 2010.01.09.c is missing important data.
Fetching coordinates for case number 2010.01.09.b.
Got timezone for case number 2010.04.19. Timezone: Pacific/Honolulu
Fetching coordinates for case number 2010.01.09.a.
Got coordinates for case number 2010.02.13. Lat: -20.349629, Long: 148.932014
Got coordinates for case number 2010.02.11. Lat: -33.679581, Long: 151.313548
Got coordinates for case number 2010.02.06.b. Lat: -29.430439, Long: 153.362905
Got timezone for case number 2010.04.04. Timezone: Africa/Cairo
Fetching coordinates for case number 2010.01.06.
Got coordinates for case number 2010.02.06.a. Lat: 26.775340, Long: -80.058097
Got coordinates for case number 2010.02.03. Lat: 27.197548, Long: -80.252826
Got coordinates for case number 2010.02.04. Lat: 13.256322, Long: 144.684191
Got timezone for case number 2010.03.27. Timezone: Indian/Reunion
Case number 2010.01.05 is missing important data.
Fetching coordinates for case number 2009.12.29.
Got coordinates for case number 2010.02.01. Lat: -46.436917, Long: 168.244894
Got timezone for case number 2010.02.16. Timezone: Africa/Johannesburg
Fetching coordinates for case number 2009.12.26.
Got coordinates for case number 2010.01.27. Lat: -22.575197, Long: 144.084793
Got timezone for case number 2010.02.15. Timezone: Pacific/Fiji
Fetching coordinates for case number 2009.12.22.
Got coordinates for case number 2010.01.22.a. Lat: -38.149299, Long: 144.359843
Got coordinates for case number 2010.01.12. Lat: -34.133732, Long: 18.424136
Got coordinates for case number 2010.01.09.b. Lat: 13.782967, Long: 109.219663
Got timezone for case number 2010.02.13. Timezone: Australia/Brisbane
Fetching coordinates for case number 2009.12.20.b.
Got timezone for case number 2010.02.11. Timezone: Australia/Sydney
Fetching coordinates for case number 2009.12.20.a.
Got timezone for case number 2010.02.06.b. Timezone: Australia/Sydney
Fetching coordinates for case number 2009.12.18.
Got timezone for case number 2010.02.03. Timezone: America/New_York
Case number 2009.12.18 is missing important data.
Case number 2009.12.16 is missing important data.
Fetching coordinates for case number 2009.12.13.
Got timezone for case number 2010.02.04. Timezone: Pacific/Guam
Fetching coordinates for case number 2009.12.12.
Got timezone for case number 2010.02.06.a. Timezone: America/New_York
Fetching coordinates for case number 2009.12.06.
Got coordinates for case number 2010.01.06. Lat: 25.439659, Long: -80.200060
Got timezone for case number 2010.02.01. Timezone: Pacific/Auckland
Fetching coordinates for case number 2009.11.25.
Got coordinates for case number 2010.01.09.a. Lat: 13.782967, Long: 109.219663
Got coordinates for case number 2009.12.29. Lat: -33.587027, Long: 26.906017
Got coordinates for case number 2009.12.26. Lat: -33.471984, Long: 151.427952
Got timezone for case number 2010.01.27. Timezone: Australia/Brisbane
Case number 2009.11.24 is missing time data.
Fetching coordinates for case number 2009.11.16.b.
Got timezone for case number 2010.01.22.a. Timezone: Australia/Melbourne
Fetching coordinates for case number 2009.11.16.a.
Got timezone for case number 2010.01.12. Timezone: Africa/Johannesburg
Fetching coordinates for case number 2009.11.13.
Got coordinates for case number 2009.12.22. Lat: -26.842739, Long: 32.885997
Got timezone for case number 2010.01.09.b. Timezone: Asia/Saigon
Case number 2009.11.11 is missing time data.
Fetching coordinates for case number 2009.11.08.
Got coordinates for case number 2009.12.20.b. Lat: -26.614635, Long: 153.114487
Got coordinates for case number 2009.12.20.a. Lat: -23.598558, Long: 152.028246
Got coordinates for case number 2009.12.13. Lat: -31.253218, Long: 146.921099
Got coordinates for case number 2009.12.18. Lat: -31.640937, Long: 29.529920
Got coordinates for case number 2009.12.12. Lat: -32.679106, Long: 152.164888
Got timezone for case number 2010.01.06. Timezone: America/New_York
Case number 2009.11.05 is missing time data.
Case number 2009.10.30 is missing time data.
Case number 2009.10.29.R is missing important data.
Fetching coordinates for case number 2009.10.28.
Got coordinates for case number 2009.12.06. Lat: 39.946087, Long: -75.131171
Got timezone for case number 2010.01.09.a. Timezone: Asia/Saigon
Fetching coordinates for case number 2009.10.24.
Got timezone for case number 2009.12.29. Timezone: Africa/Johannesburg
Fetching coordinates for case number 2009.10.19.
Got coordinates for case number 2009.11.25. Lat: 33.659484, Long: -117.998803
Got timezone for case number 2009.12.26. Timezone: Australia/Sydney
Fetching coordinates for case number 2009.10.18.
Got coordinates for case number 2009.11.16.b. Lat: 37.973674, Long: -122.481481
Got timezone for case number 2009.12.22. Timezone: Africa/Maputo
Fetching coordinates for case number 2009.10.17.
Got coordinates for case number 2009.11.13. Lat: 26.934225, Long: -80.094209
Got timezone for case number 2009.12.20.b. Timezone: Australia/Brisbane
Case number 2009.10.14.R is missing important data.
Fetching coordinates for case number 2009.10.09.
Got coordinates for case number 2009.11.08. Lat: -35.528052, Long: 138.227871
Got timezone for case number 2009.12.20.a. Timezone: UTC
Fetching coordinates for case number 2009.10.02.
Got coordinates for case number 2009.11.16.a. Lat: 26.934225, Long: -80.094209
Got timezone for case number 2009.12.13. Timezone: Australia/Sydney
Fetching coordinates for case number 2009.09.26.
Got timezone for case number 2009.12.18. Timezone: Africa/Johannesburg
Case number 2009.09.18 is missing important data.
Case number 2009.09.15 is missing important data.
Case number 2009.09.13 is missing important data.
Fetching coordinates for case number 2009.09.12.
Got timezone for case number 2009.12.12. Timezone: Australia/Sydney
Case number 2009.09.07 is missing time data.
Case number 2009.09.02 is missing important data.
Case number 2009.09.01 is missing important data.
Fetching coordinates for case number 2009.08.30.
Got coordinates for case number 2009.10.28. Lat: -28.793251, Long: 153.591107
Got timezone for case number 2009.12.06. Timezone: America/New_York
Fetching coordinates for case number 2009.08.29.
Got timezone for case number 2009.11.25. Timezone: America/Los_Angeles
Fetching coordinates for case number 2009.08.25.
Got coordinates for case number 2009.10.19. Lat: 20.731438, Long: -156.452933
Got coordinates for case number 2009.10.24. Lat: 33.372808, Long: -117.565601
Got coordinates for case number 2009.10.18. Lat: 9.357793, Long: -82.261046
Got timezone for case number 2009.11.16.b. Timezone: America/Los_Angeles
Case number 2009.08.11 is missing time data.
Fetching coordinates for case number 2009.08.10.
Got timezone for case number 2009.11.13. Timezone: America/New_York
Fetching coordinates for case number 2009.08.06.
Got coordinates for case number 2009.10.17. Lat: 56.008240, Long: -3.391282
Got coordinates for case number 2009.10.09. Lat: 33.372808, Long: -117.565601
Got timezone for case number 2009.11.08. Timezone: Australia/Adelaide
Fetching coordinates for case number 2009.08.01.
Got timezone for case number 2009.11.16.a. Timezone: America/New_York
Case number 2009.07.31 is missing important data.
Fetching coordinates for case number 2009.07.30.
Got coordinates for case number 2009.09.26. Lat: 24.720974, Long: -81.018683
Got coordinates for case number 2009.10.02. Lat: 50.307753, Long: -4.106690
Got coordinates for case number 2009.08.30. Lat: 33.659484, Long: -117.998803
Got coordinates for case number 2009.09.12. Lat: 36.380288, Long: -75.830778
Got timezone for case number 2009.10.28. Timezone: Australia/Sydney
Fetching coordinates for case number 2009.07.29.
Got coordinates for case number 2009.08.29. Lat: -34.047658, Long: 22.314404
Got timezone for case number 2009.10.19. Timezone: Pacific/Honolulu
Case number 2009.07.24.R is missing important data.
Case number 2009.07.24.b is missing time data.
Fetching coordinates for case number 2009.07.24.a.
Got coordinates for case number 2009.08.25. Lat: 33.131288, Long: -117.335541
Got timezone for case number 2009.10.24. Timezone: America/Los_Angeles
Fetching coordinates for case number 2009.07.22.b.
Got timezone for case number 2009.10.18. Timezone: America/Panama
Fetching coordinates for case number 2009.07.22.a.
Got coordinates for case number 2009.08.10. Lat: 29.127130, Long: -81.356162
Got timezone for case number 2009.10.17. Timezone: Europe/London
Case number 2009.07.18 is missing important data.
Case number 2009.07.11.b is missing important data.
Fetching coordinates for case number 2009.07.11.a.
Got coordinates for case number 2009.08.06. Lat: 19.898682, Long: -155.665857
Got timezone for case number 2009.10.09. Timezone: America/Los_Angeles
Fetching coordinates for case number 2009.07.07.
Got timezone for case number 2009.09.26. Timezone: America/New_York
Fetching coordinates for case number 2009.07.05.
Got coordinates for case number 2009.08.01. Lat: 29.500766, Long: -89.250605
Got timezone for case number 2009.10.02. Timezone: Europe/London
Case number 2009.07.04 is missing time data.
Fetching coordinates for case number 2009.06.27.
Got timezone for case number 2009.08.30. Timezone: America/Los_Angeles
Case number 2009.06.21 is missing important data.
Fetching coordinates for case number 2009.06.16.
Got coordinates for case number 2009.07.30. Lat: -28.710840, Long: 153.593611
Got timezone for case number 2009.09.12. Timezone: America/New_York
Case number 2009.06.14.R is missing important data.
Case number 2009.06.02.b is missing important data.
Case number 2009.06.02.a is missing important data.
Case number 2009.06.01 is missing time data.
Fetching coordinates for case number 2009.05.31.
Got coordinates for case number 2009.07.29. Lat: 13.782967, Long: 109.219663
Got timezone for case number 2009.08.25. Timezone: America/Los_Angeles
Fetching coordinates for case number 2009.05.25.
Got timezone for case number 2009.08.29. Timezone: Africa/Johannesburg
Fetching coordinates for case number 2009.05.17.
Got coordinates for case number 2009.07.24.a. Lat: 41.157728, Long: 1.241023
Got coordinates for case number 2009.07.22.b. Lat: 33.913921, Long: -78.269388
Got coordinates for case number 2009.07.22.a. Lat: 27.767127, Long: -82.638445
Got timezone for case number 2009.08.06. Timezone: Pacific/Honolulu
Fetching coordinates for case number 2009.05.16.b.
Got timezone for case number 2009.08.10. Timezone: America/New_York
Fetching coordinates for case number 2009.05.16.a.
Got coordinates for case number 2009.07.11.a. Lat: 33.372808, Long: -117.565601
Got coordinates for case number 2009.07.07. Lat: -34.424371, Long: 21.338618
Got timezone for case number 2009.08.01. Timezone: America/Chicago
Case number 2009.05.12 is missing time data.
Case number 2009.05.06 is missing important data.
Fetching coordinates for case number 2009.04.28.
Got coordinates for case number 2009.07.05. Lat: 29.210815, Long: -81.022833
Got timezone for case number 2009.07.30. Timezone: Australia/Sydney
Fetching coordinates for case number 2009.04.25.R.
Got coordinates for case number 2009.06.27. Lat: -34.772537, Long: 150.813332
Got coordinates for case number 2009.06.16. Lat: 28.068350, Long: -80.560330
Got coordinates for case number 2009.05.31. Lat: 22.662089, Long: 121.490144
Got timezone for case number 2009.07.29. Timezone: Asia/Saigon
Case number 2009.04.21 is missing time data.
Case number 2009.04.20 is missing time data.
Fetching coordinates for case number 2009.04.19.
Got coordinates for case number 2009.05.25. Lat: 27.972065, Long: -82.828588
Got coordinates for case number 2009.05.17. Lat: 29.025819, Long: -80.926998
Got timezone for case number 2009.07.24.a. Timezone: Europe/Madrid
Fetching coordinates for case number 2009.04.17..
Got timezone for case number 2009.07.22.b. Timezone: America/New_York
Case number 2009.04.11 is missing important data.
Fetching coordinates for case number 2009.04.12.
Got timezone for case number 2009.07.22.a. Timezone: America/New_York
Case number 2009.04.06.b is missing time data.
Fetching coordinates for case number 2009.04.06.a.
Got timezone for case number 2009.07.11.a. Timezone: America/Los_Angeles
Fetching coordinates for case number 2009.04.03.
Got coordinates for case number 2009.05.16.b. Lat: 29.025819, Long: -80.926998
Got timezone for case number 2009.07.07. Timezone: Africa/Johannesburg
Case number 2009.03.27 is missing important data.
Case number 2009.03.21 is missing time data.
Fetching coordinates for case number 2009.03.20.
Got timezone for case number 2009.07.05. Timezone: America/New_York
Case number 2009.03.19.b is missing time data.
Fetching coordinates for case number 2009.03.19.a.
Got coordinates for case number 2009.04.28. Lat: 29.892184, Long: -81.313931
Got timezone for case number 2009.06.16. Timezone: America/New_York
Fetching coordinates for case number 2009.03.18.a.
Got timezone for case number 2009.06.27. Timezone: Australia/Sydney
Case number 2009.03.17.R is missing important data.
Fetching coordinates for case number 2009.03.17.
Got timezone for case number 2009.05.31. Timezone: Asia/Taipei
Case number 2009.03.16.R is missing important data.
Fetching coordinates for case number 2009.03.06.
Got coordinates for case number 2009.04.25.R. Lat: 33.372808, Long: -117.565601
Got coordinates for case number 2009.04.19. Lat: 26.929105, Long: -80.069193
Got timezone for case number 2009.05.25. Timezone: America/New_York
Fetching coordinates for case number 2009.03.02.
Got timezone for case number 2009.05.17. Timezone: America/New_York
Case number 2009.03.01.b is missing important data.
Fetching coordinates for case number 2009.03.01.a.
Got coordinates for case number 2009.05.16.a. Lat: 29.025819, Long: -80.926998
Got coordinates for case number 2009.04.17.. Lat: 27.337890, Long: -80.233431
Got coordinates for case number 2009.04.12. Lat: -32.749759, Long: 152.168819
Got coordinates for case number 2009.04.06.a. Lat: 33.093381, Long: -116.608165
Got timezone for case number 2009.05.16.b. Timezone: America/New_York
Fetching coordinates for case number 2009.02.22.
Got coordinates for case number 2009.04.03. Lat: 26.443397, Long: -82.111512
Got coordinates for case number 2009.03.20. Lat: -33.355564, Long: 151.498177
Got coordinates for case number 2009.03.19.a. Lat: -35.716217, Long: 150.179457
Got timezone for case number 2009.04.28. Timezone: America/New_York
Fetching coordinates for case number 2009.02.18.
Got timezone for case number 2009.04.25.R. Timezone: America/Los_Angeles
Fetching coordinates for case number 2009.02.12.
Got coordinates for case number 2009.03.18.a. Lat: 29.096373, Long: -80.936998
Got coordinates for case number 2009.03.17. Lat: 20.512447, Long: -155.911684
Got coordinates for case number 2009.03.06. Lat: -21.566935, Long: 165.498552
Got timezone for case number 2009.04.19. Timezone: America/New_York
Fetching coordinates for case number 2009.02.11.
Got timezone for case number 2009.05.16.a. Timezone: America/New_York
Case number 2009.02.08 is missing important data.
Fetching coordinates for case number 2009.02.07.b.
Got timezone for case number 2009.04.17.. Timezone: America/New_York
Fetching coordinates for case number 2009.02.07.a.
Got coordinates for case number 2009.03.02. Lat: -34.250014, Long: 18.415736
Got coordinates for case number 2009.03.01.a. Lat: -33.633274, Long: 151.331154
Got timezone for case number 2009.04.12. Timezone: Australia/Sydney
Case number 2009.01.27.R is missing important data.
Case number 2009.01.26.R is missing important data.
Fetching coordinates for case number 2009.01.25.
Got timezone for case number 2009.04.06.a. Timezone: America/Los_Angeles
Fetching coordinates for case number 2009.01.24.c.
Got coordinates for case number 2009.02.22. Lat: -16.412399, Long: 145.769012
Got timezone for case number 2009.04.03. Timezone: America/New_York
Fetching coordinates for case number 2009.01.24.b.
Got timezone for case number 2009.03.20. Timezone: Australia/Sydney
Fetching coordinates for case number 2009.01.24.a.
Got timezone for case number 2009.03.19.a. Timezone: Australia/Sydney
Case number 2009.01.23 is missing important data.
Fetching coordinates for case number 2009.01.18.
Got timezone for case number 2009.03.18.a. Timezone: America/New_York
Case number 2009.01.16 is missing important data.
Case number 2009.01.13.R is missing important data.
Fetching coordinates for case number 2009.01.12.
Got timezone for case number 2009.03.17. Timezone: UTC
Fetching coordinates for case number 2009.01.11.b.
Got timezone for case number 2009.03.06. Timezone: Pacific/Noumea
Fetching coordinates for case number 2009.01.11.a.
Got coordinates for case number 2009.02.12. Lat: -33.891475, Long: 151.276684
Got coordinates for case number 2009.02.18. Lat: -31.458741, Long: 152.932724
Got coordinates for case number 2009.02.11. Lat: -33.872648, Long: 151.218510
Got timezone for case number 2009.03.02. Timezone: Africa/Johannesburg
Case number 2009.01.10.R is missing important data.
Case number 2009.01.10.a is missing important data.
Fetching coordinates for case number 2009.01.06.
Got coordinates for case number 2009.02.07.b. Lat: -32.378910, Long: 152.529459
Got coordinates for case number 2009.02.07.a. Lat: -29.677449, Long: 153.329903
Got timezone for case number 2009.03.01.a. Timezone: Australia/Sydney
Case number 2009.01.00 is missing important data.
Fetching coordinates for case number 2008.12.30.
Got coordinates for case number 2009.01.25. Lat: 20.011737, Long: -75.121625
Got coordinates for case number 2009.01.24.c. Lat: -36.964912, Long: 176.080986
Got timezone for case number 2009.02.22. Timezone: UTC
Case number 2008.12.27.d is missing important data.
Case number 2008.12.27.c is missing important data.
Fetching coordinates for case number 2008.12.27.b.
Got coordinates for case number 2009.01.24.b. Lat: -35.758996, Long: 150.204518
Got coordinates for case number 2009.01.24.a. Lat: -31.640937, Long: 29.529920
Got coordinates for case number 2009.01.18. Lat: -38.333712, Long: 142.356434
Got coordinates for case number 2009.01.12. Lat: -34.545481, Long: 150.867865
Got timezone for case number 2009.02.12. Timezone: Australia/Sydney
Fetching coordinates for case number 2008.12.27.a.
Got coordinates for case number 2009.01.11.b. Lat: -41.251519, Long: 148.311088
Got coordinates for case number 2009.01.11.a. Lat: -32.738373, Long: 152.181313
Got timezone for case number 2009.02.18. Timezone: Australia/Sydney
Fetching coordinates for case number 2008.12.20.
Got timezone for case number 2009.02.11. Timezone: Australia/Sydney
Case number 2008.12.14 is missing important data.
Fetching coordinates for case number 2008.12.10.
Got timezone for case number 2009.02.07.a. Timezone: Australia/Sydney
Case number 2008.12.06 is missing time data.
Case number 2008.12.00 is missing important data.
Case number 2008.11.28 is missing time data.
Case number 2008.11.25 is missing important data.
Case number 2008.11.24 is missing important data.
Case number 2008.11.09.b is missing important data.
Case number 2008.11.09.a is missing important data.
Fetching coordinates for case number 2008.11.06.
Got coordinates for case number 2009.01.06. Lat: -39.615167, Long: 176.956654
Got timezone for case number 2009.02.07.b. Timezone: Australia/Sydney
Fetching coordinates for case number 2008.10.22.
Got coordinates for case number 2008.12.30. Lat: -32.352246, Long: 115.742295
Got timezone for case number 2009.01.25. Timezone: America/Havana
Case number 2008.10.21 is missing important data.
Case number 2008.10.12 is missing important data.
Fetching coordinates for case number 2008.10.11.
Got timezone for case number 2009.01.24.c. Timezone: Pacific/Auckland
Fetching coordinates for case number 2008.10.08.
Got coordinates for case number 2008.12.27.b. Lat: -33.836810, Long: 151.207270
Got timezone for case number 2009.01.24.b. Timezone: Australia/Sydney
Fetching coordinates for case number 2008.10.06.
Got timezone for case number 2009.01.24.a. Timezone: Africa/Johannesburg
Fetching coordinates for case number 2008.09.28.b.
Got timezone for case number 2009.01.18. Timezone: Australia/Melbourne
Fetching coordinates for case number 2008.09.28.a.
Got timezone for case number 2009.01.12. Timezone: Australia/Sydney
Fetching coordinates for case number 2008.09.15.
Got timezone for case number 2009.01.11.a. Timezone: Australia/Sydney
Fetching coordinates for case number 2008.09.14.
Got timezone for case number 2009.01.11.b. Timezone: Australia/Hobart
Fetching coordinates for case number 2008.09.09.
Got coordinates for case number 2008.12.27.a. Lat: -32.352246, Long: 115.742295
Got timezone for case number 2009.01.06. Timezone: Pacific/Auckland
Fetching coordinates for case number 2008.09.08.
Got coordinates for case number 2008.12.20. Lat: 38.248992, Long: -122.966489
Got coordinates for case number 2008.12.10. Lat: -34.062048, Long: 23.371385
Got coordinates for case number 2008.11.06. Lat: 18.074237, Long: 120.516395
Got timezone for case number 2008.12.30. Timezone: Australia/Perth
Fetching coordinates for case number 2008.09.07.
Got coordinates for case number 2008.10.22. Lat: -33.799063, Long: 151.281352
Got coordinates for case number 2008.10.11. Lat: -33.031123, Long: 151.560324
Got timezone for case number 2008.12.27.b. Timezone: Australia/Sydney
Fetching coordinates for case number 2008.09.06.b.
Got coordinates for case number 2008.10.08. Lat: 30.396032, Long: -86.228832
Got coordinates for case number 2008.10.06. Lat: 43.045936, Long: 16.154056
Got coordinates for case number 2008.09.28.b. Lat: 29.025819, Long: -80.926998
Got coordinates for case number 2008.09.28.a. Lat: 28.949154, Long: -80.837830
Got coordinates for case number 2008.09.15. Lat: -11.176422, Long: 132.531346
Got coordinates for case number 2008.09.14. Lat: 29.349145, Long: -81.066446
Got coordinates for case number 2008.09.09. Lat: 21.554224, Long: -157.850469
Got timezone for case number 2008.12.27.a. Timezone: Australia/Perth
Fetching coordinates for case number 2008.09.06.a.
Got timezone for case number 2008.12.20. Timezone: America/Los_Angeles
Fetching coordinates for case number 2008.09.01.
Got timezone for case number 2008.11.06. Timezone: Asia/Manila
Case number 2008.09.00 is missing time data.
Case number 2008.08.30.c is missing important data.
Fetching coordinates for case number 2008.08.30.b.
Got timezone for case number 2008.12.10. Timezone: Africa/Johannesburg
Case number 2008.08.30.a is missing important data.
Fetching coordinates for case number 2008.08.28.
Got coordinates for case number 2008.09.08. Lat: 34.684427, Long: -120.603503
Got timezone for case number 2008.10.22. Timezone: Australia/Sydney
Fetching coordinates for case number 2008.08.27.
Got coordinates for case number 2008.09.07. Lat: -28.639691, Long: 153.627275
Got timezone for case number 2008.10.11. Timezone: Australia/Sydney
Fetching coordinates for case number 2008.08.24.
Got timezone for case number 2008.10.08. Timezone: America/Chicago
Fetching coordinates for case number 2008.08.22.
Got coordinates for case number 2008.09.06.b. Lat: 29.096373, Long: -80.936998
Got timezone for case number 2008.10.06. Timezone: Europe/Zagreb
Fetching coordinates for case number 2008.08.20.
Got timezone for case number 2008.09.28.b. Timezone: America/New_York
Case number 2008.08.18 is missing important data.
Case number 2008.08.16 is missing time data.
Fetching coordinates for case number 2008.08.12.
Got timezone for case number 2008.09.28.a. Timezone: America/New_York
Fetching coordinates for case number 2008.08.11.
Got timezone for case number 2008.09.15. Timezone: Australia/Darwin
Fetching coordinates for case number 2008.07.30.R.
Got timezone for case number 2008.09.14. Timezone: America/New_York
Case number 2008.07.30 is missing important data.
Fetching coordinates for case number 2008.07.27.
Got timezone for case number 2008.09.09. Timezone: Pacific/Honolulu
Case number 2008.07.26.b is missing important data.
Fetching coordinates for case number 2008.07.26.a.
Got timezone for case number 2008.09.08. Timezone: America/Los_Angeles
Fetching coordinates for case number 2008.07.25.b.
Got coordinates for case number 2008.09.01. Lat: 29.025819, Long: -80.926998
Got coordinates for case number 2008.09.06.a. Lat: 29.096373, Long: -80.936998
Got coordinates for case number 2008.08.30.b. Lat: 19.495440, Long: -154.949411
Got coordinates for case number 2008.08.28. Lat: 29.025819, Long: -80.926998
Got timezone for case number 2008.09.07. Timezone: Australia/Sydney
Fetching coordinates for case number 2008.07.25.a.
Got timezone for case number 2008.09.06.b. Timezone: America/New_York
Case number 2008.07.24.b is missing important data.
Fetching coordinates for case number 2008.07.24.a.
Got coordinates for case number 2008.08.22. Lat: 34.427112, Long: -77.546081
Got coordinates for case number 2008.08.20. Lat: 26.443397, Long: -82.111512
Got coordinates for case number 2008.08.12. Lat: 29.025819, Long: -80.926998
Got coordinates for case number 2008.08.24. Lat: 29.025819, Long: -80.926998
Got coordinates for case number 2008.08.27. Lat: 29.025819, Long: -80.926998
Got coordinates for case number 2008.08.11. Lat: 21.289969, Long: -157.847657
Got coordinates for case number 2008.07.30.R. Lat: -25.274398, Long: 133.775136
Got coordinates for case number 2008.07.27. Lat: 8.519364, Long: -79.903827
Got coordinates for case number 2008.07.26.a. Lat: 20.971518, Long: -156.677114
Got timezone for case number 2008.09.06.a. Timezone: America/New_York
Fetching coordinates for case number 2008.07.23.
Got timezone for case number 2008.09.01. Timezone: America/New_York
Fetching coordinates for case number 2008.07.19.
Got timezone for case number 2008.08.30.b. Timezone: Pacific/Honolulu
Case number 2008.07.18 is missing important data.
Case number 2008.07.13 is missing important data.
Fetching coordinates for case number 2008.07.11.
Got coordinates for case number 2008.07.25.b. Lat: 29.025819, Long: -80.926998
Got timezone for case number 2008.08.28. Timezone: America/New_York
Fetching coordinates for case number 2008.07.09.
Got coordinates for case number 2008.07.25.a. Lat: 21.463056, Long: -158.217778
Got timezone for case number 2008.08.22. Timezone: America/New_York
Fetching coordinates for case number 2008.07.05.
Got timezone for case number 2008.08.20. Timezone: America/New_York
Case number 2008.07.00 is missing important data.
Case number 2008.06.28.c is missing time data.
Case number 2008.06.28.b is missing important data.
Fetching coordinates for case number 2008.06.28.a.
Got coordinates for case number 2008.07.24.a. Lat: 34.365169, Long: -77.630529
Got timezone for case number 2008.08.12. Timezone: America/New_York
Case number 2008.06.26.R is missing important data.
Case number 2008.06.26.b is missing time data.
Fetching coordinates for case number 2008.06.26.a.
Got timezone for case number 2008.08.24. Timezone: America/New_York
Case number 2008.06.24 is missing time data.
Fetching coordinates for case number 2008.06.21.
Got timezone for case number 2008.08.11. Timezone: Pacific/Honolulu
Fetching coordinates for case number 2008.06.20.
Got timezone for case number 2008.08.27. Timezone: America/New_York
Case number 2008.06.11 is missing important data.
Case number 2008.06.07 is missing important data.
Case number 2008.06.02.R is missing important data.
Fetching coordinates for case number 2008.06.01.b.
Got timezone for case number 2008.07.30.R. Timezone: Australia/Darwin
Fetching coordinates for case number 2008.06.01.a.
Got timezone for case number 2008.07.27. Timezone: America/Panama
Fetching coordinates for case number 2008.05.26.
Got timezone for case number 2008.07.26.a. Timezone: Pacific/Honolulu
Case number 2008.05.24.b is missing important data.
Case number 2008.05.24.a is missing time data.
Case number 2008.05.23 is missing important data.
Case number 2008.05.14 is missing time data.
Fetching coordinates for case number 2008.05.10.
Got coordinates for case number 2008.07.23. Lat: 29.025819, Long: -80.926998
Got timezone for case number 2008.07.25.b. Timezone: America/New_York
Fetching coordinates for case number 2008.05.07.b.
Got coordinates for case number 2008.07.11. Lat: 32.798653, Long: -79.758381
Got coordinates for case number 2008.07.09. Lat: 34.677940, Long: -76.950776
Got coordinates for case number 2008.07.19. Lat: 29.025819, Long: -80.926998
Got timezone for case number 2008.07.25.a. Timezone: Pacific/Honolulu
Case number 2008.05.07.a is missing time data.
Case number 2008.05.01 is missing important data.
Case number 2008.04.28.b is missing time data.
Fetching coordinates for case number 2008.04.28.a.
Got timezone for case number 2008.07.24.a. Timezone: America/New_York
Fetching coordinates for case number 2008.04.27.
Got coordinates for case number 2008.07.05. Lat: 33.466835, Long: -79.099763
Got coordinates for case number 2008.06.28.a. Lat: -34.183626, Long: 22.124387
Got coordinates for case number 2008.06.26.a. Lat: 32.798653, Long: -79.758381
Got coordinates for case number 2008.06.20. Lat: 30.669682, Long: -81.462592
Got coordinates for case number 2008.06.21. Lat: 33.387886, Long: -118.416310
Got coordinates for case number 2008.06.01.b. Lat: 33.827899, Long: -78.643012
Got coordinates for case number 2008.06.01.a. Lat: -8.184026, Long: -34.920452
Got coordinates for case number 2008.05.26. Lat: 34.671859, Long: -77.141830
Got timezone for case number 2008.07.23. Timezone: America/New_York
Case number 2008.04.26.b is missing time data.
Fetching coordinates for case number 2008.04.26.a.
Got coordinates for case number 2008.05.10. Lat: -35.026815, Long: 117.883711
Got coordinates for case number 2008.05.07.b. Lat: -20.688098, Long: 164.943528
Got timezone for case number 2008.07.11. Timezone: America/New_York
Fetching coordinates for case number 2008.04.25.
Got timezone for case number 2008.07.09. Timezone: America/New_York
Fetching coordinates for case number 2008.04.20.b.
Got timezone for case number 2008.07.19. Timezone: America/New_York
Case number 2008.04.20.a is missing important data.
Case number 2008.04.19.R is missing important data.
Case number 2008.04.18 is missing time data.
Fetching coordinates for case number 2008.04.17.
Got coordinates for case number 2008.04.28.a. Lat: 29.025819, Long: -80.926998
Got timezone for case number 2008.07.05. Timezone: America/New_York
Fetching coordinates for case number 2008.04.15.
Got coordinates for case number 2008.04.27. Lat: 29.025819, Long: -80.926998
Got timezone for case number 2008.06.28.a. Timezone: Africa/Johannesburg
Case number 2008.04.09.R is missing important data.
Case number 2008.03.25 is missing important data.
Case number 2008.04.08.R is missing important data.
Fetching coordinates for case number 2008.04.08.
Got timezone for case number 2008.06.20. Timezone: America/New_York
Fetching coordinates for case number 2008.04.03.
Got timezone for case number 2008.06.26.a. Timezone: America/New_York
Case number 2008.03.28.c is missing important data.
Fetching coordinates for case number 2008.03.28.b.
Got timezone for case number 2008.06.21. Timezone: America/Los_Angeles
Case number 2008.03.28.a is missing important data.
Fetching coordinates for case number 2008.03.23.
Got timezone for case number 2008.06.01.b. Timezone: America/New_York
Fetching coordinates for case number 2008.03.21.
Got timezone for case number 2008.06.01.a. Timezone: America/Recife
Case number 2008.03.15 is missing time data.
Fetching coordinates for case number 2008.03.07.
Got timezone for case number 2008.05.26. Timezone: America/New_York
Fetching coordinates for case number 2008.02.24.
Got timezone for case number 2008.05.07.b. Timezone: Pacific/Noumea
Case number 2008.02.21.R is missing important data.
Fetching coordinates for case number 2008.02.15.
Got timezone for case number 2008.05.10. Timezone: Australia/Perth
Case number 2008.02.07 is missing important data.
Case number 2008.02.06 is missing important data.
Case number 2008.01.30 is missing important data.
Case number 2008.01.29 is missing important data.
Fetching coordinates for case number 2008.01.27.
Got coordinates for case number 2008.04.25. Lat: 32.991155, Long: -117.271148
Got coordinates for case number 2008.04.26.a. Lat: 29.025819, Long: -80.926998
Got coordinates for case number 2008.04.17. Lat: -28.166165, Long: 153.542577
Got timezone for case number 2008.04.27. Timezone: America/New_York
Case number 2008.01.19.R is missing important data.
Fetching coordinates for case number 2008.01.14.
Got timezone for case number 2008.04.28.a. Timezone: America/New_York
Case number 2008.01.10 is missing important data.
Case number 2008.00.00.b is missing important data.
Case number 2008.00.00.a is missing important data.
Case number 2007.12.21 is missing important data.
Case number 2007.12.19 is missing important data.
Fetching coordinates for case number 2007.12.18.
Got coordinates for case number 2008.04.08. Lat: -28.872600, Long: 153.589925
Got coordinates for case number 2008.04.15. Lat: 28.655518, Long: -80.631829
Got coordinates for case number 2008.03.28.b. Lat: 29.096373, Long: -80.936998
Got coordinates for case number 2008.04.03. Lat: 29.010839, Long: -80.879157
Got coordinates for case number 2008.04.20.b. Lat: 29.025819, Long: -80.926998
Got coordinates for case number 2008.03.07. Lat: 33.659484, Long: -117.998803
Got coordinates for case number 2008.03.21. Lat: 29.051329, Long: -80.904051
Got coordinates for case number 2008.02.24. Lat: 25.034280, Long: -77.396280
Got coordinates for case number 2008.02.15. Lat: 29.096373, Long: -80.936998
Got timezone for case number 2008.04.25. Timezone: America/Los_Angeles
Case number 2007.12.15 is missing important data.
Fetching coordinates for case number 2007.12.14.
Got coordinates for case number 2008.01.27. Lat: -28.170314, Long: 153.530473
Got timezone for case number 2008.04.26.a. Timezone: America/New_York
Fetching coordinates for case number 2007.12.10.
Got coordinates for case number 2008.03.23. Lat: 29.010839, Long: -80.879157
Got timezone for case number 2008.04.17. Timezone: Australia/Sydney
Case number 2007.12.09 is missing important data.
Case number 2007.12.07 is missing important data.
Case number 2007.11.18 is missing important data.
Fetching coordinates for case number 2007.11.08.
Got timezone for case number 2008.04.08. Timezone: Australia/Sydney
Fetching coordinates for case number 2007.11.07.
Got timezone for case number 2008.04.15. Timezone: America/New_York
Fetching coordinates for case number 2007.11.06.
Got timezone for case number 2008.04.03. Timezone: America/New_York
Fetching coordinates for case number 2007.11.04.
Got coordinates for case number 2007.12.18. Lat: -32.679013, Long: 152.176276
Got coordinates for case number 2008.01.14. Lat: -36.339613, Long: 174.779884
Got timezone for case number 2008.03.28.b. Timezone: America/New_York
Fetching coordinates for case number 2007.11.03.
Got timezone for case number 2008.04.20.b. Timezone: America/New_York
Case number 2007.11.00 is missing important data.
Fetching coordinates for case number 2007.10.29.
Got timezone for case number 2008.03.07. Timezone: America/Los_Angeles
Fetching coordinates for case number 2007.10.15.
Got timezone for case number 2008.03.21. Timezone: America/New_York
Fetching coordinates for case number 2007.10.13.
Got timezone for case number 2008.02.24. Timezone: America/Nassau
Fetching coordinates for case number 2007.10.07.
Got timezone for case number 2008.02.15. Timezone: America/New_York
Fetching coordinates for case number 2007.10.06.
Got coordinates for case number 2007.12.14. Lat: -33.893963, Long: 151.264036
Got timezone for case number 2008.01.27. Timezone: Australia/Brisbane
Fetching coordinates for case number 2007.09.30.c.
Got timezone for case number 2008.03.23. Timezone: America/New_York
Fetching coordinates for case number 2007.09.30.b.
Got coordinates for case number 2007.12.10. Lat: 21.594426, Long: -158.114822
Got coordinates for case number 2007.11.08. Lat: -28.636405, Long: 153.633824
Got timezone for case number 2008.01.14. Timezone: Pacific/Auckland
Case number 2007.09.30.a is missing time data.
Fetching coordinates for case number 2007.09.28.
Got timezone for case number 2007.12.18. Timezone: Australia/Sydney
Fetching coordinates for case number 2007.09.27.b.
Got coordinates for case number 2007.11.07. Lat: -34.112320, Long: 18.849207
Got coordinates for case number 2007.11.06. Lat: 29.025819, Long: -80.926998
Got coordinates for case number 2007.11.03. Lat: -32.971573, Long: 27.958582
Got coordinates for case number 2007.11.04. Lat: 27.561401, Long: -80.323567
Got coordinates for case number 2007.10.29. Lat: 20.687183, Long: -156.439167
Got coordinates for case number 2007.10.15. Lat: -28.641912, Long: 153.610517
Got coordinates for case number 2007.10.13. Lat: -22.575197, Long: 144.084793
Got coordinates for case number 2007.10.07. Lat: 33.977788, Long: -118.469068
Got coordinates for case number 2007.10.06. Lat: 28.655518, Long: -80.631829
Got timezone for case number 2007.12.14. Timezone: Australia/Sydney
Fetching coordinates for case number 2007.09.27.a.
Got timezone for case number 2007.12.10. Timezone: Pacific/Honolulu
Case number 2007.09.22.b is missing important data.
Case number 2007.09.22.a is missing important data.
Fetching coordinates for case number 2007.09.20.
Got coordinates for case number 2007.09.30.c. Lat: 34.019454, Long: -118.491191
Got coordinates for case number 2007.09.30.b. Lat: 9.634473, Long: 121.239744
Got timezone for case number 2007.11.08. Timezone: Australia/Sydney
Case number 2007.09.17 is missing time data.
Fetching coordinates for case number 2007.09.16.b.
Got timezone for case number 2007.11.07. Timezone: Africa/Johannesburg
Case number 2007.09.16.a is missing time data.
Fetching coordinates for case number 2007.09.13.
Got timezone for case number 2007.11.06. Timezone: America/New_York
Fetching coordinates for case number 2007.09.08.
Got coordinates for case number 2007.09.28. Lat: 26.619311, Long: -77.868171
Got timezone for case number 2007.11.03. Timezone: Africa/Johannesburg
Fetching coordinates for case number 2007.09.05.
Got timezone for case number 2007.11.04. Timezone: America/New_York
Fetching coordinates for case number 2007.09.04.
Got coordinates for case number 2007.09.27.b. Lat: 41.030125, Long: -124.112290
Got timezone for case number 2007.10.29. Timezone: Pacific/Honolulu
Case number 2007.09.03.b is missing time data.
Fetching coordinates for case number 2007.09.03.a.
Got timezone for case number 2007.10.15. Timezone: Australia/Sydney
Fetching coordinates for case number 2007.08.28.b.
Got timezone for case number 2007.10.13. Timezone: Australia/Brisbane
Fetching coordinates for case number 2007.08.28.a.
Got timezone for case number 2007.10.06. Timezone: America/New_York
Fetching coordinates for case number 2007.08.26.
Got timezone for case number 2007.10.07. Timezone: America/Los_Angeles
Case number 2007.08.25 is missing time data.
Case number 2007.08.22 is missing important data.
Fetching coordinates for case number 2007.08.20.
Got coordinates for case number 2007.09.27.a. Lat: 24.950000, Long: 35.833333
Got timezone for case number 2007.09.30.c. Timezone: America/Los_Angeles
Fetching coordinates for case number 2007.08.19.c.
Got coordinates for case number 2007.09.20. Lat: 29.025819, Long: -80.926998
Got timezone for case number 2007.09.30.b. Timezone: Asia/Manila
Fetching coordinates for case number 2007.08.19.b.
Got coordinates for case number 2007.09.16.b. Lat: 29.025819, Long: -80.926998
Got timezone for case number 2007.09.28. Timezone: America/Nassau
Fetching coordinates for case number 2007.08.19.a..
Got coordinates for case number 2007.09.13. Lat: 26.192028, Long: -80.096433
Got timezone for case number 2007.09.27.b. Timezone: America/Los_Angeles
Case number 2007.08.15 is missing time data.
Fetching coordinates for case number 2007.08.12.
Got coordinates for case number 2007.09.08. Lat: 27.495749, Long: -80.301017
Got coordinates for case number 2007.09.04. Lat: 32.762902, Long: -79.836247
Got coordinates for case number 2007.09.05. Lat: 29.210815, Long: -81.022833
Got coordinates for case number 2007.09.03.a. Lat: 26.122439, Long: -80.137317
Got coordinates for case number 2007.08.28.b. Lat: 21.554224, Long: -157.850469
Got coordinates for case number 2007.08.28.a. Lat: 36.696343, Long: -121.809074
Got coordinates for case number 2007.08.26. Lat: 29.025819, Long: -80.926998
Got coordinates for case number 2007.08.20. Lat: 38.612817, Long: -75.071685
Got timezone for case number 2007.09.27.a. Timezone: UTC
Fetching coordinates for case number 2007.08.11.
Got timezone for case number 2007.09.20. Timezone: America/New_York
Fetching coordinates for case number 2007.08.09.b.
Got coordinates for case number 2007.08.19.c. Lat: 24.963483, Long: -80.568406
Got timezone for case number 2007.09.16.b. Timezone: America/New_York
Fetching coordinates for case number 2007.08.09.a.
Got timezone for case number 2007.09.13. Timezone: America/New_York
Case number 2007.08.07 is missing time data.
Case number 2007.07.29 is missing time data.
Fetching coordinates for case number 2007.07.28.
Got timezone for case number 2007.09.04. Timezone: America/New_York
Case number 2007.07.22 is missing important data.
Fetching coordinates for case number 2007.07.21.
Got timezone for case number 2007.09.08. Timezone: America/New_York
Fetching coordinates for case number 2007.07.19.b.
Got timezone for case number 2007.09.05. Timezone: America/New_York
Fetching coordinates for case number 2007.07.19.a.
Got coordinates for case number 2007.08.19.b. Lat: 29.025819, Long: -80.926998
Got coordinates for case number 2007.08.12. Lat: 29.025819, Long: -80.926998
Got coordinates for case number 2007.08.19.a.. Lat: 33.633402, Long: -78.955381
Got timezone for case number 2007.09.03.a. Timezone: America/New_York
Fetching coordinates for case number 2007.07.18.b.
Got timezone for case number 2007.08.28.b. Timezone: Pacific/Honolulu
Case number 2007.07.18.a is missing important data.
Fetching coordinates for case number 2007.07.17.b.
Got timezone for case number 2007.08.26. Timezone: America/New_York
Fetching coordinates for case number 2007.07.17.a.
Got timezone for case number 2007.08.28.a. Timezone: America/Los_Angeles
Fetching coordinates for case number 2007.07.10.
Got timezone for case number 2007.08.20. Timezone: America/New_York
Fetching coordinates for case number 2007.07.05.
Got coordinates for case number 2007.08.11. Lat: 29.096373, Long: -80.936998
Got timezone for case number 2007.08.19.c. Timezone: America/New_York
Fetching coordinates for case number 2007.07.04.
Got coordinates for case number 2007.08.09.b. Lat: 32.798653, Long: -79.758381
Got coordinates for case number 2007.08.09.a. Lat: 32.798653, Long: -79.758381
Got coordinates for case number 2007.07.28. Lat: 32.583944, Long: -117.113085
Got timezone for case number 2007.08.19.b. Timezone: America/New_York
Case number 2007.07.00 is missing important data.
Case number 2007.06.30.b is missing important data.
Fetching coordinates for case number 2007.06.30.a.
Got timezone for case number 2007.08.19.a.. Timezone: America/New_York
Fetching coordinates for case number 2007.06.25.
Got coordinates for case number 2007.07.21. Lat: 37.227361, Long: -122.410977
Got coordinates for case number 2007.07.19.a. Lat: -12.088819, Long: 96.884027
Got timezone for case number 2007.08.12. Timezone: America/New_York
Fetching coordinates for case number 2007.06.24.
Got coordinates for case number 2007.07.19.b. Lat: 21.383333, Long: -157.708889
Got coordinates for case number 2007.07.18.b. Lat: 34.490167, Long: -77.431630
Got coordinates for case number 2007.07.17.b. Lat: 34.318282, Long: -119.387053
Got coordinates for case number 2007.07.17.a. Lat: 34.699050, Long: -76.740211
Got timezone for case number 2007.08.11. Timezone: America/New_York
Fetching coordinates for case number 2007.06.17.
Got coordinates for case number 2007.07.10. Lat: 26.355503, Long: -77.148516
Got coordinates for case number 2007.07.05. Lat: 29.096373, Long: -80.936998
Got coordinates for case number 2007.07.04. Lat: -21.031564, Long: 55.227302
Got timezone for case number 2007.08.09.b. Timezone: America/New_York
Fetching coordinates for case number 2007.06.12.
Got timezone for case number 2007.07.28. Timezone: America/Los_Angeles
Case number 2007.06.05 is missing time data.
Fetching coordinates for case number 2007.05.26.
Got timezone for case number 2007.07.21. Timezone: America/Los_Angeles
Case number 2007.05.24 is missing time data.
Case number 2007.05.17.R is missing time data.
Fetching coordinates for case number 2007.05.16.
Got timezone for case number 2007.08.09.a. Timezone: America/New_York
Fetching coordinates for case number 2007.05.12.
Got timezone for case number 2007.07.19.a. Timezone: Indian/Cocos
Fetching coordinates for case number 2007.05.10.
Got coordinates for case number 2007.06.30.a. Lat: 34.034319, Long: -118.535257
Got coordinates for case number 2007.06.25. Lat: 29.025819, Long: -80.926998
Got coordinates for case number 2007.06.24. Lat: 21.580129, Long: -158.152344
Got timezone for case number 2007.07.19.b. Timezone: Pacific/Honolulu
Case number 2007.05.09.R is missing important data.
Fetching coordinates for case number 2007.05.08.
Got timezone for case number 2007.07.18.b. Timezone: America/New_York
Fetching coordinates for case number 2007.05.07.b.
Got timezone for case number 2007.07.17.b. Timezone: America/Los_Angeles
Fetching coordinates for case number 2007.05.07.a.
Got timezone for case number 2007.07.17.a. Timezone: America/New_York
Case number 2007.05.04 is missing important data.
Case number 2007.05.00 is missing important data.
Fetching coordinates for case number 2007.04.26.
Got timezone for case number 2007.07.05. Timezone: America/New_York
Fetching coordinates for case number 2007.04.22.
Got timezone for case number 2007.07.10. Timezone: America/Nassau
Fetching coordinates for case number 2007.04.20.
Got coordinates for case number 2007.06.17. Lat: 29.938579, Long: -81.302017
Got timezone for case number 2007.07.04. Timezone: Indian/Reunion
Case number 2007.04.13.R is missing important data.
Fetching coordinates for case number 2007.04.09.
Got coordinates for case number 2007.06.12. Lat: 27.266972, Long: -82.546344
Got coordinates for case number 2007.05.16. Lat: -23.142298, Long: 113.772311
Got coordinates for case number 2007.05.26. Lat: 33.592947, Long: -79.008646
Got coordinates for case number 2007.05.12. Lat: -38.372095, Long: 142.477778
Got timezone for case number 2007.06.30.a. Timezone: America/Los_Angeles
Fetching coordinates for case number 2007.04.01.
Got coordinates for case number 2007.05.10. Lat: 29.025819, Long: -80.926998
Got timezone for case number 2007.06.25. Timezone: America/New_York
Fetching coordinates for case number 2007.03.31.b.
Got timezone for case number 2007.06.24. Timezone: Pacific/Honolulu
Fetching coordinates for case number 2007.03.31.a.
Got coordinates for case number 2007.05.08. Lat: -28.251915, Long: 153.574525
Got coordinates for case number 2007.05.07.b. Lat: 20.703916, Long: -156.446324
Got coordinates for case number 2007.05.07.a. Lat: 26.142036, Long: -81.794810
Got coordinates for case number 2007.04.26. Lat: -16.517487, Long: 139.405944
Got timezone for case number 2007.06.17. Timezone: America/New_York
Case number 2007.03.22 is missing time data.
Case number 2007.03.21 is missing time data.
Fetching coordinates for case number 2007.03.20.
Got coordinates for case number 2007.04.22. Lat: 27.354567, Long: -80.248860
Got coordinates for case number 2007.04.20. Lat: 29.025819, Long: -80.926998
Got coordinates for case number 2007.04.09. Lat: -22.156043, Long: 166.444740
Got timezone for case number 2007.06.12. Timezone: America/New_York
Case number 2007.03.14.R is missing important data.
Fetching coordinates for case number 2007.03.12.
Got timezone for case number 2007.05.16. Timezone: Australia/Perth
Fetching coordinates for case number 2007.03.11.
Got timezone for case number 2007.05.10. Timezone: America/New_York
Case number 2007.03.05.R is missing important data.
Case number 2007.02.04 is missing important data.
Fetching coordinates for case number 2007.02.03.
Got timezone for case number 2007.05.26. Timezone: America/New_York
Case number 2007.02.00 is missing important data.
Fetching coordinates for case number 2007.01.25.b.
Got timezone for case number 2007.05.12. Timezone: Australia/Melbourne
Fetching coordinates for case number 2007.01.25.a.
Got coordinates for case number 2007.03.31.b. Lat: 27.310049, Long: -80.222499
Got coordinates for case number 2007.04.01. Lat: 29.025819, Long: -80.926998
Got timezone for case number 2007.05.08. Timezone: Australia/Sydney
Fetching coordinates for case number 2007.01.23.
Got timezone for case number 2007.05.07.b. Timezone: Pacific/Honolulu
Case number 2007.01.19 is missing important data.
Case number 2007.01.14 is missing time data.
Fetching coordinates for case number 2007.01.09.
Got coordinates for case number 2007.03.31.a. Lat: 27.275216, Long: -80.206913
Got timezone for case number 2007.05.07.a. Timezone: America/New_York
Fetching coordinates for case number 2007.01.07.
Got timezone for case number 2007.04.26. Timezone: Australia/Brisbane
Fetching coordinates for case number 2007.01.05.
Got timezone for case number 2007.04.22. Timezone: America/New_York
Fetching coordinates for case number 2006.12.18.
Got coordinates for case number 2007.03.20. Lat: -28.497270, Long: 153.546274
Got timezone for case number 2007.04.20. Timezone: America/New_York
Fetching coordinates for case number 2006.12.11.
Got timezone for case number 2007.04.09. Timezone: Pacific/Noumea
Fetching coordinates for case number 2006.12.10.
Got coordinates for case number 2007.03.12. Lat: -24.843908, Long: 152.314315
Got coordinates for case number 2007.03.11. Lat: 27.221060, Long: -80.179080
Got coordinates for case number 2007.01.25.b. Lat: -20.668333, Long: 164.396866
Got timezone for case number 2007.03.31.b. Timezone: America/New_York
Case number 2006.12.06 is missing time data.
Fetching coordinates for case number 2006.12.02.
Got coordinates for case number 2007.02.03. Lat: -33.370085, Long: 151.483108
Got timezone for case number 2007.04.01. Timezone: America/New_York
Fetching coordinates for case number 2006.11.25.
Got coordinates for case number 2007.01.25.a. Lat: 26.452025, Long: -81.948145
Got coordinates for case number 2007.01.23. Lat: -37.502177, Long: 149.978183
Got timezone for case number 2007.03.31.a. Timezone: America/New_York
Fetching coordinates for case number 2006.11.11.
Got coordinates for case number 2007.01.09. Lat: -32.387195, Long: 152.522688
Got coordinates for case number 2007.01.07. Lat: 40.738546, Long: -72.847305
Got coordinates for case number 2007.01.05. Lat: 22.009737, Long: -159.776975
Got timezone for case number 2007.03.20. Timezone: Australia/Sydney
Case number 2006.11.09 is missing time data.
Case number 2006.10.31 is missing time data.
Case number 2006.10.16 is missing important data.
Fetching coordinates for case number 2006.10.10.
Got coordinates for case number 2006.12.18. Lat: -38.368083, Long: 144.284955
Got coordinates for case number 2006.12.11. Lat: -37.821612, Long: 174.812447
Got coordinates for case number 2006.12.10. Lat: 38.248992, Long: -122.966489
Got timezone for case number 2007.03.12. Timezone: Australia/Brisbane
Case number 2006.10.07 is missing important data.
Fetching coordinates for case number 2006.10.05.
Got timezone for case number 2007.03.11. Timezone: America/New_York
Case number 2006.10.00.b is missing important data.
Case number 2006.10.00.a is missing important data.
Case number 2006.09.30 is missing important data.
Case number 2006.09.29 is missing important data.
Case number 2006.09.18.R is missing important data.
Case number 2006.09.16 is missing time data.
Fetching coordinates for case number 2006.09.14.
Got timezone for case number 2007.01.25.b. Timezone: Pacific/Noumea
Case number 2006.09.11 is missing important data.
Fetching coordinates for case number 2006.09.04.
Got timezone for case number 2007.02.03. Timezone: Australia/Sydney
Case number 2006.09.03.b is missing important data.
Fetching coordinates for case number 2006.09.03.a.
Got coordinates for case number 2006.12.02. Lat: -33.938269, Long: 122.543818
Got timezone for case number 2007.01.25.a. Timezone: America/New_York
Fetching coordinates for case number 2006.09.02.
Got coordinates for case number 2006.11.25. Lat: 9.514828, Long: 125.696998
Got timezone for case number 2007.01.23. Timezone: Australia/Sydney
Case number 2006.09.02 is missing important data.
Case number 2006.08.29.b is missing time data.
Fetching coordinates for case number 2006.08.29.a.
Got coordinates for case number 2006.11.11. Lat: 20.739941, Long: -156.454187
Got timezone for case number 2007.01.09. Timezone: Australia/Sydney
Fetching coordinates for case number 2006.08.27.
Got timezone for case number 2007.01.07. Timezone: America/New_York
Case number 2006.08.22.b is missing important data.
Case number 2006.08.22.a is missing important data.
Case number 2006.08.20.b is missing important data.
Fetching coordinates for case number 2006.08.20.a.
Got timezone for case number 2007.01.05. Timezone: Pacific/Honolulu
Case number 2006.08.15 is missing important data.
Fetching coordinates for case number 2006.08.13.
Got coordinates for case number 2006.10.10. Lat: 29.210815, Long: -81.022833
Got timezone for case number 2006.12.18. Timezone: Australia/Melbourne
parse error: time data '2006.08.00 12h00' does not match format '%Y.%m.%d %Hh%M'
Case number 2006.08.00.b has invalid time data.
Case number 2006.08.00.a is missing important data.
Case number 2006.07.31.R is missing important data.
Fetching coordinates for case number 2006.07.31.a.
Got timezone for case number 2006.12.11. Timezone: Pacific/Auckland
Case number 2006.07.29.b is missing time data.
Case number 2006.07.29.a is missing important data.
Fetching coordinates for case number 2006.07.28.
Got timezone for case number 2006.12.10. Timezone: America/Los_Angeles
Fetching coordinates for case number 2006.07.25.
Got coordinates for case number 2006.09.14. Lat: 26.784154, Long: -80.036027
Got coordinates for case number 2006.10.05. Lat: 29.025819, Long: -80.926998
Got timezone for case number 2006.12.02. Timezone: Australia/Perth
Case number 2006.07.23 is missing important data.
Case number 2006.07.17.R is missing important data.
Fetching coordinates for case number 2006.07.17.
Got coordinates for case number 2006.09.04. Lat: -18.287067, Long: 147.699192
Got coordinates for case number 2006.09.03.a. Lat: 29.025819, Long: -80.926998
Got timezone for case number 2006.11.25. Timezone: Asia/Manila
Case number 2006.07.13 is missing important data.
Fetching coordinates for case number 2006.07.12.
Got timezone for case number 2006.11.11. Timezone: Pacific/Honolulu
Case number 2006.07.10 is missing important data.
Fetching coordinates for case number 2006.07.09.b.
Got coordinates for case number 2006.08.29.a. Lat: -35.847974, Long: 137.750861
Got coordinates for case number 2006.08.20.a. Lat: -21.329805, Long: 55.451603
Got coordinates for case number 2006.08.27. Lat: -21.027254, Long: 55.226481
Got coordinates for case number 2006.08.13. Lat: -34.101389, Long: 18.489444
Got timezone for case number 2006.10.10. Timezone: America/New_York
Fetching coordinates for case number 2006.07.09.a.
Got coordinates for case number 2006.09.02. Lat: 29.025819, Long: -80.926998
Got coordinates for case number 2006.07.31.a. Lat: 45.769811, Long: -123.959093
Got coordinates for case number 2006.07.28. Lat: -34.133732, Long: 18.424136
Got coordinates for case number 2006.07.25. Lat: 29.025819, Long: -80.926998
Got timezone for case number 2006.09.14. Timezone: America/New_York
Fetching coordinates for case number 2006.07.08.b.
Got timezone for case number 2006.10.05. Timezone: America/New_York
Fetching coordinates for case number 2006.07.08.a.
Got timezone for case number 2006.09.04. Timezone: UTC
Case number 2006.06.30.b is missing important data.
Case number 2006.06.30.a is missing important data.
Fetching coordinates for case number 2006.06.27.
Got timezone for case number 2006.09.03.a. Timezone: America/New_York
Case number 2006.06.26 is missing time data.
Fetching coordinates for case number 2006.06.24.
Got coordinates for case number 2006.07.17. Lat: 32.188539, Long: -80.699275
Got coordinates for case number 2006.07.12. Lat: 32.610684, Long: -80.051085
Got timezone for case number 2006.08.27. Timezone: Indian/Reunion
Fetching coordinates for case number 2006.06.20.
Got timezone for case number 2006.08.29.a. Timezone: Australia/Adelaide
Fetching coordinates for case number 2006.06.18.
Got timezone for case number 2006.08.20.a. Timezone: Indian/Reunion
Fetching coordinates for case number 2006.06.17.
Got timezone for case number 2006.08.13. Timezone: Africa/Johannesburg
Fetching coordinates for case number 2006.06.15.
Got coordinates for case number 2006.07.09.b. Lat: 29.025819, Long: -80.926998
Got coordinates for case number 2006.07.09.a. Lat: 30.240006, Long: -81.385260
Got timezone for case number 2006.07.31.a. Timezone: America/Los_Angeles
Fetching coordinates for case number 2006.06.07.
Got timezone for case number 2006.09.02. Timezone: America/New_York
Fetching coordinates for case number 2006.06.05.
Got timezone for case number 2006.07.28. Timezone: Africa/Johannesburg
Fetching coordinates for case number 2006.05.31.
Got timezone for case number 2006.07.25. Timezone: America/New_York
Case number 2006.05.28 is missing time data.
Fetching coordinates for case number 2006.05.27.
Got coordinates for case number 2006.07.08.b. Lat: 33.369056, Long: -79.151711
Got coordinates for case number 2006.07.08.a. Lat: 28.655518, Long: -80.631829
Got coordinates for case number 2006.06.24. Lat: 24.706381, Long: -78.019539
Got coordinates for case number 2006.06.27. Lat: 27.354567, Long: -80.248860
Got timezone for case number 2006.07.17. Timezone: America/New_York
Fetching coordinates for case number 2006.05.24.
Got timezone for case number 2006.07.12. Timezone: America/New_York
Fetching coordinates for case number 2006.05.21.
Got coordinates for case number 2006.06.18. Lat: -7.992019, Long: -34.842237
Got coordinates for case number 2006.06.20. Lat: 29.025819, Long: -80.926998
Got coordinates for case number 2006.06.17. Lat: 36.600238, Long: -121.894676
Got coordinates for case number 2006.06.15. Lat: 29.025819, Long: -80.926998
Got timezone for case number 2006.07.09.b. Timezone: America/New_York
Fetching coordinates for case number 2006.05.19.
Got timezone for case number 2006.07.09.a. Timezone: America/New_York
Fetching coordinates for case number 2006.05.10.
Got coordinates for case number 2006.06.07. Lat: 32.141562, Long: -80.751062
Got coordinates for case number 2006.06.05. Lat: -35.564942, Long: 138.577304
Got timezone for case number 2006.07.08.b. Timezone: America/New_York
Fetching coordinates for case number 2006.05.04.
Got coordinates for case number 2006.05.31. Lat: 21.438912, Long: -158.000056
Got timezone for case number 2006.07.08.a. Timezone: America/New_York
Fetching coordinates for case number 2006.05.02.
Got coordinates for case number 2006.05.27. Lat: 21.561657, Long: -158.071598
Got timezone for case number 2006.06.24. Timezone: America/Nassau
Case number 2006.04.23.R is missing important data.
Case number 2006.04.21 is missing important data.
Fetching coordinates for case number 2006.04.19.
Got timezone for case number 2006.06.27. Timezone: America/New_York
Case number 2006.04.13 is missing time data.
Fetching coordinates for case number 2006.04.11.
Got coordinates for case number 2006.05.24. Lat: 20.816598, Long: -156.927319
Got coordinates for case number 2006.05.21. Lat: -8.118070, Long: -34.893239
Got timezone for case number 2006.06.18. Timezone: America/Recife
Fetching coordinates for case number 2006.04.09.b.
Got timezone for case number 2006.06.17. Timezone: America/Los_Angeles
Case number 2006.04.09.a is missing time data.
Fetching coordinates for case number 2006.04.03.
Got timezone for case number 2006.06.20. Timezone: America/New_York
Case number 2006.03.28.R is missing important data.
Fetching coordinates for case number 2006.03.23.
Got timezone for case number 2006.06.15. Timezone: America/New_York
Case number 2006.03.22 is missing important data.
Fetching coordinates for case number 2006.03.19.
Got coordinates for case number 2006.05.19. Lat: 13.382379, Long: 144.697277
Got coordinates for case number 2006.05.10. Lat: 28.320007, Long: -80.607551
Got timezone for case number 2006.06.07. Timezone: America/New_York
Fetching coordinates for case number 2006.03.15.
Got timezone for case number 2006.06.05. Timezone: Australia/Adelaide
Fetching coordinates for case number 2006.02.27.
Got coordinates for case number 2006.05.04. Lat: 27.354567, Long: -80.248860
Got timezone for case number 2006.05.31. Timezone: Pacific/Honolulu
Case number 2006.02.23 is missing time data.
Fetching coordinates for case number 2006.02.13.
Got timezone for case number 2006.05.27. Timezone: Pacific/Honolulu
Case number 2006.02.12.b is missing important data.
Fetching coordinates for case number 2006.02.12.a.
Got coordinates for case number 2006.05.02. Lat: -26.793437, Long: 153.135491
Got coordinates for case number 2006.04.11. Lat: -32.931004, Long: 151.785716
Got coordinates for case number 2006.04.19. Lat: 29.210815, Long: -81.022833
Got timezone for case number 2006.05.24. Timezone: Pacific/Honolulu
Case number 2006.02.08 is missing time data.
Fetching coordinates for case number 2006.02.01.b.
Got timezone for case number 2006.05.21. Timezone: America/Recife
Case number 2006.02.01.a is missing time data.
Case number 2006.01.28.R is missing important data.
Fetching coordinates for case number 2006.01.25.
Got coordinates for case number 2006.04.03. Lat: 25.939741, Long: -81.707535
Got coordinates for case number 2006.03.19. Lat: -18.141637, Long: 177.507431
Got coordinates for case number 2006.03.23. Lat: 21.641505, Long: -158.067127
Got coordinates for case number 2006.04.09.b. Lat: -34.162856, Long: 24.819044
Got timezone for case number 2006.05.19. Timezone: Pacific/Guam
Case number 2006.01.23 is missing important data.
Fetching coordinates for case number 2006.01.18.
Got timezone for case number 2006.05.10. Timezone: America/New_York
Fetching coordinates for case number 2006.01.15.
Got coordinates for case number 2006.03.15. Lat: -33.893963, Long: 151.264036
Got coordinates for case number 2006.02.27. Lat: 20.654444, Long: -156.442500
Got timezone for case number 2006.05.04. Timezone: America/New_York
Case number 2006.01.11 is missing time data.
Fetching coordinates for case number 2006.01.07.
Got coordinates for case number 2006.02.13. Lat: -26.804400, Long: 153.125464
Got timezone for case number 2006.04.11. Timezone: Australia/Sydney
Fetching coordinates for case number 2006.01.04.
Got timezone for case number 2006.04.19. Timezone: America/New_York
Case number 2006.01.01 is missing important data.
Fetching coordinates for case number 2005.12.24.
Got timezone for case number 2006.05.02. Timezone: Australia/Brisbane
Fetching coordinates for case number 2005.12.21.
Got coordinates for case number 2006.02.12.a. Lat: -35.019285, Long: 138.514781
Got coordinates for case number 2006.02.01.b. Lat: -18.665118, Long: -174.032273
Got timezone for case number 2006.04.03. Timezone: America/New_York
Case number 2005.12.20 is missing important data.
Fetching coordinates for case number 2005.12.11.
Got coordinates for case number 2006.01.25. Lat: -31.983663, Long: 29.147647
Got timezone for case number 2006.03.19. Timezone: Pacific/Fiji
Fetching coordinates for case number 2005.12.05.R.
Got timezone for case number 2006.04.09.b. Timezone: Africa/Johannesburg
Case number 2005.11.29.R is missing important data.
Fetching coordinates for case number 2005.11.27.
Got timezone for case number 2006.03.23. Timezone: Pacific/Honolulu
Case number 2005.11.25.c is missing important data.
Fetching coordinates for case number 2005.11.25.b.
Got coordinates for case number 2006.01.15. Lat: -31.927128, Long: 115.765908
Got coordinates for case number 2006.01.18. Lat: 36.974117, Long: -122.030796
Got timezone for case number 2006.03.15. Timezone: Australia/Sydney
Fetching coordinates for case number 2005.11.25.a.
Got timezone for case number 2006.02.27. Timezone: Pacific/Honolulu
Fetching coordinates for case number 2005.11.24.
Got coordinates for case number 2006.01.07. Lat: -27.397866, Long: 153.439061
Got timezone for case number 2006.02.13. Timezone: Australia/Brisbane
Case number 2005.11.21 is missing time data.
Fetching coordinates for case number 2005.11.20.
Got coordinates for case number 2005.12.24. Lat: 45.941496, Long: -123.956806
Got coordinates for case number 2005.12.21. Lat: 20.703916, Long: -156.446324
Got timezone for case number 2006.02.12.a. Timezone: Australia/Adelaide
Case number 2005.11.16.R is missing important data.
Fetching coordinates for case number 2005.11.15.
Got timezone for case number 2006.02.01.b. Timezone: Pacific/Tongatapu
Fetching coordinates for case number 2005.11.12.
Got coordinates for case number 2006.01.04. Lat: 27.561401, Long: -80.323567
Got timezone for case number 2006.01.25. Timezone: Africa/Johannesburg
Fetching coordinates for case number 2005.11.02.b.
Got coordinates for case number 2005.12.11. Lat: -16.103869, Long: 145.830132
Got coordinates for case number 2005.12.05.R. Lat: -34.908320, Long: 138.591911
Got coordinates for case number 2005.11.27. Lat: 29.096373, Long: -80.936998
Got coordinates for case number 2005.11.25.b. Lat: -38.434454, Long: 144.972631
Got timezone for case number 2006.01.15. Timezone: Australia/Perth
Fetching coordinates for case number 2005.11.02.a.
Got timezone for case number 2006.01.18. Timezone: America/Los_Angeles
Case number 2005.10.29 is missing important data.
Fetching coordinates for case number 2005.10.25.
Got coordinates for case number 2005.11.25.a. Lat: -32.986916, Long: 27.938081
Got timezone for case number 2006.01.07. Timezone: Australia/Brisbane
Case number 2005.10.22 is missing time data.
Fetching coordinates for case number 2005.10.21.
Got coordinates for case number 2005.11.24. Lat: -21.493098, Long: 167.996704
Got coordinates for case number 2005.11.20. Lat: 29.025819, Long: -80.926998
Got timezone for case number 2005.12.24. Timezone: America/Los_Angeles
Fetching coordinates for case number 2005.10.19.
Got timezone for case number 2005.12.21. Timezone: Pacific/Honolulu
Fetching coordinates for case number 2005.10.15.
Got timezone for case number 2006.01.04. Timezone: America/New_York
Fetching coordinates for case number 2005.10.13.
Got coordinates for case number 2005.11.15. Lat: -34.081012, Long: 24.908671
Got timezone for case number 2005.12.11. Timezone: UTC
Fetching coordinates for case number 2005.10.11.
Got timezone for case number 2005.12.05.R. Timezone: Australia/Adelaide
Fetching coordinates for case number 2005.10.06.
Got coordinates for case number 2005.11.02.b. Lat: 37.495570, Long: -122.496687
Got timezone for case number 2005.11.27. Timezone: America/New_York
Case number 2005.10.03 is missing important data.
Fetching coordinates for case number 2005.10.01.
Got timezone for case number 2005.11.25.b. Timezone: Australia/Melbourne
Case number 2005.09.27.R is missing important data.
Fetching coordinates for case number 2005.09.24.
Got coordinates for case number 2005.11.12. Lat: 29.025819, Long: -80.926998
Got coordinates for case number 2005.10.25. Lat: 18.038565, Long: -63.116328
Got coordinates for case number 2005.11.02.a. Lat: 37.759392, Long: -122.510734
Got timezone for case number 2005.11.25.a. Timezone: Africa/Johannesburg
Case number 2005.09.23 is missing time data.
Fetching coordinates for case number 2005.09.22.
Got coordinates for case number 2005.10.21. Lat: 41.707629, Long: -123.965971
Got timezone for case number 2005.11.24. Timezone: Pacific/Noumea
Fetching coordinates for case number 2005.09.20.
Got timezone for case number 2005.11.20. Timezone: America/New_York
Fetching coordinates for case number 2005.09.11.
Got coordinates for case number 2005.10.19. Lat: 38.350554, Long: -123.062388
Got coordinates for case number 2005.10.15. Lat: 29.096373, Long: -80.936998
Got timezone for case number 2005.11.15. Timezone: Africa/Johannesburg
Case number 2005.09.07 is missing time data.
Fetching coordinates for case number 2005.09.05.
Got coordinates for case number 2005.10.13. Lat: 20.971518, Long: -156.677114
Got coordinates for case number 2005.10.11. Lat: 19.322170, Long: -81.240869
Got coordinates for case number 2005.10.06. Lat: 29.096373, Long: -80.936998
Got timezone for case number 2005.11.02.b. Timezone: America/Los_Angeles
Fetching coordinates for case number 2005.09.04.a.
Got timezone for case number 2005.11.12. Timezone: America/New_York
Fetching coordinates for case number 2005.09.02.b.
Got timezone for case number 2005.11.02.a. Timezone: America/Los_Angeles
Case number 2005.09.02.a is missing important data.
Fetching coordinates for case number 2005.08.24.b.
Got timezone for case number 2005.10.25. Timezone: America/Curacao
Fetching coordinates for case number 2005.08.24.a.
Got coordinates for case number 2005.09.24. Lat: -35.775243, Long: 137.214242
Got coordinates for case number 2005.10.01. Lat: -34.143708, Long: 18.436244
Got coordinates for case number 2005.09.22. Lat: 25.949004, Long: -81.742783
Got timezone for case number 2005.10.21. Timezone: America/Los_Angeles
Case number 2005.08.22 is missing time data.
Case number 2005.08.21 is missing time data.
Fetching coordinates for case number 2005.08.19.
Got coordinates for case number 2005.09.20. Lat: 33.695422, Long: -78.880209
Got timezone for case number 2005.10.19. Timezone: America/Los_Angeles
Case number 2005.08.14 is missing important data.
Fetching coordinates for case number 2005.08.12.
Got coordinates for case number 2005.09.11. Lat: 32.654946, Long: -79.940532
Got timezone for case number 2005.10.15. Timezone: America/New_York
Fetching coordinates for case number 2005.08.06.
Got timezone for case number 2005.10.13. Timezone: Pacific/Honolulu
Case number 2005.08.01 is missing important data.
Fetching coordinates for case number 2005.07.27.
Got coordinates for case number 2005.09.05. Lat: 34.490167, Long: -77.431630
Got timezone for case number 2005.10.11. Timezone: America/Cayman
Fetching coordinates for case number 2005.07.23.
Got timezone for case number 2005.10.06. Timezone: America/New_York
Fetching coordinates for case number 2005.07.22.
Got coordinates for case number 2005.09.02.b. Lat: 29.096373, Long: -80.936998
Got coordinates for case number 2005.09.04.a. Lat: -34.333333, Long: 135.750000
Got timezone for case number 2005.10.01. Timezone: Africa/Johannesburg
Case number 2005.07.17.b is missing important data.
Case number 2005.07.17.a is missing important data.
Case number 2005.07.15.R is missing important data.
Fetching coordinates for case number 2005.07.15.
Got coordinates for case number 2005.08.24.b. Lat: -34.980383, Long: 138.513119
Got timezone for case number 2005.09.24. Timezone: Australia/Adelaide
Fetching coordinates for case number 2005.07.13.
Got coordinates for case number 2005.08.24.a. Lat: 32.868140, Long: -117.250323
Got timezone for case number 2005.09.22. Timezone: America/New_York
Fetching coordinates for case number 2005.07.01.
Got coordinates for case number 2005.08.19. Lat: 29.457177, Long: -94.639638
Got timezone for case number 2005.09.20. Timezone: America/New_York
Fetching coordinates for case number 2005.06.27.
Got timezone for case number 2005.09.11. Timezone: America/New_York
Fetching coordinates for case number 2005.06.25.
Got coordinates for case number 2005.08.12. Lat: 34.016343, Long: -77.902964
Got coordinates for case number 2005.08.06. Lat: 32.798653, Long: -79.758381
Got coordinates for case number 2005.07.27. Lat: 29.249284, Long: -81.023035
Got timezone for case number 2005.09.05. Timezone: America/New_York
Case number 2005.06.22 is missing time data.
Fetching coordinates for case number 2005.06.21.
Got coordinates for case number 2005.07.23. Lat: 29.285813, Long: -81.055889
Got timezone for case number 2005.09.02.b. Timezone: America/New_York
Fetching coordinates for case number 2005.06.18.
Got coordinates for case number 2005.07.22. Lat: 29.071135, Long: -80.922847
Got timezone for case number 2005.08.24.b. Timezone: Australia/Adelaide
Case number 2005.06.16 is missing time data.
Case number 2005.06.13 is missing important data.
Fetching coordinates for case number 2005.06.07.
Got timezone for case number 2005.09.04.a. Timezone: Australia/Adelaide
Fetching coordinates for case number 2005.06.05.
Got coordinates for case number 2005.07.15. Lat: 33.913921, Long: -78.269388
Got coordinates for case number 2005.07.13. Lat: 29.380790, Long: -94.764362
Got timezone for case number 2005.08.24.a. Timezone: America/Los_Angeles
Fetching coordinates for case number 2005.06.04.
Got coordinates for case number 2005.07.01. Lat: 26.749015, Long: -82.261672
Got timezone for case number 2005.08.19. Timezone: America/Chicago
Case number 2005.06.02 is missing time data.
Fetching coordinates for case number 2005.05.28.
Got timezone for case number 2005.08.12. Timezone: America/New_York
Fetching coordinates for case number 2005.05.27.
Got coordinates for case number 2005.06.27. Lat: 29.667548, Long: -85.352478
Got timezone for case number 2005.08.06. Timezone: America/New_York
Fetching coordinates for case number 2005.05.25.
Got coordinates for case number 2005.06.25. Lat: 30.564020, Long: -86.175176
Got timezone for case number 2005.07.27. Timezone: America/New_York
Case number 2005.05.15 is missing important data.
Fetching coordinates for case number 2005.05.14.
Got coordinates for case number 2005.06.21. Lat: 30.840634, Long: -115.283759
Got timezone for case number 2005.07.23. Timezone: America/New_York
Case number 2005.05.03 is missing important data.
Case number 2005.05.02.R is missing important data.
Fetching coordinates for case number 2005.05.02.
Got timezone for case number 2005.07.22. Timezone: America/New_York
Fetching coordinates for case number 2005.04.25.
Got coordinates for case number 2005.06.18. Lat: 20.798363, Long: -156.331925
Got coordinates for case number 2005.06.07. Lat: 32.610684, Long: -80.051085
Got coordinates for case number 2005.06.05. Lat: 39.662365, Long: -74.165522
Got timezone for case number 2005.07.15. Timezone: America/New_York
Case number 2005.04.17.R is missing important data.
Case number 2005.04.16.b is missing important data.
Fetching coordinates for case number 2005.04.16.a.
Got timezone for case number 2005.07.13. Timezone: America/Chicago
Case number 2005.04.13 is missing important data.
Case number 2005.04.09 is missing important data.
Fetching coordinates for case number 2005.04.07.
Got timezone for case number 2005.07.01. Timezone: America/New_York
Case number 2005.04.06 is missing important data.
Case number 2005.04.06 is missing important data.
Fetching coordinates for case number 2005.03.28.
Got coordinates for case number 2005.06.04. Lat: -34.228982, Long: 18.470493
Got coordinates for case number 2005.05.28. Lat: 29.176093, Long: -80.982832
Got timezone for case number 2005.06.27. Timezone: America/Chicago
Case number 2005.03.27.R is missing important data.
Fetching coordinates for case number 2005.03.25.
Got coordinates for case number 2005.05.27. Lat: 27.962149, Long: -82.831782
Got timezone for case number 2005.06.25. Timezone: America/Chicago
Fetching coordinates for case number 2005.03.19.
Got coordinates for case number 2005.05.14. Lat: 20.796922, Long: -156.486470
Got coordinates for case number 2005.05.25. Lat: -32.586784, Long: 28.170637
Got timezone for case number 2005.06.21. Timezone: America/Tijuana
Fetching coordinates for case number 2005.03.12.
Got coordinates for case number 2005.05.02. Lat: 20.798363, Long: -156.331925
Got timezone for case number 2005.06.18. Timezone: Pacific/Honolulu
Case number 2005.03.10 is missing important data.
Fetching coordinates for case number 2005.03.09.
Got coordinates for case number 2005.04.25. Lat: -36.426833, Long: 150.076510
Got timezone for case number 2005.06.07. Timezone: America/New_York
Case number 2005.03.05 is missing important data.
Case number 2005.02.26 is missing important data.
Case number 2005.02.22 is missing important data.
Fetching coordinates for case number 2005.02.16.
Got timezone for case number 2005.06.05. Timezone: America/New_York
Case number 2005.02.13 is missing important data.
Case number 2005.02.04 is missing important data.
Case number 2005.01.20 is missing important data.
Case number 2005.01.19 is missing important data.
Fetching coordinates for case number 2005.01.14.
Got coordinates for case number 2005.04.07. Lat: 26.075332, Long: -97.162836
Got coordinates for case number 2005.04.16.a. Lat: -33.903419, Long: 151.268264
Got timezone for case number 2005.06.04. Timezone: Africa/Johannesburg
Fetching coordinates for case number 2005.01.08.
Got coordinates for case number 2005.03.28. Lat: -34.094754, Long: 18.394966
Got timezone for case number 2005.05.28. Timezone: America/New_York
Case number 2004.12.26 is missing important data.
Fetching coordinates for case number 2004.12.16.
Got timezone for case number 2005.05.27. Timezone: America/New_York
Fetching coordinates for case number 2004.12.11.
Got timezone for case number 2005.05.14. Timezone: Pacific/Honolulu
Fetching coordinates for case number 2004.11.27.
Got coordinates for case number 2005.03.25. Lat: 10.480594, Long: -66.903606
Got timezone for case number 2005.05.25. Timezone: Africa/Johannesburg
Case number 2004.11.26 is missing important data.
Fetching coordinates for case number 2004.11.15.
Got coordinates for case number 2005.03.19. Lat: -28.300100, Long: 113.595170
Got timezone for case number 2005.05.02. Timezone: Pacific/Honolulu
Fetching coordinates for case number 2004.11.11.b.
Got timezone for case number 2005.04.25. Timezone: Australia/Sydney
Fetching coordinates for case number 2004.11.11.a.
Got coordinates for case number 2005.03.12. Lat: 35.093156, Long: -106.679267
Got coordinates for case number 2005.03.09. Lat: -37.829623, Long: 178.379647
Got coordinates for case number 2005.02.16. Lat: 21.561657, Long: -158.071598
Got coordinates for case number 2005.01.14. Lat: -38.368788, Long: 144.771284
Got timezone for case number 2005.04.07. Timezone: America/Chicago
Case number 2004.11.00 is missing important data.
Fetching coordinates for case number 2004.10.31.
Got timezone for case number 2005.04.16.a. Timezone: Australia/Sydney
Case number 2004.10.30.x is missing important data.
Case number 2004.10.30.a is missing time data.
Case number 2004.10.21 is missing time data.
Fetching coordinates for case number 2004.10.10.
Got timezone for case number 2005.03.28. Timezone: Africa/Johannesburg
Fetching coordinates for case number 2004.10.09.b.
Got coordinates for case number 2004.12.16. Lat: -34.945303, Long: 138.504435
Got coordinates for case number 2005.01.08. Lat: -35.281642, Long: 174.295681
Got coordinates for case number 2004.12.11. Lat: -22.575197, Long: 144.084793
Got timezone for case number 2005.03.25. Timezone: America/Caracas
Case number 2004.10.09.a is missing time data.
Fetching coordinates for case number 2004.10.06.
Got timezone for case number 2005.03.19. Timezone: Australia/Perth
Fetching coordinates for case number 2004.10.02.
Got coordinates for case number 2004.11.27. Lat: -32.986916, Long: 27.938081
Got coordinates for case number 2004.11.15. Lat: -34.132508, Long: 18.416305
Got timezone for case number 2005.03.12. Timezone: America/Denver
Fetching coordinates for case number 2004.10.01.
Got coordinates for case number 2004.11.11.b. Lat: 40.719515, Long: -124.242601
Got coordinates for case number 2004.11.11.a. Lat: -16.303182, Long: 167.516079
Got timezone for case number 2005.03.09. Timezone: Pacific/Auckland
Fetching coordinates for case number 2004.09.25.
Got timezone for case number 2005.02.16. Timezone: Pacific/Honolulu
Fetching coordinates for case number 2004.09.20.
Got timezone for case number 2005.01.14. Timezone: Australia/Melbourne
Fetching coordinates for case number 2004.09.10.
Got timezone for case number 2004.12.16. Timezone: Australia/Adelaide
Case number 2004.09.08 is missing important data.
Fetching coordinates for case number 2004.09.04.
Got coordinates for case number 2004.10.31. Lat: 21.561667, Long: -77.040833
Got coordinates for case number 2004.10.10. Lat: 38.027194, Long: -122.894142
Got timezone for case number 2005.01.08. Timezone: Pacific/Auckland
Fetching coordinates for case number 2004.08.29.
Got coordinates for case number 2004.10.09.b. Lat: 21.144393, Long: -157.022630
Got timezone for case number 2004.12.11. Timezone: Australia/Brisbane
Fetching coordinates for case number 2004.08.21.
Got timezone for case number 2004.11.27. Timezone: Africa/Johannesburg
Fetching coordinates for case number 2004.08.20.
Got coordinates for case number 2004.10.06. Lat: -21.335184, Long: 55.457401
Got timezone for case number 2004.11.15. Timezone: Africa/Johannesburg
Fetching coordinates for case number 2004.08.15.
Got coordinates for case number 2004.10.02. Lat: 35.142753, Long: -120.641283
Got timezone for case number 2004.11.11.a. Timezone: Pacific/Efate
Fetching coordinates for case number 2004.08.06.
Got timezone for case number 2004.11.11.b. Timezone: America/Los_Angeles
Fetching coordinates for case number 2004.08.03.
Got coordinates for case number 2004.10.01. Lat: 33.605720, Long: -117.923570
Got coordinates for case number 2004.09.25. Lat: -16.412399, Long: 145.769012
Got coordinates for case number 2004.09.20. Lat: 42.407333, Long: -124.421774
Got coordinates for case number 2004.09.10. Lat: 26.111840, Long: -97.168126
Got timezone for case number 2004.10.31. Timezone: America/Havana
Case number 2004.08.00 is missing important data.
Fetching coordinates for case number 2004.07.31.
Got timezone for case number 2004.10.09.b. Timezone: Pacific/Honolulu
Case number 2004.07.30 is missing important data.
Fetching coordinates for case number 2004.07.28.
Got timezone for case number 2004.10.10. Timezone: America/Los_Angeles
Fetching coordinates for case number 2004.07.27.b.
Got coordinates for case number 2004.09.04. Lat: 33.763231, Long: -78.781383
Got coordinates for case number 2004.08.29. Lat: 28.795310, Long: -80.760095
Got coordinates for case number 2004.08.21. Lat: -8.118070, Long: -34.893239
Got timezone for case number 2004.10.06. Timezone: Indian/Reunion
Fetching coordinates for case number 2004.07.27.a.
Got coordinates for case number 2004.08.20. Lat: 33.427352, Long: -117.612600
Got timezone for case number 2004.10.02. Timezone: America/Los_Angeles
Fetching coordinates for case number 2004.07.25.
Got coordinates for case number 2004.08.15. Lat: 39.590280, Long: -123.776670
Got coordinates for case number 2004.08.03. Lat: -28.641912, Long: 153.610517
Got coordinates for case number 2004.08.06. Lat: 27.729188, Long: -82.642274
Got timezone for case number 2004.10.01. Timezone: America/Los_Angeles
Case number 2004.07.19.R is missing important data.
Case number 2004.07.15 is missing important data.
Fetching coordinates for case number 2004.07.10.
Got timezone for case number 2004.09.25. Timezone: UTC
Case number 2004.07.02.b is missing important data.
Fetching coordinates for case number 2004.07.02.a.
Got timezone for case number 2004.09.20. Timezone: America/Los_Angeles
Fetching coordinates for case number 2004.06.26.b.
Got timezone for case number 2004.09.10. Timezone: America/Chicago
Case number 2004.06.26.a is missing important data.
Case number 2004.06.14 is missing important data.
Case number 2004.06.10.b is missing time data.
Fetching coordinates for case number 2004.06.10.a.
Got coordinates for case number 2004.07.28. Lat: 35.600383, Long: -75.465588
Got coordinates for case number 2004.07.31. Lat: 28.320007, Long: -80.607551
Got timezone for case number 2004.09.04. Timezone: America/New_York
Fetching coordinates for case number 2004.06.02.
Got coordinates for case number 2004.07.27.b. Lat: 34.035970, Long: -77.893762
Got timezone for case number 2004.08.29. Timezone: America/New_York
Fetching coordinates for case number 2004.05.29.
Got timezone for case number 2004.08.21. Timezone: America/Recife
Fetching coordinates for case number 2004.05.23.b.
Got timezone for case number 2004.08.20. Timezone: America/Los_Angeles
Fetching coordinates for case number 2004.05.28.
Got coordinates for case number 2004.07.27.a. Lat: 29.241005, Long: -94.909133
Got timezone for case number 2004.08.15. Timezone: America/Los_Angeles
Fetching coordinates for case number 2004.05.23.a.
Got timezone for case number 2004.08.06. Timezone: America/New_York
Case number 2004.05.22.c is missing important data.
Case number 2004.05.22.b is missing time data.
Fetching coordinates for case number 2004.05.22.a.
Got coordinates for case number 2004.07.25. Lat: 28.883306, Long: -95.378552
Got timezone for case number 2004.08.03. Timezone: Australia/Sydney
Fetching coordinates for case number 2004.05.18.
Got coordinates for case number 2004.07.10. Lat: -33.879204, Long: 114.982847
Got coordinates for case number 2004.07.02.a. Lat: 30.246164, Long: -87.694728
Got coordinates for case number 2004.06.26.b. Lat: 33.372808, Long: -117.565601
Got timezone for case number 2004.07.27.b. Timezone: America/New_York
Fetching coordinates for case number 2004.05.04.
Got timezone for case number 2004.07.31. Timezone: America/New_York
Case number 2004.05.01 is missing time data.
Case number 2004.04.26 is missing time data.
Case number 2004.04.22 is missing important data.
Case number 2004.04.13.b is missing important data.
Case number 2004.04.13.a is missing important data.
Fetching coordinates for case number 2004.04.07.
Got coordinates for case number 2004.06.10.a. Lat: 29.176093, Long: -80.982832
Got timezone for case number 2004.07.28. Timezone: America/New_York
Fetching coordinates for case number 2004.04.05.
Got coordinates for case number 2004.06.02. Lat: -34.684104, Long: 19.414757
Got coordinates for case number 2004.05.23.b. Lat: -8.167114, Long: -34.913273
Got coordinates for case number 2004.05.29. Lat: 29.204455, Long: -94.936405
Got coordinates for case number 2004.05.28. Lat: 38.350554, Long: -123.062388
Got timezone for case number 2004.07.27.a. Timezone: America/Chicago
Case number 2004.04.04 is missing important data.
Case number 2004.03.31.b is missing important data.
Fetching coordinates for case number 2004.03.31.a.
Got timezone for case number 2004.07.25. Timezone: America/Chicago
Fetching coordinates for case number 2004.03.29.
Got coordinates for case number 2004.05.23.a. Lat: 29.892184, Long: -81.313931
Got coordinates for case number 2004.05.22.a. Lat: -8.167114, Long: -34.913273
Got coordinates for case number 2004.05.18. Lat: 26.774711, Long: -77.329571
Got timezone for case number 2004.07.10. Timezone: Australia/Perth
Fetching coordinates for case number 2004.03.28.
Got timezone for case number 2004.07.02.a. Timezone: America/Chicago
Fetching coordinates for case number 2004.03.27.b.
Got timezone for case number 2004.06.26.b. Timezone: America/Los_Angeles
Fetching coordinates for case number 2004.03.27.a.
Got timezone for case number 2004.06.10.a. Timezone: America/New_York
Fetching coordinates for case number 2004.03.24.
Got timezone for case number 2004.06.02. Timezone: Africa/Johannesburg
Fetching coordinates for case number 2004.03.22.
Got coordinates for case number 2004.05.04. Lat: 27.085514, Long: -97.384115
Got coordinates for case number 2004.04.07. Lat: 20.976667, Long: -156.682500
Got coordinates for case number 2004.04.05. Lat: -34.108674, Long: 18.469849
Got timezone for case number 2004.05.23.b. Timezone: America/Recife
Fetching coordinates for case number 2004.03.16.
Got timezone for case number 2004.05.29. Timezone: America/Chicago
Case number 2004.03.06 is missing important data.
Fetching coordinates for case number 2004.02.29.
Got timezone for case number 2004.05.28. Timezone: America/Los_Angeles
Fetching coordinates for case number 2004.02.26.
Got coordinates for case number 2004.03.31.a. Lat: 27.197548, Long: -80.252826
Got timezone for case number 2004.05.22.a. Timezone: America/Recife
Case number 2004.02.21 is missing important data.
Fetching coordinates for case number 2004.02.16.
Got timezone for case number 2004.05.18. Timezone: America/Nassau
Case number 2004.02.14 is missing important data.
Case number 2004.02.11 is missing important data.
Fetching coordinates for case number 2004.01.25.
Got timezone for case number 2004.05.23.a. Timezone: America/New_York
Case number 2004.01.23 is missing important data.
Case number 2004.01.22 is missing important data.
Fetching coordinates for case number 2004.01.21.b.
Got coordinates for case number 2004.03.29. Lat: -8.167114, Long: -34.913273
Got coordinates for case number 2004.03.27.b. Lat: -21.039020, Long: 55.710040
Got coordinates for case number 2004.03.28. Lat: 28.167301, Long: -80.587760
Got coordinates for case number 2004.03.27.a. Lat: 26.443397, Long: -82.111512
Got coordinates for case number 2004.03.22. Lat: -36.159942, Long: 174.610855
Got coordinates for case number 2004.03.24. Lat: 21.590759, Long: -157.891130
Got timezone for case number 2004.04.05. Timezone: Africa/Johannesburg
Fetching coordinates for case number 2004.01.21.a.
Got timezone for case number 2004.04.07. Timezone: Pacific/Honolulu
Case number 2004.01.15.R is missing important data.
Case number 2004.01.12 is missing time data.
Case number 2004.01.07 is missing important data.
Case number 2004.01.03.b is missing time data.
Fetching coordinates for case number 2004.01.03.a.
Got timezone for case number 2004.05.04. Timezone: America/Chicago
Case number 2004.00.00 is missing time data.
Case number 2003.12.31 is missing important data.
Case number 2003.12.26 is missing important data.
Fetching coordinates for case number 2003.12.13.b.
Got coordinates for case number 2004.03.16. Lat: 22.215681, Long: -159.428361
Got coordinates for case number 2004.02.26. Lat: -45.641858, Long: 170.657038
Got coordinates for case number 2004.02.29. Lat: -8.167114, Long: -34.913273
Got timezone for case number 2004.03.31.a. Timezone: America/New_York
Case number 2003.12.13.a is missing time data.
Fetching coordinates for case number 2003.12.08.
Got coordinates for case number 2004.02.16. Lat: -28.167374, Long: 153.530985
Got coordinates for case number 2004.01.25. Lat: -33.148744, Long: 115.696770
Got timezone for case number 2004.03.29. Timezone: America/Recife
Fetching coordinates for case number 2003.11.30.b.
Got timezone for case number 2004.03.27.b. Timezone: Indian/Reunion
Fetching coordinates for case number 2003.11.30.a.
Got timezone for case number 2004.03.28. Timezone: America/New_York
Fetching coordinates for case number 2003.11.27.
Got coordinates for case number 2004.01.21.b. Lat: 8.591307, Long: -63.958611
Got timezone for case number 2004.03.27.a. Timezone: America/New_York
Fetching coordinates for case number 2003.11.22.
Got timezone for case number 2004.03.22. Timezone: Pacific/Auckland
Case number 2003.11.12.b is missing important data.
Case number 2003.11.12.a is missing important data.
Case number 2003.11.06.b is missing important data.
Case number 2003.11.06.a is missing important data.
Case number 2003.11.01 is missing time data.
Case number 2003.11.00 is missing important data.
Fetching coordinates for case number 2003.10.31.c.
Got timezone for case number 2004.03.24. Timezone: Pacific/Honolulu
Fetching coordinates for case number 2003.10.31.b.
Got coordinates for case number 2003.12.13.b. Lat: 28.068350, Long: -80.560330
Got timezone for case number 2004.03.16. Timezone: Pacific/Honolulu
Fetching coordinates for case number 2003.10.31.a.
Got coordinates for case number 2004.01.03.a. Lat: 27.965420, Long: 34.361777
Got coordinates for case number 2004.01.21.a. Lat: 10.480594, Long: -66.903606
Got timezone for case number 2004.02.26. Timezone: Pacific/Auckland
Fetching coordinates for case number 2003.10.27.
Got timezone for case number 2004.02.29. Timezone: America/Recife
Fetching coordinates for case number 2003.10.24.
Got timezone for case number 2004.02.16. Timezone: Australia/Brisbane
Case number 2003.10.14 is missing time data.
Case number 2003.10.06 is missing time data.
Fetching coordinates for case number 2003.10.05.e.
Got timezone for case number 2004.01.25. Timezone: Australia/Perth
Fetching coordinates for case number 2003.10.05.d.
Got coordinates for case number 2003.12.08. Lat: -38.271580, Long: 144.554731
Got coordinates for case number 2003.11.30.b. Lat: -33.953547, Long: 115.062967
Got timezone for case number 2004.01.21.b. Timezone: America/Caracas
Fetching coordinates for case number 2003.10.05.c.
Got coordinates for case number 2003.11.27. Lat: -28.530554, Long: 30.895824
Got coordinates for case number 2003.11.22. Lat: 29.210815, Long: -81.022833
Got coordinates for case number 2003.10.31.c. Lat: 30.240006, Long: -81.385260
Got coordinates for case number 2003.10.31.b. Lat: -32.443647, Long: 152.527936
Got timezone for case number 2003.12.13.b. Timezone: America/New_York
Fetching coordinates for case number 2003.10.05.b.
Got timezone for case number 2004.01.03.a. Timezone: Africa/Cairo
Fetching coordinates for case number 2003.10.05.a.
Got coordinates for case number 2003.10.31.a. Lat: 22.223854, Long: -159.561066
Got coordinates for case number 2003.11.30.a. Lat: -33.953547, Long: 115.062967
Got timezone for case number 2004.01.21.a. Timezone: America/Caracas
Case number 2003.09.29 is missing time data.
Fetching coordinates for case number 2003.09.28.
Got coordinates for case number 2003.10.27. Lat: 29.025819, Long: -80.926998
Got coordinates for case number 2003.10.24. Lat: 21.013947, Long: -156.638533
Got coordinates for case number 2003.10.05.e. Lat: 26.793716, Long: -80.032878
Got timezone for case number 2003.12.08. Timezone: Australia/Melbourne
Fetching coordinates for case number 2003.09.21.
Got coordinates for case number 2003.10.05.d. Lat: 27.208724, Long: -80.188325
Got timezone for case number 2003.11.30.b. Timezone: Australia/Perth
Fetching coordinates for case number 2003.09.19.
Got timezone for case number 2003.11.27. Timezone: Africa/Johannesburg
Fetching coordinates for case number 2003.09.17.
Got coordinates for case number 2003.10.05.c. Lat: 29.059949, Long: -80.952619
Got timezone for case number 2003.11.22. Timezone: America/New_York
Fetching coordinates for case number 2003.09.14.c.
Got timezone for case number 2003.10.31.c. Timezone: America/New_York
Fetching coordinates for case number 2003.09.14.b.
Got timezone for case number 2003.10.31.b. Timezone: Australia/Sydney
Fetching coordinates for case number 2003.09.14.a.
Got timezone for case number 2003.11.30.a. Timezone: Australia/Perth
Fetching coordinates for case number 2003.09.13.b.
Got coordinates for case number 2003.10.05.b. Lat: 29.043523, Long: -80.900785
Got timezone for case number 2003.10.31.a. Timezone: Pacific/Honolulu
Case number 2003.09.13.a is missing time data.
Fetching coordinates for case number 2003.09.12.
Got coordinates for case number 2003.10.05.a. Lat: 20.728345, Long: -156.448411
Got coordinates for case number 2003.09.28. Lat: 27.650315, Long: -80.363081
Got timezone for case number 2003.10.27. Timezone: America/New_York
Case number 2003.09.00 is missing important data.
Fetching coordinates for case number 2003.08.29.
Got timezone for case number 2003.10.24. Timezone: Pacific/Honolulu
Fetching coordinates for case number 2003.08.19.
Got timezone for case number 2003.10.05.e. Timezone: America/New_York
Fetching coordinates for case number 2003.08.12.
Got timezone for case number 2003.10.05.d. Timezone: America/New_York
Fetching coordinates for case number 2003.08.08.
Got coordinates for case number 2003.09.21. Lat: 29.096373, Long: -80.936998
Got coordinates for case number 2003.09.17. Lat: 29.025819, Long: -80.926998
Got timezone for case number 2003.10.05.c. Timezone: America/New_York
Case number 2003.07.26.R is missing important data.
Fetching coordinates for case number 2003.07.20.
Got coordinates for case number 2003.09.14.b. Lat: -33.719294, Long: 18.454311
Got coordinates for case number 2003.09.14.a. Lat: 27.186880, Long: -80.160734
Got timezone for case number 2003.10.05.b. Timezone: America/New_York
Fetching coordinates for case number 2003.07.15.
Got coordinates for case number 2003.09.19. Lat: 29.096373, Long: -80.936998
Got coordinates for case number 2003.09.13.b. Lat: 29.210815, Long: -81.022833
Got coordinates for case number 2003.09.12. Lat: -34.123753, Long: 18.348738
Got timezone for case number 2003.10.05.a. Timezone: Pacific/Honolulu
Fetching coordinates for case number 2003.07.09.
Got timezone for case number 2003.09.28. Timezone: America/New_York
Fetching coordinates for case number 2003.07.05.b.
Got coordinates for case number 2003.09.14.c. Lat: 29.025819, Long: -80.926998
Got coordinates for case number 2003.08.29. Lat: 28.951660, Long: -95.287547
Got coordinates for case number 2003.08.19. Lat: 35.180011, Long: -120.731913
Got coordinates for case number 2003.08.12. Lat: 33.994091, Long: -118.452730
Got coordinates for case number 2003.08.08. Lat: -34.054336, Long: 24.915189
Got timezone for case number 2003.09.21. Timezone: America/New_York
Case number 2003.07.05.a is missing important data.
Fetching coordinates for case number 2003.07.04.
Got timezone for case number 2003.09.17. Timezone: America/New_York
Case number 2003.07.00.c is missing important data.
Case number 2003.07.00.b is missing important data.
Case number 2003.07.00.a is missing important data.
Fetching coordinates for case number 2003.06.30.
Got timezone for case number 2003.09.14.b. Timezone: Africa/Johannesburg
Case number 2003.06.26 is missing time data.
Case number 2003.06.24.c is missing important data.
Case number 2003.06.24.b is missing time data.
Fetching coordinates for case number 2003.06.24.a.
Got coordinates for case number 2003.07.20. Lat: 29.096373, Long: -80.936998
Got timezone for case number 2003.09.13.b. Timezone: America/New_York
Case number 2003.06.22 is missing important data.
Case number 2003.06.19 is missing time data.
Fetching coordinates for case number 2003.06.08.
Got timezone for case number 2003.09.12. Timezone: Africa/Johannesburg
Case number 2003.06.00 is missing important data.
Fetching coordinates for case number 2003.05.25.
Got timezone for case number 2003.09.19. Timezone: America/New_York
Fetching coordinates for case number 2003.05.14.
Got timezone for case number 2003.09.14.a. Timezone: America/New_York
Fetching coordinates for case number 2003.05.10.
Got coordinates for case number 2003.07.15. Lat: 29.210815, Long: -81.022833
Got timezone for case number 2003.09.14.c. Timezone: America/New_York
Fetching coordinates for case number 2003.05.07.
Got coordinates for case number 2003.07.09. Lat: 26.686650, Long: -77.145993
Got timezone for case number 2003.08.29. Timezone: America/Chicago
Fetching coordinates for case number 2003.05.03.
Got coordinates for case number 2003.07.05.b. Lat: 29.025819, Long: -80.926998
Got timezone for case number 2003.08.12. Timezone: America/Los_Angeles
Case number 2003.05.00 is missing important data.
Case number 2003.04.26 is missing important data.
Fetching coordinates for case number 2003.04.25.
Got timezone for case number 2003.08.19. Timezone: America/Los_Angeles
Fetching coordinates for case number 2003.04.23.b.
Got timezone for case number 2003.08.08. Timezone: Africa/Johannesburg
Case number 2003.04.23.a is missing important data.
Fetching coordinates for case number 2003.04.21.b.
Got coordinates for case number 2003.07.04. Lat: 27.259941, Long: -78.403419
Got coordinates for case number 2003.06.30. Lat: 29.025819, Long: -80.926998
Got timezone for case number 2003.07.20. Timezone: America/New_York
Fetching coordinates for case number 2003.04.21.a.
Got coordinates for case number 2003.06.24.a. Lat: 21.531904, Long: -158.229404
Got coordinates for case number 2003.06.08. Lat: 29.096373, Long: -80.936998
Got coordinates for case number 2003.05.25. Lat: 26.963445, Long: -80.078830
Got timezone for case number 2003.07.15. Timezone: America/New_York
Case number 2003.04.20.c is missing time data.
Fetching coordinates for case number 2003.04.20.b.
Got timezone for case number 2003.07.09. Timezone: America/Nassau
Fetching coordinates for case number 2003.04.20.a.
Got coordinates for case number 2003.05.14. Lat: 29.071135, Long: -80.922847
Got timezone for case number 2003.07.05.b. Timezone: America/New_York
Fetching coordinates for case number 2003.04.19.
Got coordinates for case number 2003.05.07. Lat: 29.025819, Long: -80.926998
Got coordinates for case number 2003.05.10. Lat: 19.639992, Long: -155.996905
Got coordinates for case number 2003.05.03. Lat: 29.176093, Long: -80.982832
Got coordinates for case number 2003.04.25. Lat: -22.973873, Long: -43.185310
Got coordinates for case number 2003.04.21.b. Lat: 28.068350, Long: -80.560330
Got coordinates for case number 2003.04.23.b. Lat: -7.910490, Long: -34.831013
Got timezone for case number 2003.07.04. Timezone: America/Nassau
Fetching coordinates for case number 2003.04.18.
Got timezone for case number 2003.06.30. Timezone: America/New_York
Fetching coordinates for case number 2003.04.15.
Got timezone for case number 2003.06.24.a. Timezone: Pacific/Honolulu
Case number 2003.04.11 is missing time data.
Case number 2003.04.09 is missing time data.
Fetching coordinates for case number 2003.04.04.
Got coordinates for case number 2003.04.21.a. Lat: 28.357948, Long: -80.605311
Got timezone for case number 2003.06.08. Timezone: America/New_York
Case number 2003.03.10 is missing important data.
Fetching coordinates for case number 2003.02.27.
Got timezone for case number 2003.05.25. Timezone: America/New_York
Case number 2003.02.15.b is missing time data.
Fetching coordinates for case number 2003.02.15.a.
Got timezone for case number 2003.05.14. Timezone: America/New_York
Case number 2003.02.11 is missing time data.
Case number 2003.02.08 is missing time data.
Case number 2003.01.17 is missing time data.
Case number 2003.01.03 is missing important data.
Fetching coordinates for case number 2003.01.02.
Got coordinates for case number 2003.04.20.a. Lat: 29.025819, Long: -80.926998
Got coordinates for case number 2003.04.20.b. Lat: 29.145976, Long: -80.966069
Got timezone for case number 2003.05.07. Timezone: America/New_York
Case number 2002.12.29 is missing important data.
Fetching coordinates for case number 2002.12.24.
Got timezone for case number 2003.05.10. Timezone: Pacific/Honolulu
Case number 2002.12.21 is missing important data.
Case number 2002.12.20 is missing important data.
Fetching coordinates for case number 2002.12.16.
Got timezone for case number 2003.05.03. Timezone: America/New_York
Case number 2002.12.01 is missing important data.
Case number 2002.11.28.b is missing time data.
Fetching coordinates for case number 2002.11.28.a.
Got timezone for case number 2003.04.25. Timezone: America/Sao_Paulo
Fetching coordinates for case number 2002.11.17.
Got timezone for case number 2003.04.21.b. Timezone: America/New_York
Fetching coordinates for case number 2002.11.14.
Got timezone for case number 2003.04.23.b. Timezone: America/Recife
Fetching coordinates for case number 2002.11.11.
Got coordinates for case number 2003.04.19. Lat: 29.025819, Long: -80.926998
Got coordinates for case number 2003.04.18. Lat: 28.239465, Long: -80.607517
Got coordinates for case number 2003.04.15. Lat: 28.320007, Long: -80.607551
Got coordinates for case number 2003.04.04. Lat: 29.025819, Long: -80.926998
Got timezone for case number 2003.04.21.a. Timezone: America/New_York
Fetching coordinates for case number 2002.11.02.
Got coordinates for case number 2003.02.15.a. Lat: 26.934225, Long: -80.094209
Got coordinates for case number 2003.02.27. Lat: -46.589333, Long: 168.062892
Got timezone for case number 2003.04.20.b. Timezone: America/New_York
Case number 2002.11.00.a is missing important data.
Fetching coordinates for case number 2002.10.30.
Got timezone for case number 2003.04.20.a. Timezone: America/New_York
Fetching coordinates for case number 2002.10.14.
Got coordinates for case number 2003.01.02. Lat: -33.844504, Long: 135.232320
Got coordinates for case number 2002.12.16. Lat: -28.076944, Long: 153.436667
Got coordinates for case number 2002.12.24. Lat: -34.196967, Long: 18.373882
Got coordinates for case number 2002.11.28.a. Lat: 38.350554, Long: -123.062388
Got coordinates for case number 2002.11.14. Lat: 21.500000, Long: -72.250000
Got coordinates for case number 2002.11.17. Lat: 20.935898, Long: -156.690054
Got coordinates for case number 2002.11.11. Lat: 29.096373, Long: -80.936998
Got timezone for case number 2003.04.19. Timezone: America/New_York
Case number 2002.10.11 is missing time data.
Fetching coordinates for case number 2002.10.05.b.
Got timezone for case number 2003.04.18. Timezone: America/New_York
Fetching coordinates for case number 2002.10.05.a.
Got timezone for case number 2003.04.15. Timezone: America/New_York
Fetching coordinates for case number 2002.10.03.
Got timezone for case number 2003.04.04. Timezone: America/New_York
Fetching coordinates for case number 2002.09.30.
Got coordinates for case number 2002.11.02. Lat: 29.025819, Long: -80.926998
Got timezone for case number 2003.02.15.a. Timezone: America/New_York
Fetching coordinates for case number 2002.09.29.
Got timezone for case number 2003.02.27. Timezone: Pacific/Auckland
Fetching coordinates for case number 2002.09.27.c.
Got timezone for case number 2003.01.02. Timezone: Australia/Adelaide
Case number 2002.09.27.b is missing time data.
Fetching coordinates for case number 2002.09.27.a.
Got timezone for case number 2002.12.16. Timezone: Australia/Brisbane
Case number 2002.09.21.b is missing important data.
Case number 2002.09.21.a is missing time data.
Fetching coordinates for case number 2002.09.16.b.
Got coordinates for case number 2002.10.30. Lat: 20.722162, Long: -156.447945
Got coordinates for case number 2002.10.14. Lat: -8.167114, Long: -34.913273
Got timezone for case number 2002.12.24. Timezone: Africa/Johannesburg
Fetching coordinates for case number 2002.09.16.a.
Got timezone for case number 2002.11.28.a. Timezone: America/Los_Angeles
Fetching coordinates for case number 2002.09.13.
Got timezone for case number 2002.11.14. Timezone: America/Grand_Turk
Fetching coordinates for case number 2002.09.09.
Got timezone for case number 2002.11.17. Timezone: Pacific/Honolulu
Fetching coordinates for case number 2002.09.05.
Got timezone for case number 2002.11.11. Timezone: America/New_York
Fetching coordinates for case number 2002.08.28.
Got coordinates for case number 2002.10.05.b. Lat: 29.025819, Long: -80.926998
Got coordinates for case number 2002.10.05.a. Lat: 29.025819, Long: -80.926998
Got coordinates for case number 2002.09.30. Lat: 29.285813, Long: -81.055889
Got timezone for case number 2002.11.02. Timezone: America/New_York
Fetching coordinates for case number 2002.08.17.
Got coordinates for case number 2002.09.27.c. Lat: 21.269704, Long: -157.786438
Got coordinates for case number 2002.09.29. Lat: 27.860361, Long: -80.448498
Got timezone for case number 2002.10.14. Timezone: America/Recife
Fetching coordinates for case number 2002.08.14.
Got coordinates for case number 2002.09.27.a. Lat: -18.622756, Long: -173.990298
Got timezone for case number 2002.10.30. Timezone: Pacific/Honolulu
Fetching coordinates for case number 2002.08.11.
Got coordinates for case number 2002.09.16.a. Lat: 22.223290, Long: -159.495841
Got coordinates for case number 2002.09.16.b. Lat: -8.167114, Long: -34.913273
Got coordinates for case number 2002.10.03. Lat: 29.025819, Long: -80.926998
Got coordinates for case number 2002.09.13. Lat: -34.164844, Long: 18.431004
Got coordinates for case number 2002.09.09. Lat: 29.096373, Long: -80.936998
Got coordinates for case number 2002.09.05. Lat: 29.176093, Long: -80.982832
Got coordinates for case number 2002.08.28. Lat: 21.291968, Long: -157.858102
Got timezone for case number 2002.10.05.b. Timezone: America/New_York
Fetching coordinates for case number 2002.08.07.
Got timezone for case number 2002.10.05.a. Timezone: America/New_York
Case number 2002.08.06.R is missing important data.
Fetching coordinates for case number 2002.08.05.
Got timezone for case number 2002.09.30. Timezone: America/New_York
Fetching coordinates for case number 2002.07.26.
Got timezone for case number 2002.09.27.c. Timezone: Pacific/Honolulu
Fetching coordinates for case number 2002.07.20.
Got coordinates for case number 2002.08.17. Lat: 30.695366, Long: -88.039891
Got timezone for case number 2002.09.29. Timezone: America/New_York
Fetching coordinates for case number 2002.07.10.
Got timezone for case number 2002.09.16.b. Timezone: America/Recife
Case number 2002.07.09.b is missing time data.
Fetching coordinates for case number 2002.07.09.a.
Got timezone for case number 2002.09.16.a. Timezone: Pacific/Honolulu
Fetching coordinates for case number 2002.07.04.
Got timezone for case number 2002.09.27.a. Timezone: Pacific/Tongatapu
Fetching coordinates for case number 2002.06.20.b.
Got coordinates for case number 2002.08.14. Lat: 29.025819, Long: -80.926998
Got timezone for case number 2002.10.03. Timezone: America/New_York
Fetching coordinates for case number 2002.06.20.a.
Got timezone for case number 2002.09.13. Timezone: Africa/Johannesburg
Case number 2002.06.16 is missing important data.
Case number 2002.06.13.R2 is missing important data.
Case number 2002.06.13.R1 is missing important data.
Fetching coordinates for case number 2002.06.11.b.
Got coordinates for case number 2002.08.11. Lat: 27.638643, Long: -80.397274
Got timezone for case number 2002.09.09. Timezone: America/New_York
Fetching coordinates for case number 2002.06.11.a.
Got timezone for case number 2002.09.05. Timezone: America/New_York
Fetching coordinates for case number 2002.06.09.b.
Got timezone for case number 2002.08.28. Timezone: Pacific/Honolulu
Fetching coordinates for case number 2002.06.09.a.
Got coordinates for case number 2002.08.07. Lat: 29.071135, Long: -80.922847
Got coordinates for case number 2002.07.26. Lat: 33.695422, Long: -78.880209
Got coordinates for case number 2002.08.05. Lat: 34.365169, Long: -77.630529
Got timezone for case number 2002.08.17. Timezone: America/Chicago
Case number 2002.06.03 is missing important data.
Fetching coordinates for case number 2002.05.31.b.
Got coordinates for case number 2002.07.20. Lat: 34.677940, Long: -76.950776
Got coordinates for case number 2002.07.10. Lat: 29.096373, Long: -80.936998
Got timezone for case number 2002.08.14. Timezone: America/New_York
Fetching coordinates for case number 2002.05.31.a.
Got coordinates for case number 2002.07.04. Lat: 34.208504, Long: -77.796371
Got coordinates for case number 2002.06.11.b. Lat: 22.223210, Long: -159.462998
Got coordinates for case number 2002.07.09.a. Lat: -8.167114, Long: -34.913273
Got timezone for case number 2002.08.11. Timezone: America/New_York
Fetching coordinates for case number 2002.05.22.b.
Got coordinates for case number 2002.06.20.b. Lat: -26.404171, Long: 153.102238
Got coordinates for case number 2002.06.20.a. Lat: 29.025819, Long: -80.926998
Got coordinates for case number 2002.06.09.b. Lat: 29.096373, Long: -80.936998
Got coordinates for case number 2002.06.11.a. Lat: 29.844636, Long: -81.267416
Got coordinates for case number 2002.06.09.a. Lat: 27.254491, Long: -80.229770
Got timezone for case number 2002.07.26. Timezone: America/New_York
Fetching coordinates for case number 2002.05.22.a.
Got timezone for case number 2002.08.07. Timezone: America/New_York
Case number 2002.05.21.R is missing important data.
Case number 2002.05.21 is missing important data.
Case number 2002.05.13 is missing important data.
Fetching coordinates for case number 2002.05.10.
Got timezone for case number 2002.08.05. Timezone: America/New_York
Case number 2002.05.07 is missing important data.
Fetching coordinates for case number 2002.04.30.
Got timezone for case number 2002.07.20. Timezone: America/New_York
Case number 2002.04.21 is missing important data.
Fetching coordinates for case number 2002.04.20.
Got timezone for case number 2002.07.10. Timezone: America/New_York
Fetching coordinates for case number 2002.04.18.
Got coordinates for case number 2002.05.31.b. Lat: 37.900482, Long: -122.644426
Got timezone for case number 2002.07.04. Timezone: America/New_York
Fetching coordinates for case number 2002.04.12.
Got timezone for case number 2002.06.20.b. Timezone: Australia/Brisbane
Fetching coordinates for case number 2002.04.09.
Got timezone for case number 2002.06.11.b. Timezone: Pacific/Honolulu
Fetching coordinates for case number 2002.04.02.
Got coordinates for case number 2002.05.22.b. Lat: 25.913041, Long: -81.694921
Got timezone for case number 2002.07.09.a. Timezone: America/Recife
Fetching coordinates for case number 2002.04.01.
Got timezone for case number 2002.06.09.b. Timezone: America/New_York
Fetching coordinates for case number 2002.03.25.b.
Got timezone for case number 2002.06.20.a. Timezone: America/New_York
Fetching coordinates for case number 2002.03.25.a.
Got coordinates for case number 2002.05.31.a. Lat: 29.658490, Long: -84.880244
Got timezone for case number 2002.06.11.a. Timezone: America/New_York
Fetching coordinates for case number 2002.03.24.
Got timezone for case number 2002.06.09.a. Timezone: America/New_York
Fetching coordinates for case number 2002.03.19.
Got coordinates for case number 2002.05.10. Lat: -8.095195, Long: -34.885816
Got coordinates for case number 2002.05.22.a. Lat: 26.723493, Long: -80.038344
Got coordinates for case number 2002.04.30. Lat: -32.377034, Long: 133.935900
Got coordinates for case number 2002.04.18. Lat: 29.025819, Long: -80.926998
Got timezone for case number 2002.05.31.b. Timezone: America/Los_Angeles
Case number 2002.03.15.b is missing time data.
Fetching coordinates for case number 2002.03.15.a.
Got coordinates for case number 2002.04.20. Lat: 29.844636, Long: -81.267416
Got coordinates for case number 2002.04.12. Lat: -32.937787, Long: 151.770192
Got coordinates for case number 2002.04.09. Lat: 26.355503, Long: -77.148516
Got timezone for case number 2002.05.22.b. Timezone: America/New_York
Case number 2002.03.03 is missing important data.
Case number 2002.02.23 is missing important data.
Fetching coordinates for case number 2002.02.16.
Got coordinates for case number 2002.04.02. Lat: 29.025819, Long: -80.926998
Got timezone for case number 2002.05.31.a. Timezone: America/New_York
Case number 2002.02.11 is missing important data.
Fetching coordinates for case number 2002.02.07.
Got coordinates for case number 2002.04.01. Lat: 26.192028, Long: -80.096433
Got coordinates for case number 2002.03.25.b. Lat: 21.876260, Long: -159.453779
Got coordinates for case number 2002.03.25.a. Lat: 28.320007, Long: -80.607551
Got coordinates for case number 2002.03.24. Lat: -8.118070, Long: -34.893239
Got coordinates for case number 2002.03.19. Lat: 29.176093, Long: -80.982832
Got timezone for case number 2002.05.22.a. Timezone: America/New_York
Fetching coordinates for case number 2002.01.30.b.
Got timezone for case number 2002.05.10. Timezone: America/Recife
Case number 2002.01.30.a is missing important data.
Fetching coordinates for case number 2002.01.04.
Got timezone for case number 2002.04.18. Timezone: America/New_York
Case number 2002.01.03 is missing important data.
Case number 2002.01.01.b is missing time data.
Fetching coordinates for case number 2002.01.01.a.
Got timezone for case number 2002.04.30. Timezone: Australia/Adelaide
Case number 2001.12.21 is missing time data.
Case number 2001.11.23 is missing important data.
Fetching coordinates for case number 2001.11.14.
Got timezone for case number 2002.04.20. Timezone: America/New_York
Case number 2001.11.07 is missing important data.
Case number 2001.10.07 is missing important data.
Fetching coordinates for case number 2001.10.02.
Got coordinates for case number 2002.03.15.a. Lat: 29.025819, Long: -80.926998
Got timezone for case number 2002.04.12. Timezone: Australia/Sydney
Case number 2001.09.30.b is missing time data.
Case number 2001.09.30.a is missing time data.
Fetching coordinates for case number 2001.09.24.
Got timezone for case number 2002.04.09. Timezone: America/Nassau
Fetching coordinates for case number 2001.09.18.
Got timezone for case number 2002.04.02. Timezone: America/New_York
Fetching coordinates for case number 2001.09.16.
Got coordinates for case number 2002.02.16. Lat: -26.404171, Long: 153.102238
Got timezone for case number 2002.04.01. Timezone: America/New_York
Fetching coordinates for case number 2001.09.15.b.
Got timezone for case number 2002.03.25.b. Timezone: Pacific/Honolulu
Fetching coordinates for case number 2001.09.15.a.
Got timezone for case number 2002.03.24. Timezone: America/Recife
Case number 2001.09.13 is missing important data.
Case number 2001.09.08 is missing important data.
Fetching coordinates for case number 2001.09.07.b.
Got timezone for case number 2002.03.25.a. Timezone: America/New_York
Case number 2001.09.07.a is missing important data.
Fetching coordinates for case number 2001.09.03.b.
Got coordinates for case number 2002.02.07. Lat: -33.834845, Long: 151.090842
Got timezone for case number 2002.03.19. Timezone: America/New_York
Fetching coordinates for case number 2001.09.03.a.
Got coordinates for case number 2002.01.30.b. Lat: -32.740826, Long: 152.186234
Got coordinates for case number 2002.01.04. Lat: -29.872339, Long: 31.024909
Got coordinates for case number 2001.10.02. Lat: -26.659547, Long: 150.186880
Got coordinates for case number 2001.11.14. Lat: 20.999469, Long: -156.664006
Got coordinates for case number 2002.01.01.a. Lat: 20.811411, Long: -156.622589
Got timezone for case number 2002.03.15.a. Timezone: America/New_York
Case number 2001.09.02 is missing time data.
Fetching coordinates for case number 2001.09.01.
Got coordinates for case number 2001.09.24. Lat: 29.096373, Long: -80.936998
Got timezone for case number 2002.02.16. Timezone: Australia/Brisbane
Fetching coordinates for case number 2001.08.31.
Got coordinates for case number 2001.09.16. Lat: 26.237860, Long: -80.124767
Got coordinates for case number 2001.09.18. Lat: 29.025819, Long: -80.926998
Got coordinates for case number 2001.09.15.a. Lat: 34.490167, Long: -77.431630
Got coordinates for case number 2001.09.15.b. Lat: 27.472737, Long: -80.285789
Got coordinates for case number 2001.09.07.b. Lat: 25.693713, Long: -80.162825
Got timezone for case number 2002.02.07. Timezone: Australia/Sydney
Fetching coordinates for case number 2001.08.29.
Got coordinates for case number 2001.09.03.b. Lat: 35.352185, Long: -75.510844
Got timezone for case number 2002.01.30.b. Timezone: Australia/Sydney
Fetching coordinates for case number 2001.08.27.
Got timezone for case number 2002.01.04. Timezone: Africa/Johannesburg
Fetching coordinates for case number 2001.08.26.
Got timezone for case number 2001.10.02. Timezone: Australia/Brisbane
Fetching coordinates for case number 2001.08.25.
Got timezone for case number 2001.11.14. Timezone: Pacific/Honolulu
Fetching coordinates for case number 2001.08.22.
Got timezone for case number 2002.01.01.a. Timezone: Pacific/Honolulu
Fetching coordinates for case number 2001.08.21.
Got coordinates for case number 2001.09.03.a. Lat: 35.352185, Long: -75.510844
Got timezone for case number 2001.09.24. Timezone: America/New_York
Fetching coordinates for case number 2001.08.19.c.
Got coordinates for case number 2001.09.01. Lat: 36.751539, Long: -76.052988
Got timezone for case number 2001.09.16. Timezone: America/New_York
Fetching coordinates for case number 2001.08.19.b.
Got timezone for case number 2001.09.15.a. Timezone: America/New_York
Fetching coordinates for case number 2001.08.19.a.
Got timezone for case number 2001.09.15.b. Timezone: America/New_York
Fetching coordinates for case number 2001.08.18.c.
Got timezone for case number 2001.09.07.b. Timezone: America/New_York
Fetching coordinates for case number 2001.08.18.b.
Got coordinates for case number 2001.08.31. Lat: 26.355503, Long: -77.148516
Got timezone for case number 2001.09.03.b. Timezone: America/New_York
Fetching coordinates for case number 2001.08.18.a.
Got coordinates for case number 2001.08.29. Lat: 27.448333, Long: -82.692163
Got timezone for case number 2001.09.18. Timezone: America/New_York
Fetching coordinates for case number 2001.08.16.
Got coordinates for case number 2001.08.27. Lat: 29.025819, Long: -80.926998
Got coordinates for case number 2001.08.26. Lat: 29.025819, Long: -80.926998
Got timezone for case number 2001.09.03.a. Timezone: America/New_York
Case number 2001.08.12 is missing important data.
Case number 2001.08.05 is missing important data.
Fetching coordinates for case number 2001.08.04.
Got coordinates for case number 2001.08.22. Lat: 29.210815, Long: -81.022833
Got timezone for case number 2001.09.01. Timezone: America/New_York
Case number 2001.08.03 is missing important data.
Case number 2001.07.26 is missing important data.
Fetching coordinates for case number 2001.07.25.
Got coordinates for case number 2001.08.19.a. Lat: 29.128935, Long: -80.957402
Got coordinates for case number 2001.08.25. Lat: 29.025819, Long: -80.926998
Got timezone for case number 2001.08.31. Timezone: America/Nassau
Case number 2001.07.24 is missing important data.
Case number 2001.07.21 is missing important data.
Fetching coordinates for case number 2001.07.15.b.
Got coordinates for case number 2001.08.19.b. Lat: 29.025819, Long: -80.926998
Got coordinates for case number 2001.08.18.b. Lat: 29.025819, Long: -80.926998
Got coordinates for case number 2001.08.19.c. Lat: 29.025819, Long: -80.926998
Got coordinates for case number 2001.08.18.a. Lat: 29.025819, Long: -80.926998
Got timezone for case number 2001.08.29. Timezone: America/New_York
Fetching coordinates for case number 2001.07.15.a.
Got coordinates for case number 2001.08.18.c. Lat: 29.025819, Long: -80.926998
Got coordinates for case number 2001.08.16. Lat: 26.533316, Long: -78.642902
Got timezone for case number 2001.08.27. Timezone: America/New_York
Case number 2001.07.06.b is missing time data.
Case number 2001.07.06.a is missing time data.
Case number 2001.07.03 is missing important data.
parse error: time data '2001.07.00 18h30' does not match format '%Y.%m.%d %Hh%M'
Case number 2001.07.00 has invalid time data.
Case number 2001.06.12 is missing important data.
Fetching coordinates for case number 2001.06.10.
Got timezone for case number 2001.08.26. Timezone: America/New_York
Case number 2001.06.09 is missing important data.
Fetching coordinates for case number 2001.06.03.
Got coordinates for case number 2001.08.21. Lat: 29.025819, Long: -80.926998
Got timezone for case number 2001.08.22. Timezone: America/New_York
Case number 2001.05.29 is missing important data.
Case number 2001.05.23 is missing important data.
Fetching coordinates for case number 2001.05.20.
Got coordinates for case number 2001.08.04. Lat: 26.533316, Long: -78.642902
Got coordinates for case number 2001.07.25. Lat: 25.011519, Long: -80.515061
Got timezone for case number 2001.08.19.a. Timezone: America/New_York
Case number 2001.05.18 is missing important data.
Case number 2001.05.11 is missing important data.
Case number 2001.05.08 is missing important data.
Fetching coordinates for case number 2001.05.04.
Got timezone for case number 2001.08.25. Timezone: America/New_York
Fetching coordinates for case number 2001.05.03.
Got timezone for case number 2001.08.18.b. Timezone: America/New_York
Case number 2001.05.00 is missing important data.
Fetching coordinates for case number 2001.04.28.
Got timezone for case number 2001.08.19.b. Timezone: America/New_York
Fetching coordinates for case number 2001.04.13.b.
Got timezone for case number 2001.08.19.c. Timezone: America/New_York
Fetching coordinates for case number 2001.04.13.a.
Got coordinates for case number 2001.07.15.b. Lat: 30.397856, Long: -86.729063
Got timezone for case number 2001.08.18.a. Timezone: America/New_York
Fetching coordinates for case number 2001.04.12.e.
Got timezone for case number 2001.08.18.c. Timezone: America/New_York
Fetching coordinates for case number 2001.04.12.d.
Got timezone for case number 2001.08.16. Timezone: America/Nassau
Fetching coordinates for case number 2001.04.12.c.
Got coordinates for case number 2001.07.15.a. Lat: 30.626570, Long: -81.460856
Got coordinates for case number 2001.06.10. Lat: 33.387886, Long: -118.416310
Got coordinates for case number 2001.06.03. Lat: 32.792571, Long: -79.785269
Got timezone for case number 2001.08.21. Timezone: America/New_York
Fetching coordinates for case number 2001.04.12.b.
Got timezone for case number 2001.08.04. Timezone: America/Nassau
Fetching coordinates for case number 2001.04.12.a.
Got coordinates for case number 2001.05.20. Lat: 32.315928, Long: -80.483644
Got timezone for case number 2001.07.25. Timezone: America/New_York
Case number 2001.04.11.d is missing time data.
Fetching coordinates for case number 2001.04.11.c.
Got coordinates for case number 2001.05.04. Lat: -33.270290, Long: 151.554886
Got coordinates for case number 2001.05.03. Lat: 30.332184, Long: -81.655651
Got coordinates for case number 2001.04.28. Lat: 29.025819, Long: -80.926998
Got timezone for case number 2001.07.15.b. Timezone: America/Chicago
Fetching coordinates for case number 2001.04.11.a.
Got coordinates for case number 2001.04.12.d. Lat: 29.025819, Long: -80.926998
Got coordinates for case number 2001.04.12.e. Lat: 27.275216, Long: -80.206913
Got timezone for case number 2001.07.15.a. Timezone: America/New_York
Case number 2001.04.10 is missing important data.
Fetching coordinates for case number 2001.04.08.b.
Got timezone for case number 2001.06.10. Timezone: America/Los_Angeles
Case number 2001.04.08.a is missing important data.
Fetching coordinates for case number 2001.04.05.
Got timezone for case number 2001.06.03. Timezone: America/New_York
Case number 2001.04.02.b is missing important data.
Fetching coordinates for case number 2001.04.02.a.
Got coordinates for case number 2001.04.13.a. Lat: 29.025819, Long: -80.926998
Got coordinates for case number 2001.04.13.b. Lat: 29.025819, Long: -80.926998
Got coordinates for case number 2001.04.12.b. Lat: 29.025819, Long: -80.926998
Got coordinates for case number 2001.04.12.c. Lat: 29.025819, Long: -80.926998
Got timezone for case number 2001.05.20. Timezone: America/New_York
Fetching coordinates for case number 2001.03.23.
Got coordinates for case number 2001.04.12.a. Lat: 29.025819, Long: -80.926998
Got timezone for case number 2001.05.04. Timezone: Australia/Sydney
Case number 2001.03.09 is missing important data.
Case number 2001.03.08 is missing important data.
Case number 2001.03.03 is missing important data.
Case number 2001.03.00 is missing important data.
Case number 2001.02.26 is missing important data.
Case number 2001.02.11 is missing important data.
Fetching coordinates for case number 2001.02.04.
Got timezone for case number 2001.05.03. Timezone: America/New_York
Case number 2001.01.24.R is missing important data.
Case number 2001.01.24 is missing important data.
Case number 2001.01.21 is missing important data.
Case number 2001.01.09 is missing important data.
Case number 2001.01.06 is missing important data.
Case number 2000.12.24 is missing important data.
Fetching coordinates for case number 2000.12.12.
Got timezone for case number 2001.04.28. Timezone: America/New_York
Case number 2000.12.11 is missing important data.
Case number 2000.12.05 is missing important data.
Fetching coordinates for case number 2000.12.03.
Got timezone for case number 2001.04.12.d. Timezone: America/New_York
Case number 2000.12.00 is missing important data.
Case number 2000.11.21 is missing important data.
Case number 2000.11.20 is missing important data.
Fetching coordinates for case number 2000.11.18.
Got coordinates for case number 2001.04.11.a. Lat: 21.312389, Long: -158.010092
Got timezone for case number 2001.04.12.e. Timezone: America/New_York
Case number 2000.11.10 is missing important data.
Fetching coordinates for case number 2000.11.06.b.
Got coordinates for case number 2001.04.08.b. Lat: -34.209241, Long: 24.831137
Got coordinates for case number 2001.04.05. Lat: 29.043362, Long: -80.897498
Got coordinates for case number 2001.04.11.c. Lat: 29.025819, Long: -80.926998
Got coordinates for case number 2001.04.02.a. Lat: -30.650395, Long: 152.885331
Got timezone for case number 2001.04.13.a. Timezone: America/New_York
Fetching coordinates for case number 2000.11.06.a.
Got timezone for case number 2001.04.13.b. Timezone: America/New_York
Fetching coordinates for case number 2000.11.04.
Got timezone for case number 2001.04.12.b. Timezone: America/New_York
Fetching coordinates for case number 2000.10.29.
Got timezone for case number 2001.04.12.c. Timezone: America/New_York
Fetching coordinates for case number 2000.10.20.
Got timezone for case number 2001.04.12.a. Timezone: America/New_York
Fetching coordinates for case number 2000.10.18.
Got coordinates for case number 2001.03.23. Lat: 21.285653, Long: -157.672745
Got coordinates for case number 2001.02.04. Lat: -29.608317, Long: 153.335832
Got coordinates for case number 2000.12.12. Lat: -16.791010, Long: -179.996872
Got coordinates for case number 2000.12.03. Lat: -23.440498, Long: 152.039955
Got coordinates for case number 2000.11.18. Lat: 26.339806, Long: -81.778697
Got coordinates for case number 2000.11.06.b. Lat: -31.993862, Long: 115.751048
Got timezone for case number 2001.04.08.b. Timezone: Africa/Johannesburg
Fetching coordinates for case number 2000.10.14.
Got timezone for case number 2001.04.11.a. Timezone: Pacific/Honolulu
Case number 2000.10.09 is missing time data.
Fetching coordinates for case number 2000.10.06.b.
Got timezone for case number 2001.04.05. Timezone: America/New_York
Fetching coordinates for case number 2000.10.06.a.
Got timezone for case number 2001.04.11.c. Timezone: America/New_York
Fetching coordinates for case number 2000.10.02.
Got timezone for case number 2001.04.02.a. Timezone: Australia/Sydney
Fetching coordinates for case number 2000.09.29.
Got coordinates for case number 2000.11.04. Lat: 40.802071, Long: -124.163673
Got coordinates for case number 2000.10.29. Lat: -27.500574, Long: 153.347613
Got coordinates for case number 2000.11.06.a. Lat: -31.993862, Long: 115.751048
Got timezone for case number 2001.03.23. Timezone: Pacific/Honolulu
Fetching coordinates for case number 2000.09.25.
Got coordinates for case number 2000.10.20. Lat: 27.484277, Long: -80.305293
Got timezone for case number 2001.02.04. Timezone: Australia/Sydney
Fetching coordinates for case number 2000.09.24.
Got coordinates for case number 2000.10.18. Lat: 20.811411, Long: -156.622589
Got timezone for case number 2000.12.12. Timezone: Pacific/Fiji
Case number 2000.09.18 is missing important data.
Fetching coordinates for case number 2000.09.16.b.
Got timezone for case number 2000.12.03. Timezone: UTC
Case number 2000.09.16.a is missing important data.
Fetching coordinates for case number 2000.09.15.
Got timezone for case number 2000.11.18. Timezone: America/New_York
Fetching coordinates for case number 2000.09.12.
Got timezone for case number 2000.11.06.b. Timezone: Australia/Perth
Fetching coordinates for case number 2000.09.11.
Got coordinates for case number 2000.10.06.b. Lat: 29.025819, Long: -80.926998
Got coordinates for case number 2000.10.14. Lat: 27.589732, Long: -80.333113
Got coordinates for case number 2000.10.02. Lat: 34.208504, Long: -77.796371
Got coordinates for case number 2000.09.29. Lat: 37.495570, Long: -122.496687Got timezone for case number 2000.11.04. Timezone: America/Los_Angeles
Fetching coordinates for case number 2000.09.10.b.

Got timezone for case number 2000.10.29. Timezone: Australia/Brisbane
Fetching coordinates for case number 2000.09.10.a.
Got timezone for case number 2000.11.06.a. Timezone: Australia/Perth
Case number 2000.09.08.c is missing important data.
Fetching coordinates for case number 2000.09.08.b.
Got coordinates for case number 2000.10.06.a. Lat: 29.025819, Long: -80.926998
Got timezone for case number 2000.10.20. Timezone: America/New_York
Fetching coordinates for case number 2000.09.08.a.
Got timezone for case number 2000.10.18. Timezone: Pacific/Honolulu
Case number 2000.09.00.b is missing important data.
Fetching coordinates for case number 2000.08.31.
Got coordinates for case number 2000.09.25. Lat: -31.955230, Long: 132.732900
Got coordinates for case number 2000.09.24. Lat: -32.083500, Long: 132.982204
Got coordinates for case number 2000.09.16.b. Lat: 24.839563, Long: 125.280692
Got coordinates for case number 2000.09.15. Lat: 27.472737, Long: -80.285789
Got coordinates for case number 2000.09.12. Lat: 28.263933, Long: -80.721442
Got timezone for case number 2000.10.06.b. Timezone: America/New_York
Fetching coordinates for case number 2000.08.30.
Got coordinates for case number 2000.09.11. Lat: 29.176093, Long: -80.982832
Got timezone for case number 2000.10.14. Timezone: America/New_York
Case number 2000.08.27.R is missing important data.
Case number 2000.08.21 is missing important data.
Fetching coordinates for case number 2000.08.15.
Got timezone for case number 2000.10.02. Timezone: America/New_York
Fetching coordinates for case number 2000.08.13.
Got timezone for case number 2000.09.29. Timezone: America/Los_Angeles
Fetching coordinates for case number 2000.08.12.
Got coordinates for case number 2000.09.10.b. Lat: 27.638643, Long: -80.397274
Got coordinates for case number 2000.09.10.a. Lat: -34.684104, Long: 19.414757
Got timezone for case number 2000.10.06.a. Timezone: America/New_York
Case number 2000.08.11 is missing time data.
Case number 2000.08.10 is missing important data.
Case number 2000.08.00 is missing important data.
Case number 2000.07.25 is missing important data.
Case number 2000.07.22 is missing important data.
Case number 2000.07.17 is missing important data.
Case number 2000.07.16.b is missing important data.
Case number 2000.07.16.a is missing important data.
Case number 2000.07.15.b is missing important data.
Case number 2000.07.15.a is missing time data.
Case number 2000.07.12 is missing important data.
Fetching coordinates for case number 2000.07.10.
Got coordinates for case number 2000.09.08.b. Lat: 29.025819, Long: -80.926998
Got timezone for case number 2000.09.24. Timezone: Australia/Adelaide
Fetching coordinates for case number 2000.07.09.
Got coordinates for case number 2000.09.08.a. Lat: -21.329805, Long: 55.451603
Got timezone for case number 2000.09.25. Timezone: Australia/Adelaide
Case number 2000.07.07 is missing important data.
Fetching coordinates for case number 2000.07.06.
Got timezone for case number 2000.09.16.b. Timezone: Asia/Tokyo
Fetching coordinates for case number 2000.07.04.b.
Got timezone for case number 2000.09.15. Timezone: America/New_York
Fetching coordinates for case number 2000.07.04.a.
Got timezone for case number 2000.09.12. Timezone: America/New_York
Fetching coordinates for case number 2000.07.02.b.
Got timezone for case number 2000.09.11. Timezone: America/New_York
Fetching coordinates for case number 2000.07.02.a.
Got coordinates for case number 2000.08.31. Lat: 29.025819, Long: -80.926998
Got coordinates for case number 2000.08.30. Lat: 27.792697, Long: -82.765726
Got coordinates for case number 2000.08.15. Lat: 20.902653, Long: -156.437522
Got coordinates for case number 2000.08.13. Lat: 30.313672, Long: -81.397192
Got timezone for case number 2000.09.10.b. Timezone: America/New_York
Case number 2000.07.00 is missing important data.
Case number 2000.06.30 is missing important data.
Case number 2000.06.29 is missing important data.
Fetching coordinates for case number 2000.06.19.
Got coordinates for case number 2000.08.12. Lat: 29.892184, Long: -81.313931
Got timezone for case number 2000.09.10.a. Timezone: Africa/Johannesburg
Fetching coordinates for case number 2000.06.13.
Got timezone for case number 2000.09.08.b. Timezone: America/New_York
Fetching coordinates for case number 2000.06.10.
Got coordinates for case number 2000.07.10. Lat: 29.210815, Long: -81.022833
Got timezone for case number 2000.09.08.a. Timezone: Indian/Reunion
Fetching coordinates for case number 2000.06.09.b.
Got coordinates for case number 2000.07.09. Lat: 29.299783, Long: -81.047980
Got coordinates for case number 2000.07.06. Lat: 36.260470, Long: -75.786105
Got coordinates for case number 2000.07.04.a. Lat: 27.495316, Long: -82.710933
Got coordinates for case number 2000.07.04.b. Lat: 29.210815, Long: -81.022833
Got timezone for case number 2000.08.31. Timezone: America/New_York
Fetching coordinates for case number 2000.06.09.a.
Got coordinates for case number 2000.07.02.b. Lat: 29.065481, Long: -80.910824
Got timezone for case number 2000.08.30. Timezone: America/New_York
Fetching coordinates for case number 2000.06.02.
Got timezone for case number 2000.08.15. Timezone: Pacific/Honolulu
Case number 2000.06.00 is missing important data.
Case number 2000.05.13 is missing important data.
Case number 2000.05.09 is missing important data.
Case number 2000.05.07.b is missing important data.
Case number 2000.05.07.a is missing important data.
Fetching coordinates for case number 2000.04.14.
Got timezone for case number 2000.08.13. Timezone: America/New_York
Fetching coordinates for case number 2000.04.09.
Got coordinates for case number 2000.07.02.a. Lat: 29.065481, Long: -80.910824
Got timezone for case number 2000.08.12. Timezone: America/New_York
Case number 2000.03.31 is missing important data.
Fetching coordinates for case number 2000.03.30.
Got coordinates for case number 2000.06.19. Lat: 29.285113, Long: -81.039399
Got timezone for case number 2000.07.10. Timezone: America/New_York
Fetching coordinates for case number 2000.03.26.
Got coordinates for case number 2000.06.13. Lat: 30.415930, Long: -87.132314
Got coordinates for case number 2000.06.10. Lat: 27.619241, Long: -97.200673
Got timezone for case number 2000.07.09. Timezone: America/New_York
Fetching coordinates for case number 2000.03.24.
Got coordinates for case number 2000.06.09.b. Lat: 30.246036, Long: -87.700819
Got timezone for case number 2000.07.06. Timezone: America/New_York
Case number 2000.03.15 is missing time data.
Fetching coordinates for case number 2000.03.14.
Got timezone for case number 2000.07.04.a. Timezone: America/New_York
Case number 2000.03.10 is missing time data.
Case number 2000.03.09 is missing important data.
Case number 2000.03.03.R is missing important data.
Case number 2000.03.02 is missing important data.
parse error: time data '2000.03.00 16h00' does not match format '%Y.%m.%d %Hh%M'
Case number 2000.03.00 has invalid time data.
Case number 2000.02.21 is missing time data.
Fetching coordinates for case number 2000.02.19.
Got timezone for case number 2000.07.04.b. Timezone: America/New_York
Case number 2000.02.14 is missing important data.
Case number 2000.02.03 is missing important data.
Case number 2000.02.01 is missing important data.
Case number 2000.01.28.R is missing important data.
Case number 2000.01.05 is missing important data.
Case number 2000.00.00 is missing important data.
Case number 1999.12.31.c is missing important data.
Case number 1999.12.31.b is missing important data.
Case number 1999.12.31.a is missing important data.
Case number 1999.12.26 is missing important data.
Case number 1999.12.14 is missing important data.
Fetching coordinates for case number 1999.12.06.
Got timezone for case number 2000.07.02.b. Timezone: America/New_York
Fetching coordinates for case number 1999.12.02.
Got coordinates for case number 2000.06.09.a. Lat: 30.246036, Long: -87.700819
Got coordinates for case number 2000.04.14. Lat: 29.096373, Long: -80.936998
Got timezone for case number 2000.07.02.a. Timezone: America/New_York
Fetching coordinates for case number 1999.11.30.
Got coordinates for case number 2000.06.02. Lat: 29.009349, Long: -80.878625
Got coordinates for case number 2000.04.09. Lat: 26.775340, Long: -80.058097
Got timezone for case number 2000.06.19. Timezone: America/New_York
Fetching coordinates for case number 1999.11.23.
Got timezone for case number 2000.06.13. Timezone: America/Chicago
Case number 1999.11.15 is missing important data.
Case number 1999.11.13 is missing important data.
Fetching coordinates for case number 1999.11.06.
Got coordinates for case number 2000.03.30. Lat: -27.985453, Long: 153.430352
Got coordinates for case number 2000.03.26. Lat: 26.879782, Long: -80.053374
Got timezone for case number 2000.06.10. Timezone: America/Chicago
Case number 1999.11.00.b is missing important data.
Case number 1999.11.00.a is missing important data.
Fetching coordinates for case number 1999.10.30.b.
Got coordinates for case number 2000.03.24. Lat: 27.945631, Long: -80.497996
Got timezone for case number 2000.06.09.b. Timezone: America/Chicago
Fetching coordinates for case number 1999.10.30.a.
Got coordinates for case number 2000.03.14. Lat: -33.492981, Long: 151.423773
Got coordinates for case number 2000.02.19. Lat: -34.798025, Long: 20.046336
Got coordinates for case number 1999.12.06. Lat: -22.811567, Long: -43.154460
Got timezone for case number 2000.04.14. Timezone: America/New_York
Case number 1999.10.20 is missing time data.
Fetching coordinates for case number 1999.10.01.
Got timezone for case number 2000.06.02. Timezone: America/New_York
Fetching coordinates for case number 1999.09.29.
Got timezone for case number 2000.06.09.a. Timezone: America/Chicago
Case number 1999.09.24 is missing important data.
Fetching coordinates for case number 1999.09.18.
Got coordinates for case number 1999.12.02. Lat: 26.531787, Long: -80.090547
Got coordinates for case number 1999.11.30. Lat: 26.705621, Long: -80.036430
Got timezone for case number 2000.04.09. Timezone: America/New_York
Case number 1999.09.16 is missing important data.
Case number 1999.09.10 is missing time data.
Case number 1999.09.05 is missing important data.
Case number 1999.09.04.b is missing important data.
Fetching coordinates for case number 1999.09.04.a.
Got timezone for case number 2000.03.30. Timezone: Australia/Brisbane
Fetching coordinates for case number 1999.08.26.
Got timezone for case number 2000.03.26. Timezone: America/New_York
Case number 1999.08.24 is missing important data.
Case number 1999.08.23 is missing time data.
Fetching coordinates for case number 1999.08.21.
Got coordinates for case number 1999.11.23. Lat: 19.641913, Long: -155.996226
Got coordinates for case number 1999.10.30.b. Lat: 29.210815, Long: -81.022833
Got timezone for case number 2000.03.24. Timezone: America/New_York
Fetching coordinates for case number 1999.08.16.
Got coordinates for case number 1999.11.06. Lat: -22.811567, Long: -43.154460
Got coordinates for case number 1999.10.30.a. Lat: 26.504609, Long: -80.052279
Got timezone for case number 2000.02.19. Timezone: Africa/Johannesburg
Fetching coordinates for case number 1999.08.05.a.
Got timezone for case number 2000.03.14. Timezone: Australia/Sydney
Fetching coordinates for case number 1999.08.05.
Got timezone for case number 1999.12.06. Timezone: America/Sao_Paulo
Fetching coordinates for case number 1999.07.29.
Got coordinates for case number 1999.10.01. Lat: 19.642345, Long: -156.007715
Got timezone for case number 1999.12.02. Timezone: America/New_York
Fetching coordinates for case number 1999.07.26.
Got coordinates for case number 1999.09.29. Lat: 29.071135, Long: -80.922847
Got timezone for case number 1999.11.30. Timezone: America/New_York
Fetching coordinates for case number 1999.07.21.
Got coordinates for case number 1999.09.18. Lat: 37.186446, Long: -122.383257
Got timezone for case number 1999.11.23. Timezone: Pacific/Honolulu
Fetching coordinates for case number 1999.07.15.
Got coordinates for case number 1999.09.04.a. Lat: 29.096373, Long: -80.936998
Got coordinates for case number 1999.08.21. Lat: 29.096373, Long: -80.936998
Got coordinates for case number 1999.08.26. Lat: 29.043362, Long: -80.897498
Got timezone for case number 1999.10.30.b. Timezone: America/New_York
Case number 1999.07.06 is missing important data.
Case number 1999.07.04 is missing time data.
Case number 1999.07.03 is missing time data.
Case number 1999.06.19 is missing important data.
Fetching coordinates for case number 1999.06.17.
Got timezone for case number 1999.11.06. Timezone: America/Sao_Paulo
Fetching coordinates for case number 1999.06.12.
Got coordinates for case number 1999.08.16. Lat: 33.746006, Long: -78.813634
Got timezone for case number 1999.10.30.a. Timezone: America/New_York
Fetching coordinates for case number 1999.06.09.
Got coordinates for case number 1999.08.05.a. Lat: 29.025819, Long: -80.926998
Got coordinates for case number 1999.08.05. Lat: 26.355503, Long: -77.148516
Got coordinates for case number 1999.07.29. Lat: -33.227792, Long: 21.856859
Got timezone for case number 1999.10.01. Timezone: Pacific/Honolulu
Fetching coordinates for case number 1999.05.29.
Got timezone for case number 1999.09.29. Timezone: America/New_York
Case number 1999.05.01 is missing time data.
Fetching coordinates for case number 1999.04.22.
Got coordinates for case number 1999.07.26. Lat: 24.723436, Long: -81.014082
Got timezone for case number 1999.09.18. Timezone: America/Los_Angeles
Fetching coordinates for case number 1999.04.11.
Got coordinates for case number 1999.07.21. Lat: 19.758371, Long: -155.090968
Got timezone for case number 1999.09.04.a. Timezone: America/New_York
Case number 1999.04.01 is missing important data.
Case number 1999.03.18.R is missing important data.
Case number 1999.03.18.b is missing important data.
Fetching coordinates for case number 1999.03.18.a.
Got timezone for case number 1999.08.21. Timezone: America/New_York
Case number 1999.03.14.b is missing time data.
Case number 1999.03.14.a is missing important data.
Case number 1999.03.08 is missing important data.
Fetching coordinates for case number 1999.03.05.
Got timezone for case number 1999.08.26. Timezone: America/New_York
Case number 1999.02.26.R is missing important data.
Case number 1999.02.23 is missing time data.
Fetching coordinates for case number 1999.02.03.
Got coordinates for case number 1999.07.15. Lat: -34.085224, Long: 22.970757
Got coordinates for case number 1999.06.17. Lat: 29.096373, Long: -80.936998
Got timezone for case number 1999.08.16. Timezone: America/New_York
Case number 1999.01.29 is missing important data.
Case number 1999.01.13 is missing important data.
Case number 1999.01.07 is missing important data.
Case number 1999.01.03.R is missing important data.
Case number 1999.01.03 is missing important data.
parse error: time data '1999.00.00 12h00' does not match format '%Y.%m.%d %Hh%M'
Case number 1999.00.00.b has invalid time data.
Case number 1999.00.00.a is missing important data.
Fetching coordinates for case number 1998.12.24.
Got coordinates for case number 1999.06.12. Lat: 30.334408, Long: -81.398696
Got timezone for case number 1999.08.05.a. Timezone: America/New_York
Fetching coordinates for case number 1998.12.22.
Got coordinates for case number 1999.06.09. Lat: 26.442023, Long: -80.060827
Got timezone for case number 1999.08.05. Timezone: America/Nassau
Fetching coordinates for case number 1998.12.20.R.
Got timezone for case number 1999.07.29. Timezone: Africa/Johannesburg
Case number 1998.12.18 is missing important data.
Case number 1998.12.15 is missing time data.
Fetching coordinates for case number 1998.11.21.
Got timezone for case number 1999.07.26. Timezone: America/New_York
Fetching coordinates for case number 1998.11.14.
Got coordinates for case number 1999.05.29. Lat: -34.891065, Long: 137.460994
Got coordinates for case number 1999.04.22. Lat: -20.008056, Long: 57.561769
Got timezone for case number 1999.07.21. Timezone: Pacific/Honolulu
Fetching coordinates for case number 1998.11.11.
Got coordinates for case number 1999.04.11. Lat: -21.271873, Long: 55.353065
Got coordinates for case number 1999.03.18.a. Lat: 20.882371, Long: -156.681620
Got coordinates for case number 1999.03.05. Lat: 20.935898, Long: -156.690054
Got timezone for case number 1999.07.15. Timezone: Africa/Johannesburg
Case number 1998.11.05 is missing important data.
Case number 1998.11.02.b is missing important data.
Case number 1998.11.02.a is missing time data.
Case number 1998.10.24 is missing time data.
Case number 1998.10.18 is missing important data.
Case number 1998.10.10 is missing important data.
Case number 1998.10.04 is missing important data.
Case number 1998.10.01.b is missing important data.
Fetching coordinates for case number 1998.10.01.a.
Got timezone for case number 1999.06.17. Timezone: America/New_York
Case number 1998.09.27 is missing important data.
Fetching coordinates for case number 1998.09.22.
Got coordinates for case number 1999.02.03. Lat: 27.059498, Long: -80.136432
Got coordinates for case number 1998.12.24. Lat: 29.285813, Long: -81.055889
Got timezone for case number 1999.06.12. Timezone: America/New_York
Case number 1998.09.16.R is missing time data.
Case number 1998.09.14 is missing important data.
Case number 1998.09.00 is missing important data.
Fetching coordinates for case number 1998.08.30.
Got timezone for case number 1999.06.09. Timezone: America/New_York
Case number 1998.08.27 is missing important data.
Fetching coordinates for case number 1998.08.26.
Got coordinates for case number 1998.12.22. Lat: -35.513787, Long: 138.720094
Got coordinates for case number 1998.12.20.R. Lat: -33.982450, Long: 25.665142
Got coordinates for case number 1998.11.21. Lat: 27.665321, Long: -80.359275
Got timezone for case number 1999.05.29. Timezone: Australia/Adelaide
Case number 1998.08.23.R is missing important data.
Fetching coordinates for case number 1998.08.15.
Got timezone for case number 1999.04.22. Timezone: Indian/Mauritius
Case number 1998.08.13 is missing important data.
Case number 1998.08.12 is missing important data.
Case number 1998.08.01.b is missing important data.
Fetching coordinates for case number 1998.08.01.a.
Got timezone for case number 1999.04.11. Timezone: Indian/Reunion
Fetching coordinates for case number 1998.07.26.
Got timezone for case number 1999.03.05. Timezone: Pacific/Honolulu
Case number 1998.07.25 is missing time data.
Case number 1998.07.06.b is missing important data.
Case number 1998.07.11 is missing time data.
Case number 1998.07.06.a is missing important data.
Fetching coordinates for case number 1998.06.28.a.
Got coordinates for case number 1998.11.14. Lat: 29.025819, Long: -80.926998
Got timezone for case number 1999.03.18.a. Timezone: Pacific/Honolulu
Fetching coordinates for case number 1998.06.22.
Got coordinates for case number 1998.11.11. Lat: 27.633773, Long: -80.351940
Got coordinates for case number 1998.10.01.a. Lat: 29.025819, Long: -80.926998
Got timezone for case number 1999.02.03. Timezone: America/New_York
Fetching coordinates for case number 1998.06.08.
Got timezone for case number 1998.12.24. Timezone: America/New_York
Case number 1998.06.05 is missing important data.
Case number 1998.05.30 is missing important data.
Case number 1998.05.29.b is missing time data.
Case number 1998.05.29.a is missing time data.
Fetching coordinates for case number 1998.05.25.
Got coordinates for case number 1998.08.30. Lat: 29.096373, Long: -80.936998
Got timezone for case number 1998.12.22. Timezone: Australia/Adelaide
Fetching coordinates for case number 1998.05.16.c.
Got coordinates for case number 1998.08.26. Lat: 37.900482, Long: -122.644426
Got timezone for case number 1998.12.20.R. Timezone: Africa/Johannesburg
Fetching coordinates for case number 1998.05.16.b.
Got timezone for case number 1998.11.21. Timezone: America/New_York
Fetching coordinates for case number 1998.05.16.a.
Got coordinates for case number 1998.09.22. Lat: 29.025819, Long: -80.926998
Got coordinates for case number 1998.08.15. Lat: 25.662634, Long: -77.832931
Got timezone for case number 1998.11.14. Timezone: America/New_York
Fetching coordinates for case number 1998.04.26.
Got coordinates for case number 1998.08.01.a. Lat: -34.349104, Long: 18.833753
Got coordinates for case number 1998.06.28.a. Lat: -35.329570, Long: 136.118353
Got timezone for case number 1998.11.11. Timezone: America/New_York
Fetching coordinates for case number 1998.04.21.
Got timezone for case number 1998.10.01.a. Timezone: America/New_York
Case number 1998.04.17 is missing important data.
Case number 1998.04.01 is missing important data.
Case number 1998.04.00 is missing important data.
Fetching coordinates for case number 1998.03.31.
Got coordinates for case number 1998.07.26. Lat: -8.131730, Long: -34.902409
Got coordinates for case number 1998.06.08. Lat: 29.210815, Long: -81.022833
Got coordinates for case number 1998.06.22. Lat: -32.942284, Long: 28.009826
Got coordinates for case number 1998.05.25. Lat: 29.025819, Long: -80.926998
Got timezone for case number 1998.08.30. Timezone: America/New_York
Fetching coordinates for case number 1998.03.15.
Got timezone for case number 1998.08.26. Timezone: America/Los_Angeles
Case number 1998.03.08.a is missing time data.
Fetching coordinates for case number 1998.02.23.
Got coordinates for case number 1998.05.16.c. Lat: 27.118210, Long: -80.146347
Got timezone for case number 1998.09.22. Timezone: America/New_York
Fetching coordinates for case number 1998.01.28.R.
Got coordinates for case number 1998.05.16.b. Lat: 27.322556, Long: -80.543845
Got coordinates for case number 1998.05.16.a. Lat: -33.892395, Long: 23.167932
Got timezone for case number 1998.08.15. Timezone: America/Nassau
Case number 1998.01.28.a is missing important data.
Case number 1998.01.25.b is missing important data.
Case number 1998.01.25.a is missing important data.
Case number 1998.01.17 is missing time data.
Fetching coordinates for case number 1998.01.14.
Got timezone for case number 1998.08.01.a. Timezone: Africa/Johannesburg
Case number 1998.00.00.c is missing important data.
Case number 1998.00.00.b is missing important data.
Case number 1998.00.00.a is missing important data.
Fetching coordinates for case number 1997.12.28.b.
Got timezone for case number 1998.06.28.a. Timezone: UTC
Case number 1997.12.28.a is missing important data.
Case number 1997.12.25.b is missing important data.
Case number 1997.12.25.a is missing important data.
Case number 1997.11.09 is missing time data.
Case number 1997.11.05.R is missing important data.
Case number 1997.11.05 is missing important data.
Case number 1997.10.28.b is missing important data.
Fetching coordinates for case number 1997.10.28.a.
Got timezone for case number 1998.07.26. Timezone: America/Recife
Fetching coordinates for case number 1997.10.24.
Got coordinates for case number 1998.04.26. Lat: -25.969248, Long: 32.573175
Got coordinates for case number 1998.04.21. Lat: 44.881415, Long: -124.034593
Got timezone for case number 1998.06.08. Timezone: America/New_York
Fetching coordinates for case number 1997.10.21.
Got timezone for case number 1998.06.22. Timezone: Africa/Johannesburg
Case number 1997.10.11.R is missing important data.
Fetching coordinates for case number 1997.10.04.
Got coordinates for case number 1998.03.31. Lat: 27.254497, Long: -80.196227
Got timezone for case number 1998.05.25. Timezone: America/New_York
Case number 1997.09.16 is missing important data.
Fetching coordinates for case number 1997.09.09.
Got coordinates for case number 1998.03.15. Lat: -33.019746, Long: 18.190306
Got timezone for case number 1998.05.16.c. Timezone: America/New_York
Case number 1997.09.08 is missing time data.
Fetching coordinates for case number 1997.09.06.
Got coordinates for case number 1998.02.23. Lat: 27.254491, Long: -80.229770
Got timezone for case number 1998.05.16.a. Timezone: Africa/Johannesburg
Fetching coordinates for case number 1997.08.30.
Got timezone for case number 1998.05.16.b. Timezone: America/New_York
Fetching coordinates for case number 1997.08.27.
Got coordinates for case number 1998.01.28.R. Lat: -33.611739, Long: 151.329893
Got coordinates for case number 1998.01.14. Lat: -26.842739, Long: 32.885997
Got coordinates for case number 1997.10.28.a. Lat: 21.883316, Long: -159.468179
Got timezone for case number 1998.04.26. Timezone: Africa/Maputo
Fetching coordinates for case number 1997.08.24.
Got coordinates for case number 1997.12.28.b. Lat: -34.349104, Long: 18.833753
Got timezone for case number 1998.03.31. Timezone: America/New_York
Case number 1997.08.14.b is missing important data.
Case number 1997.08.14.a is missing important data.
Fetching coordinates for case number 1997.08.11.c.
Got coordinates for case number 1997.10.24. Lat: 27.474397, Long: -80.292334
Got timezone for case number 1998.04.21. Timezone: America/Los_Angeles
Case number 1997.08.11.b is missing important data.
Case number 1997.08.11.a is missing important data.
Fetching coordinates for case number 1997.08.10.
Got coordinates for case number 1997.10.04. Lat: 29.210815, Long: -81.022833
Got timezone for case number 1998.03.15. Timezone: Africa/Johannesburg
Fetching coordinates for case number 1997.08.09.
Got coordinates for case number 1997.09.09. Lat: 29.027984, Long: -81.075466
Got coordinates for case number 1997.09.06. Lat: 29.025819, Long: -80.926998
Got timezone for case number 1998.02.23. Timezone: America/New_York
Case number 1997.08.05 is missing important data.
Case number 1997.08.04 is missing important data.
Fetching coordinates for case number 1997.08.02.b.
Got timezone for case number 1998.01.28.R. Timezone: Australia/Sydney
Fetching coordinates for case number 1997.08.02.a.
Got coordinates for case number 1997.10.21. Lat: 27.474397, Long: -80.292334
Got coordinates for case number 1997.08.30. Lat: 29.025819, Long: -80.926998
Got timezone for case number 1997.10.28.a. Timezone: Pacific/Honolulu
Fetching coordinates for case number 1997.07.27.
Got timezone for case number 1998.01.14. Timezone: Africa/Maputo
Fetching coordinates for case number 1997.07.21.
Got timezone for case number 1997.10.24. Timezone: America/New_York
Case number 1997.07.17 is missing important data.
Case number 1997.07.14 is missing time data.
Case number 1997.07.12 is missing important data.
Case number 1997.07.02.R is missing important data.
Fetching coordinates for case number 1997.06.24.
Got coordinates for case number 1997.08.11.c. Lat: 29.025819, Long: -80.926998
Got coordinates for case number 1997.08.24. Lat: 40.802071, Long: -124.163673
Got timezone for case number 1997.12.28.b. Timezone: Africa/Johannesburg
Fetching coordinates for case number 1997.06.15.
Got timezone for case number 1997.10.04. Timezone: America/New_York
Fetching coordinates for case number 1997.06.09.
Got coordinates for case number 1997.08.27. Lat: 29.025819, Long: -80.926998
Got timezone for case number 1997.09.09. Timezone: America/New_York
Case number 1997.06.07 is missing important data.
Fetching coordinates for case number 1997.06.02.
Got coordinates for case number 1997.08.09. Lat: 29.025819, Long: -80.926998
Got timezone for case number 1997.09.06. Timezone: America/New_York
Case number 1997.05.31.c is missing time data.
Fetching coordinates for case number 1997.05.31.b.
Got timezone for case number 1997.08.30. Timezone: America/New_York
Fetching coordinates for case number 1997.05.31.a.
Got coordinates for case number 1997.08.10. Lat: 29.025819, Long: -80.926998
Got timezone for case number 1997.10.21. Timezone: America/New_York
Case number 1997.05.26 is missing important data.
Case number 1997.05.17 is missing time data.
Case number 1997.04.20 is missing important data.
Case number 1997.02.28.b is missing important data.
Case number 1997.02.28.a is missing time data.
Case number 1997.02.21 is missing important data.
Case number 1997.02.20 is missing important data.
Case number 1997.02.03 is missing important data.
Fetching coordinates for case number 1997.01.25.
Got coordinates for case number 1997.08.02.a. Lat: 29.025819, Long: -80.926998
Got coordinates for case number 1997.08.02.b. Lat: 29.025819, Long: -80.926998
Got coordinates for case number 1997.07.21. Lat: -31.203056, Long: 29.100000
Got timezone for case number 1997.08.11.c. Timezone: America/New_York
Fetching coordinates for case number 1997.01.20.
Got timezone for case number 1997.08.24. Timezone: America/Los_Angeles
Case number 1997.01.03.a is missing important data.
Case number 1997.01.01 is missing important data.
Fetching coordinates for case number 1996.12.29.
Got coordinates for case number 1997.06.15. Lat: -16.791010, Long: -179.996872
Got coordinates for case number 1997.06.09. Lat: 26.651450, Long: -80.276733
Got coordinates for case number 1997.07.27. Lat: -26.654470, Long: 153.103629
Got timezone for case number 1997.08.09. Timezone: America/New_York
Fetching coordinates for case number 1996.12.10.
Got timezone for case number 1997.08.27. Timezone: America/New_York
Case number 1996.12.00.b is missing important data.
Case number 1996.12.00.a is missing important data.
Fetching coordinates for case number 1996.11.29.a.
Got coordinates for case number 1997.06.02. Lat: 29.176093, Long: -80.982832
Got coordinates for case number 1997.06.24. Lat: 21.674173, Long: -158.040218
Got coordinates for case number 1997.05.31.b. Lat: 29.474975, Long: -81.127004
Got coordinates for case number 1997.05.31.a. Lat: 29.474975, Long: -81.127004
Got timezone for case number 1997.08.02.a. Timezone: America/New_York
Fetching coordinates for case number 1996.11.18.
Got timezone for case number 1997.08.10. Timezone: America/New_York
Case number 1996.10.28.b is missing important data.
Case number 1996.10.28.a is missing important data.
Case number 1996.10.09 is missing important data.
Fetching coordinates for case number 1996.10.05..
Got coordinates for case number 1997.01.25. Lat: -20.282432, Long: 149.038854
Got timezone for case number 1997.08.02.b. Timezone: America/New_York
Fetching coordinates for case number 1996.10.03.b.
Got timezone for case number 1997.07.21. Timezone: Africa/Johannesburg
Fetching coordinates for case number 1996.10.03.a.
Got coordinates for case number 1997.01.20. Lat: -28.776135, Long: 114.611295
Got timezone for case number 1997.06.15. Timezone: Pacific/Fiji
Case number 1996.10.00 is missing important data.
Fetching coordinates for case number 1996.09.18.
Got timezone for case number 1997.06.09. Timezone: America/New_York
Fetching coordinates for case number 1996.09.06.b.
Got coordinates for case number 1996.12.29. Lat: -26.529146, Long: 153.090977
Got timezone for case number 1997.07.27. Timezone: Australia/Brisbane
Fetching coordinates for case number 1996.09.06.a.
Got timezone for case number 1997.06.02. Timezone: America/New_York
Fetching coordinates for case number 1996.09.02.b.
Got coordinates for case number 1996.12.10. Lat: -34.030992, Long: 25.498632
Got coordinates for case number 1996.11.29.a. Lat: 38.355151, Long: -123.065767
Got timezone for case number 1997.06.24. Timezone: Pacific/Honolulu
Fetching coordinates for case number 1996.09.02.a.
Got timezone for case number 1997.05.31.b. Timezone: America/New_York
Case number 1996.09.01.b is missing time data.
Fetching coordinates for case number 1996.09.01.a.
Got coordinates for case number 1996.11.18. Lat: 26.963445, Long: -80.078830
Got coordinates for case number 1996.10.05.. Lat: 38.248992, Long: -122.966489
Got timezone for case number 1997.05.31.a. Timezone: America/New_York
Fetching coordinates for case number 1996.08.29.
Got timezone for case number 1997.01.25. Timezone: Australia/Brisbane
Fetching coordinates for case number 1996.08.13.
Got coordinates for case number 1996.10.03.b. Lat: 28.320007, Long: -80.607551
Got timezone for case number 1997.01.20. Timezone: Australia/Perth
Fetching coordinates for case number 1996.08.11.
Got coordinates for case number 1996.09.18. Lat: 29.025819, Long: -80.926998
Got coordinates for case number 1996.10.03.a. Lat: 38.359240, Long: -123.068243
Got timezone for case number 1996.12.29. Timezone: Australia/Brisbane
Fetching coordinates for case number 1996.07.26.
Got coordinates for case number 1996.09.06.b. Lat: -44.283333, Long: -176.250000
Got timezone for case number 1996.12.10. Timezone: Africa/Johannesburg
Case number 1996.07.23.b is missing important data.
Fetching coordinates for case number 1996.07.23.a.
Got coordinates for case number 1996.09.02.b. Lat: 28.949154, Long: -80.837830
Got coordinates for case number 1996.09.02.a. Lat: 28.949154, Long: -80.837830
Got timezone for case number 1996.11.29.a. Timezone: America/Los_Angeles
Case number 1996.07.21 is missing important data.
Fetching coordinates for case number 1996.07.20.
Got coordinates for case number 1996.09.01.a. Lat: -30.610764, Long: 30.535885
Got timezone for case number 1996.10.05.. Timezone: America/Los_Angeles
Case number 1996.07.14 is missing important data.
Fetching coordinates for case number 1996.07.10.
Got coordinates for case number 1996.09.06.a. Lat: 29.025819, Long: -80.926998
Got timezone for case number 1996.11.18. Timezone: America/New_York
Fetching coordinates for case number 1996.07.04.b.
Got coordinates for case number 1996.08.29. Lat: 20.908611, Long: -156.487778
Got coordinates for case number 1996.08.13. Lat: 32.811564, Long: -117.266142
Got timezone for case number 1996.10.03.b. Timezone: America/New_York
Case number 1996.07.04.a is missing important data.
Case number 1996.06.25 is missing time data.
Fetching coordinates for case number 1996.06.06.
Got coordinates for case number 1996.08.11. Lat: 27.345966, Long: -82.567273
Got timezone for case number 1996.09.18. Timezone: America/New_York
Case number 1996.06.04 is missing important data.
Fetching coordinates for case number 1996.05.28.
Got timezone for case number 1996.10.03.a. Timezone: America/Los_Angeles
Case number 1996.05.24 is missing important data.
Fetching coordinates for case number 1996.05.18.
Got timezone for case number 1996.09.06.b. Timezone: Pacific/Chatham
Case number 1996.05.10 is missing important data.
Fetching coordinates for case number 1996.05.07.
Got timezone for case number 1996.09.02.b. Timezone: America/New_York
Case number 1996.04.28.b is missing important data.
Case number 1996.04.25.b is missing important data.
Case number 1996.04.25.a is missing important data.
Case number 1996.04.07 is missing important data.
Fetching coordinates for case number 1996.03.05.
Got coordinates for case number 1996.07.23.a. Lat: 28.970977, Long: 33.617577
Got coordinates for case number 1996.07.26. Lat: 26.288419, Long: -81.831199
Got timezone for case number 1996.09.02.a. Timezone: America/New_York
Case number 1996.03.00 is missing important data.
Case number 1996.02.26 is missing time data.
Case number 1996.02.19.R is missing important data.
Case number 1996.02.10.c is missing important data.
Case number 1996.02.10.b is missing important data.
Case number 1996.02.10.a is missing important data.
Case number 1996.02.05 is missing important data.
Case number 1996.02.04 is missing time data.
Case number 1996.01.23 is missing important data.
Case number 1996.01.22 is missing important data.
Fetching coordinates for case number 1996.01.16.
Got timezone for case number 1996.09.01.a. Timezone: Africa/Johannesburg
Case number 1996.01.14.b is missing important data.
Fetching coordinates for case number 1996.01.12.
Got coordinates for case number 1996.07.20. Lat: 29.025819, Long: -80.926998
Got timezone for case number 1996.09.06.a. Timezone: America/New_York
Fetching coordinates for case number 1996.01.10.
Got coordinates for case number 1996.07.10. Lat: 29.025819, Long: -80.926998
Got timezone for case number 1996.08.29. Timezone: Pacific/Honolulu
Case number 1996.00.00.b is missing important data.
Case number 1996.00.00.a is missing important data.
Case number 1995.12.18 is missing important data.
Case number 1995.11.29 is missing important data.
Case number 1995.11.25.b is missing important data.
Case number 1995.11.25.a is missing important data.
Case number 1995.11.17 is missing important data.
Case number 1995.10.28.R is missing important data.
Case number 1995.10.21 is missing important data.
Fetching coordinates for case number 1995.10.11.
Got coordinates for case number 1996.07.04.b. Lat: 27.266972, Long: -82.546344
Got timezone for case number 1996.08.13. Timezone: America/Los_Angeles
Fetching coordinates for case number 1995.10.01.
Got timezone for case number 1996.08.11. Timezone: America/New_York
Case number 1995.09.30.b is missing time data.
Case number 1995.09.30.a is missing important data.
Fetching coordinates for case number 1995.09.28.
Got coordinates for case number 1996.06.06. Lat: -38.420835, Long: 145.075254
Got coordinates for case number 1996.05.18. Lat: 29.096373, Long: -80.936998
Got coordinates for case number 1996.05.28. Lat: -33.994347, Long: 22.574394
Got timezone for case number 1996.07.23.a. Timezone: Africa/Cairo
Case number 1995.09.19. is missing important data.
Fetching coordinates for case number 1995.09.17.
Got coordinates for case number 1996.05.07. Lat: 29.096373, Long: -80.936998
Got coordinates for case number 1996.03.05. Lat: -23.442298, Long: 151.914800
Got timezone for case number 1996.07.26. Timezone: America/New_York
Case number 1995.09.16 is missing important data.
Case number 1995.09.13 is missing important data.
Fetching coordinates for case number 1995.09.11.
Got coordinates for case number 1996.01.16. Lat: 20.798363, Long: -156.331925
Got coordinates for case number 1996.01.12. Lat: -34.483548, Long: 150.905765
Got timezone for case number 1996.07.20. Timezone: America/New_York
Fetching coordinates for case number 1995.09.03.b.
Got coordinates for case number 1996.01.10. Lat: -20.987864, Long: 55.285669
Got timezone for case number 1996.07.04.b. Timezone: America/New_York
Case number 1995.09.03.a is missing important data.
Case number 1995.08.31.b is missing important data.
Case number 1995.08.31.a is missing important data.
Case number 1995.08.27 is missing important data.
Fetching coordinates for case number 1995.08.26/b.
Got timezone for case number 1996.07.10. Timezone: America/New_York
Fetching coordinates for case number 1995.08.26.a.
Got coordinates for case number 1995.10.11. Lat: -25.283491, Long: 152.831933
Got coordinates for case number 1995.10.01. Lat: 29.285813, Long: -81.055889
Got coordinates for case number 1995.09.28. Lat: 37.026032, Long: -122.215895
Got timezone for case number 1996.06.06. Timezone: Australia/Melbourne
Case number 1995.08.25 is missing time data.
Case number 1995.08.22.c is missing time data.
Fetching coordinates for case number 1995.08.22.a.
Got timezone for case number 1996.05.07. Timezone: America/New_York
Case number 1995.08.21 is missing important data.
Fetching coordinates for case number 1995.08.19.
Got timezone for case number 1996.05.18. Timezone: America/New_York
Fetching coordinates for case number 1995.08.15.
Got timezone for case number 1996.05.28. Timezone: Africa/Johannesburg
Case number 1995.08.13.a is missing important data.
Fetching coordinates for case number 1995.08.10.b.
Got timezone for case number 1996.03.05. Timezone: Australia/Brisbane
Case number 1995.08.10.a is missing important data.
Fetching coordinates for case number 1995.08.07.
Got coordinates for case number 1995.09.17. Lat: 29.210815, Long: -81.022833
Got coordinates for case number 1995.09.11. Lat: -33.921617, Long: 120.135016
Got timezone for case number 1996.01.16. Timezone: Pacific/Honolulu
Case number 1995.08.01 is missing important data.
Case number 1995.08.00 is missing important data.
Fetching coordinates for case number 1995.07.28.e.
Got timezone for case number 1996.01.12. Timezone: Australia/Sydney
Fetching coordinates for case number 1995.07.28.d.
Got coordinates for case number 1995.09.03.b. Lat: 40.034280, Long: -124.074739
Got timezone for case number 1996.01.10. Timezone: Indian/Reunion
Fetching coordinates for case number 1995.07.28.c.
Got timezone for case number 1995.10.11. Timezone: Australia/Brisbane
Fetching coordinates for case number 1995.07.28.b.
Got coordinates for case number 1995.08.26/b. Lat: 29.768860, Long: -81.253679
Got coordinates for case number 1995.08.26.a. Lat: 29.071135, Long: -80.922847
Got timezone for case number 1995.10.01. Timezone: America/New_York
Case number 1995.07.28.a is missing important data.
Case number 1995.07.24 is missing important data.
Case number 1995.07.23 is missing important data.
Case number 1995.07.07 is missing important data.
Fetching coordinates for case number 1984.11.08.
Got timezone for case number 1995.09.28. Timezone: America/Los_Angeles
Case number 1995.07.06 is missing important data.
Case number 1995.07.03 is missing important data.
Case number 1995.07.00 is missing important data.
Fetching coordinates for case number 1995.06.30.
Got coordinates for case number 1995.08.22.a. Lat: 29.071135, Long: -80.922847
Got coordinates for case number 1995.08.19. Lat: -18.715186, Long: -173.990959
Got timezone for case number 1995.09.17. Timezone: America/New_York
Case number 1995.06.24 is missing important data.
Case number 1995.06.23 is missing important data.
Case number 1995.06.17.b is missing important data.
Fetching coordinates for case number 1995.06.17.a.
Got coordinates for case number 1995.08.10.b. Lat: 29.096373, Long: -80.936998
Got coordinates for case number 1995.08.15. Lat: 29.210815, Long: -81.022833
Got timezone for case number 1995.09.11. Timezone: Australia/Perth
Fetching coordinates for case number 1995.06.16.
Got timezone for case number 1995.09.03.b. Timezone: America/Los_Angeles
Fetching coordinates for case number 1995.06.14.
Got coordinates for case number 1995.07.28.e. Lat: 29.025819, Long: -80.926998
Got coordinates for case number 1995.07.28.c. Lat: 29.025819, Long: -80.926998
Got timezone for case number 1995.08.26/b. Timezone: America/New_York
Case number 1995.06.13 is missing important data.
Fetching coordinates for case number 1995.06.02.
Got coordinates for case number 1995.08.07. Lat: 29.071135, Long: -80.922847
Got timezone for case number 1995.08.26.a. Timezone: America/New_York
Case number 1995.05.31 is missing important data.
Case number 1995.05.26 is missing important data.
Case number 1995.05.24 is missing important data.
Case number 1995.05.18 is missing important data.
Case number 1995.05.12 is missing important data.
Fetching coordinates for case number 1995.04.16.
Got coordinates for case number 1984.11.08. Lat: -32.933791, Long: 28.017144
Got coordinates for case number 1995.07.28.d. Lat: 29.025819, Long: -80.926998
Got coordinates for case number 1995.06.30. Lat: 36.521412, Long: -121.943400
Got timezone for case number 1995.08.22.a. Timezone: America/New_York
Fetching coordinates for case number 1995.04.13.
Got coordinates for case number 1995.07.28.b. Lat: 29.025819, Long: -80.926998
Got timezone for case number 1995.08.19. Timezone: Pacific/Tongatapu
Case number 1995.04.09.b is missing important data.
Fetching coordinates for case number 1995.04.09.a.
Got timezone for case number 1995.08.15. Timezone: America/New_York
Case number 1995.03.21 is missing important data.
Fetching coordinates for case number 1995.03.11.
Got timezone for case number 1995.08.10.b. Timezone: America/New_York
Case number 1995.03.05 is missing time data.
Fetching coordinates for case number 1995.02.19.
Got coordinates for case number 1995.06.17.a. Lat: 27.254497, Long: -80.196227
Got coordinates for case number 1995.06.16. Lat: 27.221060, Long: -80.179080
Got timezone for case number 1995.07.28.e. Timezone: America/New_York
Case number 1995.02.00 is missing important data.
Fetching coordinates for case number 1995.01.24.
Got coordinates for case number 1995.06.14. Lat: 20.684356, Long: -156.440372
Got timezone for case number 1995.07.28.c. Timezone: America/New_York
Case number 1995.01.02 is missing important data.
Case number 1995.00.00.e is missing important data.
Case number 1995.00.00.d is missing important data.
Case number 1995.00.00.c is missing important data.
Case number 1995.00.00.b is missing important data.
Fetching coordinates for case number 1994.12.30.
Got timezone for case number 1995.08.07. Timezone: America/New_York
Fetching coordinates for case number 1994.12.18.
Got coordinates for case number 1995.06.02. Lat: 22.302642, Long: 114.290555
Got coordinates for case number 1995.04.16. Lat: 29.025819, Long: -80.926998
Got timezone for case number 1984.11.08. Timezone: Africa/Johannesburg
Case number 1994.12.13 is missing important data.
Case number 1994.12.11 is missing important data.
Case number 1994.12.10 is missing important data.
Case number 1994.12.09.b is missing important data.
Fetching coordinates for case number 1994.12.09.a.
Got timezone for case number 1995.07.28.d. Timezone: America/New_York
Case number 1994.12.01 is missing important data.
Case number 1994.11.25.a is missing important data.
Fetching coordinates for case number 1994.11.13.
Got timezone for case number 1995.06.30. Timezone: America/Los_Angeles
Fetching coordinates for case number 1994.11.06.a.
Got timezone for case number 1995.07.28.b. Timezone: America/New_York
Case number 1994.10.18 is missing important data.
Case number 1994.10.17 is missing important data.
Fetching coordinates for case number 1994.10.08.
Got coordinates for case number 1995.04.13. Lat: 29.285813, Long: -81.055889
Got timezone for case number 1995.06.17.a. Timezone: America/New_York
Fetching coordinates for case number 1994.10.05.
Got coordinates for case number 1995.04.09.a. Lat: 34.650062, Long: 137.233385
Got coordinates for case number 1995.03.11. Lat: -32.083500, Long: 132.982204
Got coordinates for case number 1995.02.19. Lat: -33.149542, Long: 27.696274
Got timezone for case number 1995.06.16. Timezone: America/New_York
Case number 1994.09.26 is missing important data.
Fetching coordinates for case number 1994.09.21.
Got coordinates for case number 1995.01.24. Lat: -29.982941, Long: 30.921105
Got timezone for case number 1995.06.14. Timezone: Pacific/Honolulu
Case number 1994.09.11.R is missing important data.
Fetching coordinates for case number 1994.09.05.
Got coordinates for case number 1994.12.30. Lat: -34.183626, Long: 22.124387
Got timezone for case number 1995.06.02. Timezone: Asia/Hong_Kong
Case number 1994.08.22 is missing important data.
Case number 1994.07.24 is missing important data.
Case number 1994.07.09.d is missing important data.
Fetching coordinates for case number 1994.07.09.c.
Got coordinates for case number 1994.12.18. Lat: 22.001444, Long: -159.743027
Got timezone for case number 1995.04.16. Timezone: America/New_York
Fetching coordinates for case number 1994.07.09.b.
Got coordinates for case number 1994.12.09.a. Lat: 34.037616, Long: -120.372374
Got coordinates for case number 1994.11.13. Lat: 22.095525, Long: -159.476964
Got coordinates for case number 1994.11.06.a. Lat: 22.099252, Long: -159.304632
Got coordinates for case number 1994.10.08. Lat: 25.675522, Long: -80.159068
Got timezone for case number 1995.04.13. Timezone: America/New_York
Fetching coordinates for case number 1994.07.09.a.
Got coordinates for case number 1994.10.05. Lat: 28.089460, Long: -80.565608
Got timezone for case number 1995.03.11. Timezone: Australia/Adelaide
Case number 1994.07.08.b is missing important data.
Fetching coordinates for case number 1994.07.08.a.
Got timezone for case number 1995.04.09.a. Timezone: Asia/Tokyo
Fetching coordinates for case number 1994.06.24.
Got timezone for case number 1995.02.19. Timezone: Africa/Johannesburg
Fetching coordinates for case number 1994.05.31.b.
Got coordinates for case number 1994.09.21. Lat: 45.762606, Long: -123.967360
Got timezone for case number 1995.01.24. Timezone: Africa/Johannesburg
Fetching coordinates for case number 1994.05.31.a.
Got timezone for case number 1994.12.30. Timezone: Africa/Johannesburg
Case number 1994.05.28 is missing important data.
Case number 1994.05.24 is missing important data.
Case number 1994.05.23 is missing time data.
Fetching coordinates for case number 1994.05.15.
Got timezone for case number 1994.12.18. Timezone: Pacific/Honolulu
Case number 1994.04.16 is missing important data.
Case number 1994.04.15 is missing important data.
Fetching coordinates for case number 1994.04.06.
Got coordinates for case number 1994.07.09.c. Lat: -20.872696, Long: 55.448892
Got coordinates for case number 1994.09.05. Lat: 21.466437, Long: -158.210010
Got coordinates for case number 1994.07.09.b. Lat: -32.985968, Long: 27.944671
Got timezone for case number 1994.12.09.a. Timezone: America/Los_Angeles
Fetching coordinates for case number 1994.04.03.
Got timezone for case number 1994.11.13. Timezone: Pacific/Honolulu
Case number 1994.04.02 is missing important data.
Fetching coordinates for case number 1994.03.23.b.
Got timezone for case number 1994.11.06.a. Timezone: Pacific/Honolulu
Fetching coordinates for case number 1994.03.23.a.
Got timezone for case number 1994.10.08. Timezone: America/New_York
Case number 1994.03.07 is missing important data.
Case number 1994.03.01 is missing important data.
Fetching coordinates for case number 1994.02.27.
Got timezone for case number 1994.10.05. Timezone: America/New_York
Fetching coordinates for case number 1994.02.19.
Got coordinates for case number 1994.07.09.a. Lat: -32.985968, Long: 27.944671
Got coordinates for case number 1994.06.24. Lat: 26.533316, Long: -78.642902
Got coordinates for case number 1994.07.08.a. Lat: 29.025819, Long: -80.926998
Got coordinates for case number 1994.05.31.b. Lat: 29.096373, Long: -80.936998
Got timezone for case number 1994.09.21. Timezone: America/Los_Angeles
Fetching coordinates for case number 1994.02.13.
Got coordinates for case number 1994.05.15. Lat: 29.025819, Long: -80.926998
Got coordinates for case number 1994.05.31.a. Lat: 29.210815, Long: -81.022833
Got coordinates for case number 1994.04.06. Lat: 23.685468, Long: -74.839016
Got timezone for case number 1994.07.09.c. Timezone: Indian/Reunion
Fetching coordinates for case number 1994.02.12.
Got timezone for case number 1994.09.05. Timezone: Pacific/Honolulu
Case number 1994.02.00 is missing important data.
Case number 1994.01.31.b is missing important data.
Case number 1994.01.31.a is missing important data.
Fetching coordinates for case number 1994.01.30.
Got timezone for case number 1994.07.09.b. Timezone: Africa/Johannesburg
Fetching coordinates for case number 1994.01.12.R.
Got coordinates for case number 1994.04.03. Lat: 25.790654, Long: -80.130045
Got coordinates for case number 1994.03.23.b. Lat: -27.112723, Long: -109.349687
Got coordinates for case number 1994.03.23.a. Lat: -27.112723, Long: -109.349687
Got coordinates for case number 1994.02.27. Lat: -33.227792, Long: 21.856859
Got coordinates for case number 1994.02.19. Lat: 26.879782, Long: -80.053374
Got timezone for case number 1994.07.09.a. Timezone: Africa/Johannesburg
Case number 1994.01.09 is missing important data.
Fetching coordinates for case number 1994.01.03.
Got timezone for case number 1994.06.24. Timezone: America/Nassau
Case number 1994.00.00.b is missing important data.
Case number 1994.00.00.a is missing important data.
Case number 1993.12.00 is missing important data.
Case number 1993.11.28 is missing important data.
Fetching coordinates for case number 1993.11.21.
Got timezone for case number 1994.07.08.a. Timezone: America/New_York
Fetching coordinates for case number 1993.11.12.
Got timezone for case number 1994.05.31.b. Timezone: America/New_York
Case number 1993.11.00 is missing important data.
Fetching coordinates for case number 1993.10.30.
Got coordinates for case number 1994.02.13. Lat: 21.410684, Long: -157.734773
Got timezone for case number 1994.05.15. Timezone: America/New_York
Fetching coordinates for case number 1993.10.26.
Got timezone for case number 1994.05.31.a. Timezone: America/New_York
Fetching coordinates for case number 1993.10.10.
Got timezone for case number 1994.04.06. Timezone: America/Nassau
Case number 1993.10.00 is missing important data.
Case number 1993.09.30 is missing important data.
Fetching coordinates for case number 1993.09.26.
Got coordinates for case number 1994.01.30. Lat: -32.985968, Long: 27.944671
Got coordinates for case number 1994.02.12. Lat: -33.999793, Long: 25.326745
Got timezone for case number 1994.04.03. Timezone: America/New_York
Case number 1993.09.16.b is missing important data.
Case number 1993.09.16.a is missing important data.
Case number 1993.09.14 is missing important data.
Case number 1993.09.09 is missing important data.
Fetching coordinates for case number 1993.09.03.
Got coordinates for case number 1994.01.12.R. Lat: -35.026815, Long: 117.883711
Got timezone for case number 1994.03.23.b. Timezone: Pacific/Easter
Fetching coordinates for case number 1993.08.21.
Got timezone for case number 1994.03.23.a. Timezone: Pacific/Easter
Case number 1993.08.19.R is missing important data.
Fetching coordinates for case number 1993.08.19.
Got timezone for case number 1994.02.27. Timezone: Africa/Johannesburg
Fetching coordinates for case number 1993.08.15.b.
Got timezone for case number 1994.02.19. Timezone: America/New_York
Fetching coordinates for case number 1993.08.15.a.
Got coordinates for case number 1994.01.03. Lat: -30.610764, Long: 30.535885
Got coordinates for case number 1993.11.12. Lat: 22.058914, Long: -159.342480
Got coordinates for case number 1993.11.21. Lat: -27.672817, Long: 121.628310
Got coordinates for case number 1993.10.30. Lat: 40.802071, Long: -124.163673
Got timezone for case number 1994.02.13. Timezone: Pacific/Honolulu
Case number 1993.08.14 is missing important data.
Fetching coordinates for case number 1993.08.12.
Got coordinates for case number 1993.10.26. Lat: 27.798490, Long: -80.416266
Got coordinates for case number 1993.09.26. Lat: -34.631843, Long: 19.300122
Got timezone for case number 1994.02.12. Timezone: Africa/Johannesburg
Case number 1993.08.00.b is missing important data.
Case number 1993.08.00.a is missing important data.
Fetching coordinates for case number 1993.07.30.
Got timezone for case number 1994.01.30. Timezone: Africa/Johannesburg
Fetching coordinates for case number 1993.07.07.
Got coordinates for case number 1993.10.10. Lat: 38.333250, Long: -123.048057
Got timezone for case number 1994.01.12.R. Timezone: Australia/Perth
Case number 1993.06.30 is missing important data.
Case number 1993.06.29 is missing important data.
Fetching coordinates for case number 1993.06.11.b.
Got coordinates for case number 1993.09.03. Lat: 38.504384, Long: -0.264346
Got coordinates for case number 1993.08.19. Lat: 20.908611, Long: -156.487778
Got coordinates for case number 1993.08.15.b. Lat: 34.420831, Long: -119.698190
Got coordinates for case number 1993.08.21. Lat: 27.259941, Long: -78.403419
Got coordinates for case number 1993.08.15.a. Lat: 35.382579, Long: -75.853395
Got timezone for case number 1994.01.03. Timezone: Africa/Johannesburg
Fetching coordinates for case number 1993.06.11.a.
Got timezone for case number 1993.11.12. Timezone: Pacific/Honolulu
Fetching coordinates for case number 1993.06.10.
Got timezone for case number 1993.11.21. Timezone: Australia/Perth
Fetching coordinates for case number 1993.06.09.
Got timezone for case number 1993.10.30. Timezone: America/Los_Angeles
Fetching coordinates for case number 1993.06.05.
Got timezone for case number 1993.10.26. Timezone: America/New_York
Case number 1993.06.01 is missing important data.
Case number 1993.06.00 is missing time data.
Case number 1993.05.00.b is missing important data.
Case number 1993.05.00.a is missing important data.
Case number 1993.04.00 is missing important data.
Case number 1993.03.27 is missing important data.
Fetching coordinates for case number 1993.03.22.
Got coordinates for case number 1993.08.12. Lat: 39.677064, Long: -123.791225
Got timezone for case number 1993.09.26. Timezone: Africa/Johannesburg
Case number 1993.03.17 is missing important data.
Fetching coordinates for case number 1993.03.14.
Got coordinates for case number 1993.07.30. Lat: -33.987978, Long: 25.670200
Got timezone for case number 1993.10.10. Timezone: America/Los_Angeles
Fetching coordinates for case number 1993.03.12.
Got coordinates for case number 1993.07.07. Lat: 29.210815, Long: -81.022833
Got timezone for case number 1993.09.03. Timezone: Europe/Madrid
Case number 1993.03.00 is missing important data.
Fetching coordinates for case number 1993.02.19.
Got coordinates for case number 1993.06.11.b. Lat: 22.322619, Long: 114.272251
Got timezone for case number 1993.08.15.b. Timezone: America/Los_Angeles
Case number 1993.02.18 is missing time data.
Fetching coordinates for case number 1993.02.04.
Got timezone for case number 1993.08.21. Timezone: America/Nassau
Case number 1993.01.23 is missing important data.
Fetching coordinates for case number 1993.01.05.
Got timezone for case number 1993.08.19. Timezone: Pacific/Honolulu
Case number 1993.01.04 is missing important data.
Fetching coordinates for case number 1993.01.02.
Got timezone for case number 1993.08.15.a. Timezone: America/New_York
Case number 1993.00.00.d is missing important data.
Case number 1993.00.00.c is missing important data.
Case number 1993.00.00.b is missing important data.
Case number 1993.00.00.a is missing important data.
Case number 1992.12.28 is missing time data.
Fetching coordinates for case number 1992.12.23.
Got coordinates for case number 1993.06.11.a. Lat: 20.422984, Long: -86.922343
Got coordinates for case number 1993.06.10. Lat: 21.647033, Long: -157.921288
Got coordinates for case number 1993.06.09. Lat: -28.611349, Long: 153.629085
Got coordinates for case number 1993.06.05. Lat: -39.875348, Long: 143.937076
Got coordinates for case number 1993.03.22. Lat: 26.784154, Long: -80.036027
Got timezone for case number 1993.08.12. Timezone: America/Los_Angeles
Fetching coordinates for case number 1992.11.29.
Got timezone for case number 1993.07.30. Timezone: Africa/Johannesburg
Fetching coordinates for case number 1992.11.25.a.
Got coordinates for case number 1993.03.14. Lat: 20.845356, Long: -156.133238
Got timezone for case number 1993.07.07. Timezone: America/New_York
Case number 1992.11.23 is missing important data.
Fetching coordinates for case number 1992.11.14.
Got coordinates for case number 1993.03.12. Lat: 37.598889, Long: -122.501944
Got timezone for case number 1993.06.11.b. Timezone: Asia/Hong_Kong
Case number 1992.11.12.R is missing important data.
Fetching coordinates for case number 1992.11.11.
Got coordinates for case number 1993.02.19. Lat: -21.166667, Long: -175.166667
Got coordinates for case number 1993.02.04. Lat: -26.681822, Long: 153.119030
Got coordinates for case number 1993.01.05. Lat: -20.351882, Long: 148.957251
Got coordinates for case number 1993.01.02. Lat: 43.345389, Long: -124.348451
Got coordinates for case number 1992.12.23. Lat: 21.626944, Long: -158.083889
Got timezone for case number 1993.06.11.a. Timezone: America/Cancun
Fetching coordinates for case number 1992.11.05.b.
Got timezone for case number 1993.03.22. Timezone: America/New_York
Fetching coordinates for case number 1992.11.05.a.
Got timezone for case number 1993.06.10. Timezone: Pacific/Honolulu
Fetching coordinates for case number 1992.10.29.
Got timezone for case number 1993.06.09. Timezone: Australia/Sydney
Fetching coordinates for case number 1992.10.22.
Got timezone for case number 1993.06.05. Timezone: Australia/Hobart
Case number 1992.10.15 is missing important data.
Case number 1992.10.11 is missing time data.
Fetching coordinates for case number 1992.10.01.
Got timezone for case number 1993.03.14. Timezone: Pacific/Honolulu
Case number 1992.09.18 is missing time data.
Fetching coordinates for case number 1992.09.13.
Got coordinates for case number 1992.11.29. Lat: 33.372808, Long: -117.565601
Got coordinates for case number 1992.11.25.a. Lat: 28.263933, Long: -80.721442
Got timezone for case number 1993.03.12. Timezone: America/Los_Angeles
Fetching coordinates for case number 1992.09.11.
Got coordinates for case number 1992.11.14. Lat: 37.139363, Long: -122.336260
Got timezone for case number 1993.02.19. Timezone: Pacific/Tongatapu
Case number 1992.09.10 is missing important data.
Case number 1992.09.00 is missing important data.
Case number 1992.08.29 is missing important data.
Fetching coordinates for case number 1992.08.25.
Got timezone for case number 1993.02.04. Timezone: Australia/Brisbane
Fetching coordinates for case number 1992.08.21.
Got timezone for case number 1993.01.05. Timezone: Australia/Brisbane
Fetching coordinates for case number 1992.08.18.
Got coordinates for case number 1992.11.11. Lat: 34.433575, Long: -119.897905
Got timezone for case number 1993.01.02. Timezone: America/Los_Angeles
Case number 1992.08.17 is missing important data.
Case number 1992.08.00 is missing important data.
Case number 1992.07.23 is missing important data.
Fetching coordinates for case number 1992.07.21.
Got timezone for case number 1992.12.23. Timezone: Pacific/Honolulu
Case number 1992.07.08.b is missing time data.
Case number 1992.07.08.a is missing time data.
Case number 1992.06.28.b is missing important data.
Fetching coordinates for case number 1992.06.28.a.
Got coordinates for case number 1992.11.05.a. Lat: 21.485691, Long: -158.229950
Got coordinates for case number 1992.10.22. Lat: 21.617205, Long: -158.087341
Got coordinates for case number 1992.11.05.b. Lat: 27.469804, Long: -80.291551
Got coordinates for case number 1992.10.29. Lat: 34.037616, Long: -120.372374
Got coordinates for case number 1992.10.01. Lat: -27.026975, Long: 153.451474
Got coordinates for case number 1992.09.13. Lat: 42.407333, Long: -124.421774
Got timezone for case number 1992.11.25.a. Timezone: America/New_York
Case number 1992.06.19 is missing important data.
Fetching coordinates for case number 1992.06.17.
Got timezone for case number 1992.11.29. Timezone: America/Los_Angeles
Case number 1992.06.00 is missing important data.
Case number 1992.05.31 is missing important data.
Fetching coordinates for case number 1992.05.22.
Got timezone for case number 1992.11.14. Timezone: America/Los_Angeles
Case number 1992.05.00 is missing important data.
Fetching coordinates for case number 1992.04.24.
Got coordinates for case number 1992.08.25. Lat: -34.261868, Long: 136.261708
Got coordinates for case number 1992.09.11. Lat: 29.059949, Long: -80.952619
Got coordinates for case number 1992.08.21. Lat: 20.755717, Long: -155.987989
Got timezone for case number 1992.11.11. Timezone: America/Los_Angeles
Fetching coordinates for case number 1992.04.09.
Got coordinates for case number 1992.08.18. Lat: 41.521950, Long: -124.078623
Got coordinates for case number 1992.07.21. Lat: 27.010614, Long: -82.412596
Got coordinates for case number 1992.06.28.a. Lat: -21.016735, Long: 55.254678
Got timezone for case number 1992.11.05.a. Timezone: Pacific/Honolulu
Fetching coordinates for case number 1992.03.28.
Got timezone for case number 1992.10.22. Timezone: Pacific/Honolulu
Case number 1992.03.10 is missing important data.
Fetching coordinates for case number 1992.03.08.c.
Got timezone for case number 1992.11.05.b. Timezone: America/New_York
Fetching coordinates for case number 1992.03.08.b.
Got timezone for case number 1992.10.29. Timezone: America/Los_Angeles
Fetching coordinates for case number 1992.03.08.a.
Got timezone for case number 1992.10.01. Timezone: Australia/Brisbane
Case number 1992.02.19 is missing time data.
Fetching coordinates for case number 1992.02.14.
Got timezone for case number 1992.09.13. Timezone: America/Los_Angeles
Fetching coordinates for case number 1992.02.09.
Got coordinates for case number 1992.05.22. Lat: -21.378837, Long: 55.618982
Got coordinates for case number 1992.06.17. Lat: 33.488604, Long: 132.354203
Got coordinates for case number 1992.04.24. Lat: -45.152671, Long: 169.892633
Got timezone for case number 1992.09.11. Timezone: America/New_York
Fetching coordinates for case number 1992.01.29.b.
Got timezone for case number 1992.08.25. Timezone: Australia/Adelaide
Fetching coordinates for case number 1992.01.29.a.
Got timezone for case number 1992.08.21. Timezone: Pacific/Honolulu
Fetching coordinates for case number 1992.01.23.
Got timezone for case number 1992.07.21. Timezone: America/New_York
Fetching coordinates for case number 1992.01.08.
Got coordinates for case number 1992.04.09. Lat: -32.986916, Long: 27.938081
Got timezone for case number 1992.08.18. Timezone: America/Los_Angeles
Case number 1992.01.06 is missing important data.
Case number 1992.01.03 is missing important data.
Case number 1992.01.00 is missing important data.
Case number 1992.00.00 is missing important data.
Fetching coordinates for case number 1991.12.04.
Got timezone for case number 1992.06.28.a. Timezone: Indian/Reunion
Fetching coordinates for case number 1991.11.26.b.
Got coordinates for case number 1992.03.28. Lat: 22.222958, Long: -159.557597
Got coordinates for case number 1992.03.08.c. Lat: 33.835512, Long: 132.763992
Got coordinates for case number 1992.03.08.a. Lat: 43.674545, Long: -124.175177
Got coordinates for case number 1992.03.08.b. Lat: 33.835512, Long: 132.763992
Got coordinates for case number 1992.02.09. Lat: -42.986916, Long: 147.518342
Got coordinates for case number 1992.02.14. Lat: 33.835512, Long: 132.763992
Got timezone for case number 1992.06.17. Timezone: Asia/Tokyo
Fetching coordinates for case number 1991.11.26.a.
Got timezone for case number 1992.05.22. Timezone: Indian/Reunion
Fetching coordinates for case number 1991.11.19.
Got timezone for case number 1992.04.24. Timezone: Pacific/Auckland
Fetching coordinates for case number 1991.11.14.
Got coordinates for case number 1992.01.29.a. Lat: -28.178817, Long: 153.537055
Got coordinates for case number 1992.01.23. Lat: -29.982941, Long: 30.921105
Got coordinates for case number 1992.01.29.b. Lat: -21.095273, Long: 55.237692
Got timezone for case number 1992.04.09. Timezone: Africa/Johannesburg
Case number 1991.11.00 is missing important data.
Fetching coordinates for case number 1991.10.12.
Got coordinates for case number 1992.01.08. Lat: -29.485878, Long: 31.252622
Got coordinates for case number 1991.12.04. Lat: 39.439434, Long: -123.790208
Got coordinates for case number 1991.11.26.b. Lat: 20.811411, Long: -156.622589
Got timezone for case number 1992.03.28. Timezone: Pacific/Honolulu
Fetching coordinates for case number 1991.10.05.
Got timezone for case number 1992.03.08.c. Timezone: Asia/Tokyo
Fetching coordinates for case number 1991.09.19.
Got timezone for case number 1992.03.08.a. Timezone: America/Los_Angeles
Fetching coordinates for case number 1991.09.08.
Got timezone for case number 1992.03.08.b. Timezone: Asia/Tokyo
Case number 1991.08.30 is missing time data.
Fetching coordinates for case number 1991.08.26.
Got timezone for case number 1992.02.14. Timezone: Asia/Tokyo
Fetching coordinates for case number 1991.08.12.
Got timezone for case number 1992.02.09. Timezone: Australia/Hobart
Case number 1991.08.09 is missing important data.
Fetching coordinates for case number 1991.07.30.
Got coordinates for case number 1991.11.26.a. Lat: 20.811411, Long: -156.622589
Got coordinates for case number 1991.11.19. Lat: 20.872069, Long: -156.315982
Got timezone for case number 1992.01.23. Timezone: Africa/Johannesburg
Case number 1991.07.27 is missing important data.
Case number 1991.07.18 is missing important data.
Fetching coordinates for case number 1991.07.07.
Got timezone for case number 1992.01.29.a. Timezone: Australia/Sydney
Fetching coordinates for case number 1991.07.01.b.
Got coordinates for case number 1991.11.14. Lat: 28.410351, Long: -80.618816
Got timezone for case number 1992.01.29.b. Timezone: Indian/Reunion
Fetching coordinates for case number 1991.07.01.a.
Got timezone for case number 1991.12.04. Timezone: America/Los_Angeles
Case number 1991.07.00 is missing important data.
Case number 1991.06.29 is missing important data.
Case number 1991.06.28 is missing important data.
Fetching coordinates for case number 1991.06.26.
Got timezone for case number 1992.01.08. Timezone: Africa/Johannesburg
Fetching coordinates for case number 1991.06.07.b.
Got coordinates for case number 1991.10.12. Lat: 28.068350, Long: -80.560330
Got timezone for case number 1991.11.26.b. Timezone: Pacific/Honolulu
Fetching coordinates for case number 1991.06.07.a.
Got coordinates for case number 1991.10.05. Lat: 37.010607, Long: -122.193823
Got coordinates for case number 1991.09.19. Lat: 25.727261, Long: -79.297899
Got coordinates for case number 1991.09.08. Lat: -35.272121, Long: 138.444809
Got coordinates for case number 1991.08.26. Lat: 33.695422, Long: -78.880209
Got timezone for case number 1991.11.26.a. Timezone: Pacific/Honolulu
Fetching coordinates for case number 1991.05.26.
Got coordinates for case number 1991.08.12. Lat: 27.638643, Long: -80.397274
Got coordinates for case number 1991.07.30. Lat: 44.336506, Long: 9.215450
Got timezone for case number 1991.11.19. Timezone: Pacific/Honolulu
Fetching coordinates for case number 1991.05.19.
Got timezone for case number 1991.11.14. Timezone: America/New_York
Case number 1991.04.24 is missing time data.
Fetching coordinates for case number 1991.04.16.b.
Got coordinates for case number 1991.07.01.b. Lat: -21.235922, Long: 55.306688
Got coordinates for case number 1991.06.07.b. Lat: 27.951690, Long: -82.458753
Got coordinates for case number 1991.07.01.a. Lat: 36.778261, Long: -119.417932
Got timezone for case number 1991.10.12. Timezone: America/New_York
Fetching coordinates for case number 1991.04.16.a.
Got coordinates for case number 1991.07.07. Lat: 25.816152, Long: -80.122553
Got coordinates for case number 1991.06.26. Lat: 30.284122, Long: -81.396134
Got coordinates for case number 1991.06.07.a. Lat: 22.322619, Long: 114.272251
Got timezone for case number 1991.10.05. Timezone: America/Los_Angeles
Fetching coordinates for case number 1991.04.03.
Got timezone for case number 1991.08.26. Timezone: America/New_York
Case number 1991.03.03 is missing important data.
Fetching coordinates for case number 1991.02.24.
Got timezone for case number 1991.09.19. Timezone: America/Nassau
Fetching coordinates for case number 1991.02.12.
Got timezone for case number 1991.09.08. Timezone: Australia/Adelaide
Fetching coordinates for case number 1991.01.19.
Got timezone for case number 1991.07.30. Timezone: Europe/Rome
Case number 1991.01.09 is missing important data.
Case number 1991.01.00 is missing important data.
Case number 1990.12.26 is missing important data.
Case number 1990.11.28 is missing important data.
Fetching coordinates for case number 1990.11.03.
Got timezone for case number 1991.08.12. Timezone: America/New_York
Fetching coordinates for case number 1990.11.01.
Got coordinates for case number 1991.05.26. Lat: 21.409697, Long: -158.176478
Got coordinates for case number 1991.05.19. Lat: -34.151467, Long: 18.872973
Got timezone for case number 1991.07.01.b. Timezone: Indian/Reunion
Fetching coordinates for case number 1990.10.30.b.
Got coordinates for case number 1991.04.16.b. Lat: 39.285472, Long: -76.608262
Got timezone for case number 1991.07.07. Timezone: America/New_York
Fetching coordinates for case number 1990.10.30.a.
Got timezone for case number 1991.06.07.b. Timezone: America/New_York
Fetching coordinates for case number 1990.10.27.
Got timezone for case number 1991.06.26. Timezone: America/New_York
Fetching coordinates for case number 1990.10.25.
Got timezone for case number 1991.07.01.a. Timezone: America/Los_Angeles
Fetching coordinates for case number 1990.10.20.
Got coordinates for case number 1991.04.16.a. Lat: 29.096373, Long: -80.936998
Got timezone for case number 1991.06.07.a. Timezone: Asia/Hong_Kong
Fetching coordinates for case number 1990.10.15.
Got coordinates for case number 1991.04.03. Lat: 21.306613, Long: -158.025335
Got coordinates for case number 1991.02.12. Lat: -33.227792, Long: 21.856859
Got coordinates for case number 1991.01.19. Lat: -28.047778, Long: 153.421667
Got coordinates for case number 1991.02.24. Lat: 45.106772, Long: -123.984282
Got coordinates for case number 1990.11.03. Lat: 36.523555, Long: -121.926705
Got timezone for case number 1991.05.26. Timezone: Pacific/Honolulu
Fetching coordinates for case number 1990.10.12.
Got coordinates for case number 1990.11.01. Lat: 26.378791, Long: -80.068890
Got timezone for case number 1991.05.19. Timezone: Africa/Johannesburg
Fetching coordinates for case number 1990.09.15.
Got coordinates for case number 1990.10.30.b. Lat: 28.068350, Long: -80.560330
Got timezone for case number 1991.04.16.b. Timezone: America/New_York
Fetching coordinates for case number 1990.09.08.
Got coordinates for case number 1990.10.30.a. Lat: 28.089460, Long: -80.565608
Got coordinates for case number 1990.10.25. Lat: -35.514149, Long: 138.765418
Got timezone for case number 1991.04.16.a. Timezone: America/New_York
Fetching coordinates for case number 1990.09.05.
Got coordinates for case number 1990.10.27. Lat: -28.047778, Long: 153.421667
Got coordinates for case number 1990.10.20. Lat: 26.651450, Long: -80.276733
Got coordinates for case number 1990.10.15. Lat: 22.205929, Long: -159.497565
Got timezone for case number 1991.04.03. Timezone: Pacific/Honolulu
Case number 1990.08.30 is missing important data.
Fetching coordinates for case number 1990.08.28.
Got timezone for case number 1991.02.12. Timezone: Africa/Johannesburg
Case number 1990.08.19.b is missing important data.
Fetching coordinates for case number 1990.08.19.a.
Got timezone for case number 1990.11.03. Timezone: America/Los_Angeles
Case number 1990.07.22 is missing time data.
Case number 1990.07.08 is missing important data.
Fetching coordinates for case number 1990.06.24.
Got timezone for case number 1991.01.19. Timezone: Australia/Brisbane
Fetching coordinates for case number 1990.06.23.
Got timezone for case number 1991.02.24. Timezone: America/Los_Angeles
Case number 1990.05.13 is missing important data.
Case number 1990.05.10 is missing important data.
Case number 1990.05.10 is missing important data.
Fetching coordinates for case number 1990.05.06.
Got timezone for case number 1990.11.01. Timezone: America/New_York
Fetching coordinates for case number 1990.04.14.
Got coordinates for case number 1990.10.12. Lat: 27.214393, Long: -80.175021
Got timezone for case number 1990.10.30.b. Timezone: America/New_York
Fetching coordinates for case number 1990.04.09.
Got coordinates for case number 1990.09.15. Lat: -34.250000, Long: 19.600000
Got timezone for case number 1990.10.30.a. Timezone: America/New_York
Case number 1990.04.08 is missing important data.
Case number 1990.04.07 is missing important data.
Case number 1990.04.06 is missing important data.
Fetching coordinates for case number 1990.04.01.
Got coordinates for case number 1990.09.08. Lat: 38.471007, Long: -123.154268
Got timezone for case number 1990.10.25. Timezone: Australia/Adelaide
Case number 1990.03.24 is missing important data.
Fetching coordinates for case number 1990.03.05.
Got timezone for case number 1990.10.27. Timezone: Australia/Brisbane
Fetching coordinates for case number 1990.02.17.
Got timezone for case number 1990.10.20. Timezone: America/New_York
Case number 1990.02.05 is missing important data.
Case number 1990.01.12 is missing important data.
Case number 1990.00.00 is missing important data.
Case number 1989.12.19 is missing important data.
Case number 1989.12.03 is missing important data.
Case number 1989.12.02 is missing important data.
Case number 1989.11.22 is missing important data.
Fetching coordinates for case number 1989.11.18.
Got timezone for case number 1990.10.15. Timezone: Pacific/Honolulu
Fetching coordinates for case number 1989.11.12.
Got coordinates for case number 1990.09.05. Lat: 41.065402, Long: -124.150347
Got coordinates for case number 1990.08.28. Lat: 41.054167, Long: -124.150555
Got coordinates for case number 1990.06.23. Lat: 25.727261, Long: -79.297899
Got coordinates for case number 1990.08.19.a. Lat: 27.833916, Long: -97.061099
Got timezone for case number 1990.10.12. Timezone: America/New_York
Case number 1989.11.02 is missing important data.
Case number 1989.10.29.R is missing important data.
Fetching coordinates for case number 1989.10.22.
Got coordinates for case number 1990.05.06. Lat: -32.823269, Long: 28.115194
Got coordinates for case number 1990.06.24. Lat: -34.183626, Long: 22.124387
Got coordinates for case number 1990.04.14. Lat: -34.020886, Long: 25.694442
Got timezone for case number 1990.09.15. Timezone: Africa/Johannesburg
Fetching coordinates for case number 1989.10.14.
Got coordinates for case number 1990.04.09. Lat: -28.166165, Long: 153.542577
Got coordinates for case number 1990.04.01. Lat: 21.573994, Long: -158.122842
Got timezone for case number 1990.09.08. Timezone: America/Los_Angeles
Case number 1989.10.11 is missing time data.
Case number 1989.10.08 is missing time data.
Case number 1989.10.01 is missing important data.
Fetching coordinates for case number 1989.09.17.
Got coordinates for case number 1990.03.05. Lat: -20.897157, Long: 55.531657
Got coordinates for case number 1990.02.17. Lat: 21.444589, Long: -157.755637
Got coordinates for case number 1989.11.12. Lat: 21.665019, Long: -158.050805
Got timezone for case number 1990.08.28. Timezone: America/Los_Angeles
Case number 1989.09.13 is missing time data.
Case number 1989.09.10 is missing important data.
Fetching coordinates for case number 1989.09.09.b.
Got timezone for case number 1990.09.05. Timezone: America/Los_Angeles
Case number 1989.09.09.a is missing important data.
Case number 1989.09.03 is missing important data.
Case number 1989.08.29 is missing time data.
Case number 1989.08.22.b is missing important data.
Fetching coordinates for case number 1989.08.22.a.
Got coordinates for case number 1989.11.18. Lat: -33.719294, Long: 18.454311
Got timezone for case number 1990.06.23. Timezone: America/Nassau
Fetching coordinates for case number 1989.08.13.
Got timezone for case number 1990.05.06. Timezone: Africa/Johannesburg
Case number 1989.08.09 is missing important data.
Case number 1989.08.06.R is missing important data.
Case number 1989.07.27 is missing important data.
Fetching coordinates for case number 1989.07.20.
Got timezone for case number 1990.08.19.a. Timezone: America/Chicago
Fetching coordinates for case number 1989.07.19.
Got timezone for case number 1990.06.24. Timezone: Africa/Johannesburg
Case number 1989.07.14 is missing time data.
Case number 1989.07.07 is missing important data.
Case number 1989.06.29 is missing important data.
Case number 1989.06.17 is missing important data.
Fetching coordinates for case number 1989.06.06.
Got timezone for case number 1990.04.14. Timezone: Africa/Johannesburg
Fetching coordinates for case number 1989.06.05.
Got coordinates for case number 1989.10.22. Lat: -42.040906, Long: 146.808732
Got timezone for case number 1990.04.01. Timezone: Pacific/Honolulu
Fetching coordinates for case number 1989.06.03.
Got timezone for case number 1990.04.09. Timezone: Australia/Sydney
Case number 1989.06.00 is missing important data.
Case number 1989.04.23 is missing important data.
Fetching coordinates for case number 1989.04.12.
Got coordinates for case number 1989.10.14. Lat: 21.354167, Long: -158.130556
Got timezone for case number 1990.03.05. Timezone: Indian/Reunion
Fetching coordinates for case number 1989.04.09.
Got timezone for case number 1990.02.17. Timezone: Pacific/Honolulu
Case number 1989.04.03 is missing important data.
Case number 1989.04.00 is missing important data.
Fetching coordinates for case number 1989.03.09.
Got timezone for case number 1989.11.12. Timezone: Pacific/Honolulu
Case number 1989.03.04 is missing important data.
Case number 1989.02.19 is missing important data.
Fetching coordinates for case number 1989.02.15.
Got coordinates for case number 1989.09.17. Lat: -34.264046, Long: 18.465811
Got coordinates for case number 1989.09.09.b. Lat: 37.698572, Long: -123.002207
Got timezone for case number 1989.11.18. Timezone: Africa/Johannesburg
Fetching coordinates for case number 1989.02.02.
Got coordinates for case number 1989.08.22.a. Lat: -34.183626, Long: 22.124387
Got coordinates for case number 1989.08.13. Lat: -28.793251, Long: 153.591107
Got coordinates for case number 1989.06.06. Lat: 44.037441, Long: 10.044755
Got timezone for case number 1989.10.22. Timezone: Australia/Hobart
Fetching coordinates for case number 1989.01.26.b.
Got coordinates for case number 1989.07.20. Lat: -34.054336, Long: 24.915189
Got coordinates for case number 1989.07.19. Lat: -20.917040, Long: 55.630635
Got coordinates for case number 1989.04.12. Lat: 47.208856, Long: -124.200161
Got coordinates for case number 1989.06.03. Lat: -32.942284, Long: 28.009826
Got timezone for case number 1989.10.14. Timezone: Pacific/Honolulu
Fetching coordinates for case number 1989.01.26.a.
Got coordinates for case number 1989.04.09. Lat: 36.800741, Long: -121.947311
Got timezone for case number 1989.09.17. Timezone: Africa/Johannesburg
Case number 1989.01.20.b is missing important data.
Fetching coordinates for case number 1989.01.20.a.
Got timezone for case number 1989.09.09.b. Timezone: America/Los_Angeles
Case number 1989.01.08 is missing important data.
Fetching coordinates for case number 1989.01.03.
Got coordinates for case number 1989.02.15. Lat: -28.756580, Long: 32.043008
Got coordinates for case number 1989.03.09. Lat: -35.569267, Long: 138.599115
Got coordinates for case number 1989.06.05. Lat: -34.054336, Long: 24.915189
Got timezone for case number 1989.08.22.a. Timezone: Africa/Johannesburg
Case number 1989.00.00.b is missing important data.
Case number 1989.00.00.a is missing important data.
Case number 1988.12.15 is missing important data.
Case number 1988.11.08 is missing time data.
Case number 1988.11.07 is missing time data.
Case number 1988.10.24 is missing important data.
Fetching coordinates for case number 1988.10.23.
Got coordinates for case number 1989.02.02. Lat: 42.993809, Long: 10.512779
Got timezone for case number 1989.06.06. Timezone: Europe/Rome
Case number 1988.10.22 is missing important data.
Case number 1988.10.14 is missing important data.
Case number 1988.10.11 is missing time data.
Fetching coordinates for case number 1988.10.10.
Got timezone for case number 1989.08.13. Timezone: Australia/Sydney
Case number 1988.10.06 is missing time data.
Case number 1988.10.00 is missing important data.
Case number 1988.09.28 is missing time data.
Fetching coordinates for case number 1988.09.13.b.
Got timezone for case number 1989.07.20. Timezone: Africa/Johannesburg
Fetching coordinates for case number 1988.09.13.a.
Got timezone for case number 1989.07.19. Timezone: Indian/Reunion
Case number 1988.08.22.b is missing important data.
Case number 1988.08.22.a is missing important data.
Case number 1988.08.19 is missing important data.
Fetching coordinates for case number 1988.08.11.
Got coordinates for case number 1989.01.26.b. Lat: 34.022546, Long: -118.786714
Got timezone for case number 1989.06.03. Timezone: Africa/Johannesburg
Case number 1988.07.23 is missing important data.
Case number 1988.07.19 is missing important data.
Case number 1988.07.17 is missing important data.
Fetching coordinates for case number 1988.07.11.
Got timezone for case number 1989.04.12. Timezone: America/Los_Angeles
Case number 1988.07.04.b is missing time data.
Case number 1988.07.04.a is missing important data.
Case number 1988.07.00 is missing important data.
Fetching coordinates for case number 1988.06.19.
Got timezone for case number 1989.04.09. Timezone: America/Los_Angeles
Case number 1988.06.16 is missing important data.
Fetching coordinates for case number 1988.06.09.
Got timezone for case number 1989.03.09. Timezone: Australia/Adelaide
Fetching coordinates for case number 1988.06.05.
Got coordinates for case number 1989.01.26.a. Lat: 34.022546, Long: -118.786714
Got coordinates for case number 1989.01.20.a. Lat: -29.982941, Long: 30.921105
Got coordinates for case number 1989.01.03. Lat: -29.116408, Long: 153.444350
Got timezone for case number 1989.02.15. Timezone: Africa/Johannesburg
Fetching coordinates for case number 1988.06.01.
Got coordinates for case number 1988.10.23. Lat: 45.929880, Long: -123.978491
Got timezone for case number 1989.02.02. Timezone: Europe/Rome
Case number 1988.05.27 is missing important data.
Fetching coordinates for case number 1988.05.10.
Got timezone for case number 1989.06.05. Timezone: Africa/Johannesburg
Fetching coordinates for case number 1988.05.04.
Got coordinates for case number 1988.10.10. Lat: 28.655518, Long: -80.631829
Got timezone for case number 1989.01.26.b. Timezone: America/Los_Angeles
Fetching coordinates for case number 1988.04.28.
Got coordinates for case number 1988.09.13.b. Lat: 30.149756, Long: -85.747715
Got coordinates for case number 1988.09.13.a. Lat: 30.149756, Long: -85.747715
Got coordinates for case number 1988.08.11. Lat: 41.521950, Long: -124.078623
Got coordinates for case number 1988.07.11. Lat: 27.254491, Long: -80.229770
Got coordinates for case number 1988.06.19. Lat: -33.227792, Long: 21.856859
Got timezone for case number 1989.01.26.a. Timezone: America/Los_Angeles
Case number 1988.04.24 is missing important data.
Fetching coordinates for case number 1988.04.15a.
Got timezone for case number 1989.01.20.a. Timezone: Africa/Johannesburg
Case number 1988.04.15.b is missing important data.
Case number 1988.04.14.b is missing important data.
Case number 1988.04.14.a is missing important data.
Case number 1988.04.10 is missing important data.
Case number 1988.03.31 is missing important data.
Case number 1988.03.25 is missing important data.
Fetching coordinates for case number 1988.03.16.
Got timezone for case number 1989.01.03. Timezone: Australia/Sydney
Fetching coordinates for case number 1988.03.14.
Got coordinates for case number 1988.06.05. Lat: 29.210815, Long: -81.022833
Got coordinates for case number 1988.06.09. Lat: 32.125000, Long: -80.786667
Got coordinates for case number 1988.06.01. Lat: 29.210815, Long: -81.022833
Got timezone for case number 1988.10.23. Timezone: America/Los_Angeles
Case number 1988.02.15 is missing important data.
Fetching coordinates for case number 1988.02.14.
Got coordinates for case number 1988.05.04. Lat: 28.068350, Long: -80.560330
Got coordinates for case number 1988.05.10. Lat: 28.123374, Long: -80.575240
Got timezone for case number 1988.10.10. Timezone: America/New_York
Fetching coordinates for case number 1988.02.13.
Got timezone for case number 1988.08.11. Timezone: America/Los_Angeles
Case number 1988.02.12 is missing important data.
Case number 1988.02.02 is missing important data.
Fetching coordinates for case number 1988.01.27.
Got timezone for case number 1988.09.13.b. Timezone: America/Chicago
Case number 1988.01.21 is missing important data.
Case number 1988.01.14 is missing important data.
Fetching coordinates for case number 1988.01.06.
Got coordinates for case number 1988.04.28. Lat: -21.291959, Long: 55.392220
Got timezone for case number 1988.09.13.a. Timezone: America/Chicago
Case number 1988.01.05.R is missing important data.
Case number 1988.00.00.c is missing important data.
Case number 1987.12.20 is missing important data.
Fetching coordinates for case number 1987.12.17.
Got timezone for case number 1988.07.11. Timezone: America/New_York
Case number 1987.12.13 is missing important data.
Case number 1987.11.21 is missing important data.
Case number 1987.11.00 is missing important data.
Fetching coordinates for case number 1987.10.26.
Got timezone for case number 1988.06.19. Timezone: Africa/Johannesburg
Fetching coordinates for case number 1987.10.25.
Got coordinates for case number 1988.03.14. Lat: -21.329805, Long: 55.451603
Got timezone for case number 1988.06.09. Timezone: America/New_York
Fetching coordinates for case number 1987.10.11.
Got timezone for case number 1988.06.05. Timezone: America/New_York
Case number 1987.10.06 is missing important data.
Case number 1987.09.18 is missing important data.
Fetching coordinates for case number 1987.09.13.
Got coordinates for case number 1988.04.15a. Lat: 26.784154, Long: -80.036027
Got timezone for case number 1988.06.01. Timezone: America/New_York
Fetching coordinates for case number 1987.08.20.
Got coordinates for case number 1988.03.16. Lat: -29.982941, Long: 30.921105
Got timezone for case number 1988.05.04. Timezone: America/New_York
Fetching coordinates for case number 1987.08.15.
Got coordinates for case number 1988.02.14. Lat: -32.986916, Long: 27.938081
Got timezone for case number 1988.05.10. Timezone: America/New_York
Fetching coordinates for case number 1987.07.21.
Got coordinates for case number 1988.02.13. Lat: -28.953263, Long: 31.741599
Got timezone for case number 1988.04.28. Timezone: Indian/Reunion
Fetching coordinates for case number 1987.07.12.b.
Got coordinates for case number 1988.01.06. Lat: -34.798025, Long: 20.046336
Got coordinates for case number 1988.01.27. Lat: -29.858680, Long: 31.021840
Got coordinates for case number 1987.12.17. Lat: 26.705621, Long: -80.036430
Got coordinates for case number 1987.10.26. Lat: 37.433734, Long: -122.401419
Got coordinates for case number 1987.10.25. Lat: -28.756580, Long: 32.043008
Got timezone for case number 1988.03.14. Timezone: Indian/Reunion
Fetching coordinates for case number 1987.07.12.a.
Got coordinates for case number 1987.10.11. Lat: -33.227792, Long: 21.856859
Got coordinates for case number 1987.09.13. Lat: -34.376828, Long: 21.408966
Got timezone for case number 1988.04.15a. Timezone: America/New_York
Case number 1987.07.11 is missing important data.
Fetching coordinates for case number 1987.07.09.
Got timezone for case number 1988.03.16. Timezone: Africa/Johannesburg
Case number 1987.07.00 is missing important data.
Case number 1987.06.13 is missing time data.
Case number 1987.05.25 is missing important data.
Case number 1987.05.08 is missing important data.
Case number 1987.05.06 is missing important data.
Case number 1987.04.19 is missing important data.
Fetching coordinates for case number 1987.04.18.
Got coordinates for case number 1987.08.20. Lat: 28.176123, Long: -80.590052
Got timezone for case number 1988.02.14. Timezone: Africa/Johannesburg
Case number 1987.04.15 is missing important data.
Fetching coordinates for case number 1987.04.01.
Got coordinates for case number 1987.08.15. Lat: 37.357720, Long: -122.399974
Got coordinates for case number 1987.07.21. Lat: 29.096373, Long: -80.936998
Got timezone for case number 1988.02.13. Timezone: Africa/Johannesburg
Case number 1987.03.30.b is missing important data.
Case number 1987.03.30.a is missing important data.
Case number 1987.02.28 is missing important data.
Case number 1987.02.19 is missing important data.
Fetching coordinates for case number 1987.01.28.
Got coordinates for case number 1987.07.12.b. Lat: 27.833916, Long: -97.061099
Got timezone for case number 1988.01.27. Timezone: Africa/Johannesburg
Fetching coordinates for case number 1987.01.06.
Got timezone for case number 1987.12.17. Timezone: America/New_York
Case number 1987.00.00.b is missing important data.
Case number 1987.00.00.a is missing important data.
Fetching coordinates for case number 1986.12.31.
Got timezone for case number 1988.01.06. Timezone: Africa/Johannesburg
Fetching coordinates for case number 1986.12.22.
Got timezone for case number 1987.10.25. Timezone: Africa/Johannesburg
Fetching coordinates for case number 1986.12.11.
Got coordinates for case number 1987.07.12.a. Lat: 27.833916, Long: -97.061099
Got timezone for case number 1987.10.11. Timezone: Africa/Johannesburg
Case number 1986.12.06.b is missing important data.
Fetching coordinates for case number 1986.12.06.a.
Got timezone for case number 1987.09.13. Timezone: Africa/Johannesburg
Case number 1986.12.04 is missing important data.
Case number 1986.12.00 is missing important data.
Fetching coordinates for case number 1986.11.30.
Got timezone for case number 1987.08.20. Timezone: America/New_York
Fetching coordinates for case number 1986.11.19.
Got timezone for case number 1987.10.26. Timezone: America/Los_Angeles
Case number 1986.11.04 is missing important data.
Case number 1986.10.17 is missing important data.
Fetching coordinates for case number 1986.10.03.
Got coordinates for case number 1987.07.09. Lat: 24.212271, Long: -76.477275
Got coordinates for case number 1987.04.01. Lat: -15.896951, Long: 167.308031
Got timezone for case number 1987.08.15. Timezone: America/Los_Angeles
Fetching coordinates for case number 1986.10.05.
Got timezone for case number 1987.07.21. Timezone: America/New_York
Case number 1986.10.01 is missing important data.
Case number 1986.10.00 is missing important data.
Case number 1986.09.22.R is missing important data.
Case number 1986.09.00.b is missing important data.
Case number 1986.09.00.a is missing important data.
Case number 1986.08.19 is missing important data.
Fetching coordinates for case number 1986.08.10.
Got timezone for case number 1987.07.12.b. Timezone: America/Chicago
Case number 1986.08.03 is missing important data.
Case number 1986.08.00 is missing important data.
Case number 1986.07.26 is missing important data.
Case number 1986.07.09 is missing important data.
parse error: time data '1986.07.00 17h15' does not match format '%Y.%m.%d %Hh%M'
Case number 1986.07.00.a has invalid time data.
Case number 1986.05.18 is missing important data.
Case number 1986.05.15 is missing important data.
Case number 1986.04.20 is missing important data.
Case number 1986.04.00 is missing important data.
Fetching coordinates for case number 1986.03.18.
Got coordinates for case number 1987.04.18. Lat: 27.833916, Long: -97.061099
Got coordinates for case number 1987.01.28. Lat: -33.998091, Long: 18.739307
Got coordinates for case number 1986.12.22. Lat: -34.112320, Long: 18.849207
Got coordinates for case number 1987.01.06. Lat: -14.668043, Long: 145.463777
Got coordinates for case number 1986.12.31. Lat: -34.824388, Long: 20.011620
Got coordinates for case number 1986.12.11. Lat: 29.096373, Long: -80.936998
Got timezone for case number 1987.07.12.a. Timezone: America/Chicago
Fetching coordinates for case number 1986.03.15.
Got coordinates for case number 1986.11.30. Lat: 29.210815, Long: -81.022833
Got coordinates for case number 1986.12.06.a. Lat: 36.537385, Long: -121.927936
Got coordinates for case number 1986.10.03. Lat: 26.443397, Long: -82.111512
Got coordinates for case number 1986.11.19. Lat: 28.089460, Long: -80.565608
Got timezone for case number 1987.07.09. Timezone: America/Nassau
Case number 1986.03.05 is missing important data.
Fetching coordinates for case number 1986.02.18.
Got timezone for case number 1987.04.01. Timezone: Pacific/Efate
Fetching coordinates for case number 1986.02.17.
Got coordinates for case number 1986.10.05. Lat: -28.530554, Long: 30.895824
Got coordinates for case number 1986.08.10. Lat: -34.689011, Long: 19.413870
Got timezone for case number 1987.01.28. Timezone: Africa/Johannesburg
Fetching coordinates for case number 1986.02.07.
Got timezone for case number 1986.12.22. Timezone: Africa/Johannesburg
Fetching coordinates for case number 1986.02.06.
Got timezone for case number 1987.04.18. Timezone: America/Chicago
Case number 1986.02.01 is missing time data.
Fetching coordinates for case number 1986.01.12.
Got coordinates for case number 1986.03.18. Lat: 36.014321, Long: -5.604450
Got timezone for case number 1987.01.06. Timezone: Australia/Brisbane
parse error: time data '1986.00.00 13h00' does not match format '%Y.%m.%d %Hh%M'
Case number 1986.00.00 has invalid time data.
Case number 1985.12.22 is missing important data.
Case number 1985.12.10 is missing important data.
Case number 1985.11.11 is missing time data.
Case number 1985.11.05 is missing important data.
Case number 1985.11.03 is missing important data.
Fetching coordinates for case number 1985.10.24.
Got timezone for case number 1986.12.31. Timezone: Africa/Johannesburg
Fetching coordinates for case number 1985.10.22.
Got timezone for case number 1986.12.11. Timezone: America/New_York
Case number 1985.10.18 is missing important data.
Case number 1985.10.12 is missing important data.
Case number 1985.10.05 is missing important data.
Case number 1985.09.28 is missing important data.
Case number 1985.09.08.b is missing important data.
Fetching coordinates for case number 1985.09.08.a.
Got timezone for case number 1986.11.30. Timezone: America/New_York
Case number 1985.09.05 is missing time data.
Case number 1985.08.22 is missing important data.
Fetching coordinates for case number 1985.08.20.
Got coordinates for case number 1986.03.15. Lat: -29.847575, Long: 31.034943
Got timezone for case number 1986.12.06.a. Timezone: America/Los_Angeles
Fetching coordinates for case number 1985.08.17.
Got timezone for case number 1986.10.03. Timezone: America/New_York
Fetching coordinates for case number 1985.07.25.b.
Got timezone for case number 1986.11.19. Timezone: America/New_York
Fetching coordinates for case number 1985.07.25.a.
Got coordinates for case number 1986.02.18. Lat: -33.019432, Long: 27.905447
Got coordinates for case number 1986.02.17. Lat: -34.020886, Long: 25.694442
Got timezone for case number 1986.10.05. Timezone: Africa/Johannesburg
Case number 1985.07.21 is missing important data.
Case number 1985.07.19 is missing important data.
parse error: time data '1985.07.00 16h00' does not match format '%Y.%m.%d %Hh%M'
Case number 1985.07.00 has invalid time data.
Case number 1985.05.26 is missing important data.
Case number 1985.05.08 is missing important data.
Case number 1985.03.16 is missing important data.
Fetching coordinates for case number 1985.03.03.
Got timezone for case number 1986.08.10. Timezone: Africa/Johannesburg
Fetching coordinates for case number 1985.02.18.
Got coordinates for case number 1986.02.07. Lat: -33.982450, Long: 25.665142
Got timezone for case number 1986.03.18. Timezone: Europe/Madrid
Case number 1985.02.03 is missing time data.
Fetching coordinates for case number 1985.01.27.
Got coordinates for case number 1986.02.06. Lat: -34.669302, Long: 20.231853
Got coordinates for case number 1986.01.12. Lat: 26.784154, Long: -80.036027
Got coordinates for case number 1985.10.24. Lat: -33.019432, Long: 27.905447
Got coordinates for case number 1985.10.22. Lat: 34.448598, Long: -120.471551
Got coordinates for case number 1985.09.08.a. Lat: 26.705621, Long: -80.036430
Got timezone for case number 1986.03.15. Timezone: Africa/Johannesburg
Case number 1985.01.18 is missing important data.
Fetching coordinates for case number 1985.01.17.
Got coordinates for case number 1985.08.20. Lat: 29.025819, Long: -80.926998
Got coordinates for case number 1985.08.17. Lat: 28.550322, Long: -82.644924
Got coordinates for case number 1985.07.25.b. Lat: 29.210815, Long: -81.022833
Got coordinates for case number 1985.07.25.a. Lat: 29.025819, Long: -80.926998
Got timezone for case number 1986.02.18. Timezone: Africa/Johannesburg
Case number 1985.01.16 is missing important data.
Fetching coordinates for case number 1985.01.04.
Got timezone for case number 1986.02.17. Timezone: Africa/Johannesburg
Case number 1985.01.00.b is missing important data.
parse error: time data '1985.01.00 11h00' does not match format '%Y.%m.%d %Hh%M'
Case number 1985.01.00.a has invalid time data.
Case number 1985.00.00.f is missing important data.
Case number 1985.00.00.a is missing important data.
Case number 1984.12.03 is missing important data.
Fetching coordinates for case number 1984.11.30.
Got coordinates for case number 1985.03.03. Lat: -34.722638, Long: 135.859745
Got coordinates for case number 1985.02.18. Lat: 34.037616, Long: -120.372374
Got timezone for case number 1986.02.07. Timezone: Africa/Johannesburg
Case number 1984.11.11 is missing important data.
Case number 1984.11.04 is missing important data.
Fetching coordinates for case number 1984.10.21.b.
Got coordinates for case number 1985.01.27. Lat: -34.798025, Long: 20.046336
Got timezone for case number 1986.02.06. Timezone: Africa/Johannesburg
Fetching coordinates for case number 1984.10.21.
Got timezone for case number 1985.10.24. Timezone: Africa/Johannesburg
Fetching coordinates for case number 1984.10.17.
Got timezone for case number 1986.01.12. Timezone: America/New_York
Fetching coordinates for case number 1984.10.14.a.
Got timezone for case number 1985.10.22. Timezone: America/Los_Angeles
Fetching coordinates for case number 1984.09.30.b.
Got timezone for case number 1985.09.08.a. Timezone: America/New_York
Fetching coordinates for case number 1984.09.30.a.
Got coordinates for case number 1985.01.17. Lat: -30.017069, Long: 30.903503
Got timezone for case number 1985.08.20. Timezone: America/New_York
Fetching coordinates for case number 1984.09.23.
Got timezone for case number 1985.08.17. Timezone: America/New_York
Case number 1984.09.22.b is missing important data.
Case number 1984.09.22.a is missing time data.
Case number 1984.09.19 is missing important data.
Fetching coordinates for case number 1984.09.17.
Got timezone for case number 1985.07.25.b. Timezone: America/New_York
Fetching coordinates for case number 1984.09.15.
Got timezone for case number 1985.07.25.a. Timezone: America/New_York
Fetching coordinates for case number 1984.09.11.
Got coordinates for case number 1985.01.04. Lat: -34.085224, Long: 22.970757
Got timezone for case number 1985.03.03. Timezone: Australia/Adelaide
Case number 1984.08.24 is missing important data.
Case number 1984.08.07 is missing important data.
Fetching coordinates for case number 1984.07.24.b.
Got coordinates for case number 1984.11.30. Lat: -21.053941, Long: 149.185465
Got timezone for case number 1985.02.18. Timezone: America/Los_Angeles
Fetching coordinates for case number 1984.07.24.a.
Got timezone for case number 1985.01.27. Timezone: Africa/Johannesburg
Fetching coordinates for case number 1984.07.22.
Got coordinates for case number 1984.10.21.b. Lat: 27.764750, Long: -80.398940
Got coordinates for case number 1984.10.21. Lat: 27.852210, Long: -80.447950
Got coordinates for case number 1984.10.14.a. Lat: 27.243948, Long: -80.191345
Got coordinates for case number 1984.10.17. Lat: 26.531787, Long: -80.090547
Got timezone for case number 1985.01.17. Timezone: Africa/Johannesburg
Case number 1984.07.01 is missing important data.
Case number 1984.07.00.a is missing important data.
Fetching coordinates for case number 1984.06.15.
Got coordinates for case number 1984.09.30.b. Lat: 45.219548, Long: -123.975673
Got coordinates for case number 1984.09.30.a. Lat: 38.240611, Long: -122.994923
Got coordinates for case number 1984.09.17. Lat: 32.770653, Long: -117.251445
Got coordinates for case number 1984.09.23. Lat: 29.027984, Long: -81.075466
Got coordinates for case number 1984.09.15. Lat: 37.186446, Long: -122.383257
Got coordinates for case number 1984.09.11. Lat: 29.052520, Long: -118.276050
Got timezone for case number 1985.01.04. Timezone: Africa/Johannesburg
Fetching coordinates for case number 1984.06.03.b.
Got timezone for case number 1984.11.30. Timezone: Australia/Brisbane
Case number 1984.06.03 is missing important data.
Fetching coordinates for case number 1984.05.31.
Got coordinates for case number 1984.07.24.b. Lat: 26.111840, Long: -97.168126
Got timezone for case number 1984.10.21.b. Timezone: America/New_York
Case number 1984.03.17 is missing important data.
Fetching coordinates for case number 1984.03.14.
Got coordinates for case number 1984.07.24.a. Lat: 26.111840, Long: -97.168126
Got coordinates for case number 1984.07.22. Lat: -34.250014, Long: 18.415736
Got timezone for case number 1984.10.21. Timezone: America/New_York
Case number 1984.03.10 is missing important data.
Case number 1984.03.01 is missing important data.
Case number 1984.02.18 is missing time data.
Fetching coordinates for case number 1984.02.17.
Got timezone for case number 1984.10.17. Timezone: America/New_York
Case number 1984.02.12 is missing important data.
Case number 1984.02.11 is missing important data.
Fetching coordinates for case number 1984.01.05.
Got timezone for case number 1984.10.14.a. Timezone: America/New_York
Case number 1984.01.04 is missing important data.
Case number 1984.00.00.b is missing important data.
Case number 1984.00.00.a is missing important data.
Case number 1983.12.30 is missing important data.
Fetching coordinates for case number 1983.12.25.
Got coordinates for case number 1984.06.15. Lat: -34.102527, Long: 18.468606
Got timezone for case number 1984.09.30.b. Timezone: America/Los_Angeles
Case number 1983.12.24 is missing important data.
Fetching coordinates for case number 1983.12.22.
Got timezone for case number 1984.09.30.a. Timezone: America/Los_Angeles
Fetching coordinates for case number 1983.12.21.
Got timezone for case number 1984.09.17. Timezone: America/Los_Angeles
Case number 1983.12.07 is missing important data.
Case number 1983.11.21 is missing important data.
Case number 1983.11.10.R is missing important data.
Case number 1983.11.10 is missing important data.
Case number 1983.10.17.a is missing important data.
Case number 1983.10.13 is missing important data.
Case number 1983.09.04 is missing important data.
Fetching coordinates for case number 1983.08.20.b.
Got timezone for case number 1984.09.23. Timezone: America/New_York
Fetching coordinates for case number 1983.08.20.a.
Got timezone for case number 1984.09.15. Timezone: America/Los_Angeles
Case number 1983.08.15 is missing time data.
Case number 1983.08.13.b is missing important data.
Case number 1983.08.13.a is missing time data.
Case number 1983.08.06 is missing important data.
Fetching coordinates for case number 1983.07.26.
Got timezone for case number 1984.09.11. Timezone: America/Tijuana
Case number 1983.07.25.b is missing time data.
Case number 1983.07.25.a is missing time data.
Case number 1983.07.15 is missing important data.
Case number 1983.07.12.b is missing time data.
Fetching coordinates for case number 1983.07.12.a.
Got coordinates for case number 1984.06.03.b. Lat: 21.462778, Long: -157.810278
Got timezone for case number 1984.07.24.b. Timezone: America/Chicago
Case number 1983.07.05 is missing important data.
Fetching coordinates for case number 1983.06.29.
Got coordinates for case number 1984.05.31. Lat: -34.669302, Long: 20.231853
Got timezone for case number 1984.07.24.a. Timezone: America/Chicago
Fetching coordinates for case number 1983.06.22.
Got coordinates for case number 1984.03.14. Lat: -30.054114, Long: 30.881477
Got timezone for case number 1984.07.22. Timezone: Africa/Johannesburg
Fetching coordinates for case number 1983.06.20.
Got coordinates for case number 1984.02.17. Lat: -29.824851, Long: 31.029633
Got coordinates for case number 1983.12.25. Lat: 26.775340, Long: -80.058097
Got coordinates for case number 1984.01.05. Lat: -33.587027, Long: 26.906017
Got timezone for case number 1984.06.15. Timezone: Africa/Johannesburg
Fetching coordinates for case number 1983.06.15.
Got coordinates for case number 1983.12.22. Lat: -33.392972, Long: 27.050703
Got coordinates for case number 1983.12.21. Lat: -32.986916, Long: 27.938081
Got coordinates for case number 1983.08.20.a. Lat: -33.227792, Long: 21.856859
Got coordinates for case number 1983.08.20.b. Lat: 45.219548, Long: -123.975673
Got coordinates for case number 1983.07.26. Lat: -18.690510, Long: 147.101321
Got coordinates for case number 1983.07.12.a. Lat: 26.774711, Long: -77.329571
Got timezone for case number 1984.06.03.b. Timezone: Pacific/Honolulu
Case number 1983.06.15 is missing important data.
parse error: time data '1983.06.00 17h00' does not match format '%Y.%m.%d %Hh%M'
Case number 1983.06.00 has invalid time data.
Case number 1983.05.31 is missing time data.
Case number 1983.05.24 is missing important data.
Fetching coordinates for case number 1983.05.21.
Got timezone for case number 1984.05.31. Timezone: Africa/Johannesburg
Case number 1983.04.19 is missing important data.
Fetching coordinates for case number 1983.04.12.
Got coordinates for case number 1983.06.29. Lat: 25.782843, Long: -80.136063
Got timezone for case number 1984.03.14. Timezone: Africa/Johannesburg
Fetching coordinates for case number 1983.04.02.b.
Got coordinates for case number 1983.06.20. Lat: 28.320007, Long: -80.607551
Got coordinates for case number 1983.06.22. Lat: 26.007697, Long: -77.381249
Got timezone for case number 1984.02.17. Timezone: Africa/Johannesburg
Case number 1983.04.02.a is missing important data.
Fetching coordinates for case number 1983.03.30.a.
Got timezone for case number 1983.12.25. Timezone: America/New_York
Fetching coordinates for case number 1983.03.22.
Got timezone for case number 1984.01.05. Timezone: Africa/Johannesburg
Case number 1983.03.10 is missing important data.
Case number 1983.03.00 is missing important data.
Fetching coordinates for case number 1983.02.20.
Got coordinates for case number 1983.06.15. Lat: 27.083333, Long: -78.000000
Got timezone for case number 1983.12.22. Timezone: Africa/Johannesburg
Case number 1983.01.24 is missing important data.
Case number 1983.01.15 is missing important data.
Fetching coordinates for case number 1983.01.10.
Got timezone for case number 1983.12.21. Timezone: Africa/Johannesburg
Fetching coordinates for case number 1983.01.08.
Got timezone for case number 1983.08.20.a. Timezone: Africa/Johannesburg
Case number 1983.00.00.d is missing important data.
Case number 1983.00.00.c is missing important data.
Case number 1983.00.00.b is missing important data.
Case number 1982.11.00 is missing important data.
Fetching coordinates for case number 1982.10.13.
Got timezone for case number 1983.08.20.b. Timezone: America/Los_Angeles
Fetching coordinates for case number 1982.09.30.b.
Got timezone for case number 1983.07.26. Timezone: UTC
Fetching coordinates for case number 1982.09.30.a.
Got timezone for case number 1983.07.12.a. Timezone: America/Nassau
Fetching coordinates for case number 1982.09.27.
Got coordinates for case number 1983.05.21. Lat: 25.901192, Long: -80.121990
Got timezone for case number 1983.06.29. Timezone: America/New_York
Case number 1982.09.25 is missing time data.
Fetching coordinates for case number 1982.09.19.
Got coordinates for case number 1983.04.12. Lat: -32.971573, Long: 27.958582
Got timezone for case number 1983.06.22. Timezone: America/Nassau
Case number 1982.09.04 is missing important data.
Case number 1982.08.29.c is missing important data.
Fetching coordinates for case number 1982.08.29.b.
Got coordinates for case number 1983.04.02.b. Lat: 26.616756, Long: -80.068448
Got timezone for case number 1983.06.20. Timezone: America/New_York
Fetching coordinates for case number 1982.08.29.a.
Got coordinates for case number 1983.03.30.a. Lat: -30.286413, Long: 30.753603
Got timezone for case number 1983.06.15. Timezone: America/Nassau
Case number 1982.08.00 is missing important data.
Fetching coordinates for case number 1982.07.31.
Got coordinates for case number 1983.02.20. Lat: -28.953263, Long: 31.741599
Got coordinates for case number 1983.03.22. Lat: -32.986916, Long: 27.938081
Got coordinates for case number 1983.01.08. Lat: -33.746762, Long: 18.441695
Got coordinates for case number 1982.10.13. Lat: 25.890095, Long: -80.186714
Got coordinates for case number 1982.09.30.b. Lat: -32.986916, Long: 27.938081
Got coordinates for case number 1983.01.10. Lat: -34.089885, Long: 18.495859
Got coordinates for case number 1982.09.30.a. Lat: -32.986916, Long: 27.938081
Got coordinates for case number 1982.09.27. Lat: 28.239465, Long: -80.607517
Got timezone for case number 1983.05.21. Timezone: America/New_York
Fetching coordinates for case number 1982.07.24.b.
Got timezone for case number 1983.04.12. Timezone: Africa/Johannesburg
Fetching coordinates for case number 1982.07.24.a.
Got coordinates for case number 1982.09.19. Lat: 39.912098, Long: -123.937878
Got timezone for case number 1983.04.02.b. Timezone: America/New_York
Case number 1982.07.19 is missing time data.
Case number 1982.07.11 is missing important data.
Fetching coordinates for case number 1982.07.01.
Got coordinates for case number 1982.08.29.a. Lat: -33.085236, Long: 18.036290
Got coordinates for case number 1982.08.29.b. Lat: 35.369419, Long: -120.867680
Got timezone for case number 1983.03.30.a. Timezone: Africa/Johannesburg
Case number 1982.07.00 is missing important data.
Fetching coordinates for case number 1982.06.29.
Got timezone for case number 1983.02.20. Timezone: Africa/Johannesburg
Fetching coordinates for case number 1982.06.26.b.
Got coordinates for case number 1982.07.31. Lat: -30.054114, Long: 30.881477
Got timezone for case number 1983.03.22. Timezone: Africa/Johannesburg
Case number 1982.06.26.a is missing important data.
Fetching coordinates for case number 1982.06.25.
Got timezone for case number 1982.09.30.b. Timezone: Africa/Johannesburg
Case number 1982.06.13 is missing important data.
Case number 1982.05.00 is missing important data.
Fetching coordinates for case number 1982.03.10.
Got timezone for case number 1982.10.13. Timezone: America/New_York
Fetching coordinates for case number 1982.03.07.
Got timezone for case number 1983.01.08. Timezone: Africa/Johannesburg
Case number 1982.03.00 is missing important data.
Case number 1982.02.28 is missing important data.
Case number 1982.02.27 is missing important data.
Case number 1982.02.17 is missing important data.
Case number 1982.02.14.b is missing important data.
Case number 1982.02.14.a is missing important data.
Fetching coordinates for case number 1982.02.13.
Got timezone for case number 1983.01.10. Timezone: Africa/Johannesburg
Fetching coordinates for case number 1982.02.07.a.
Got timezone for case number 1982.09.30.a. Timezone: Africa/Johannesburg
Case number 1982.02.07..b is missing important data.
Fetching coordinates for case number 1982.01.29.
Got timezone for case number 1982.09.27. Timezone: America/New_York
Case number 1982.00.00.c is missing important data.
Case number 1982.00.00.b is missing important data.
Case number 1982.00.00.a is missing important data.
Case number 1981.12.19 is missing time data.
Case number 1981.12.13.b is missing important data.
Case number 1981.12.13.a is missing important data.
Case number 1981.11.30 is missing time data.
Case number 1981.10.19.b is missing important data.
Case number 1981.11.09 is missing important data.
Fetching coordinates for case number 1981.10.19.a.
Got coordinates for case number 1982.07.24.b. Lat: -32.986916, Long: 27.938081
Got timezone for case number 1982.09.19. Timezone: America/Los_Angeles
Fetching coordinates for case number 1981.10.17.
Got coordinates for case number 1982.07.24.a. Lat: 35.255253, Long: -120.899070
Got coordinates for case number 1982.07.01. Lat: 29.210815, Long: -81.022833
Got timezone for case number 1982.08.29.a. Timezone: Africa/Johannesburg
Case number 1981.10.16 is missing important data.
Case number 1981.10.01 is missing important data.
Fetching coordinates for case number 1981.09.28.
Got timezone for case number 1982.08.29.b. Timezone: America/Los_Angeles
Case number 1981.09.27 is missing important data.
Case number 1981.09.15 is missing time data.
Fetching coordinates for case number 1981.09.03.b.
Got timezone for case number 1982.07.31. Timezone: Africa/Johannesburg
Case number 1981.09.03.a is missing time data.
Case number 1981.08.29 is missing important data.
Case number 1981.08.24.b is missing important data.
Case number 1981.08.24.a is missing important data.
Case number 1981.08.10.b is missing important data.
Case number 1981.08.10.a is missing time data.
Fetching coordinates for case number 1981.08.07.
Got coordinates for case number 1982.06.29. Lat: -31.203056, Long: 29.100000
Got coordinates for case number 1982.06.26.b. Lat: 32.798653, Long: -79.758381
Got coordinates for case number 1982.06.25. Lat: 29.285813, Long: -81.055889
Got coordinates for case number 1982.03.10. Lat: 26.705621, Long: -80.036430
Got coordinates for case number 1982.03.07. Lat: -28.653896, Long: 153.627275
Got coordinates for case number 1982.02.07.a. Lat: 38.538838, Long: -123.290380
Got coordinates for case number 1982.01.29. Lat: -33.433333, Long: 27.216667
Got coordinates for case number 1981.10.19.a. Lat: 28.263933, Long: -80.721442
Got timezone for case number 1982.07.24.b. Timezone: Africa/Johannesburg
Case number 1981.07.20 is missing important data.
Fetching coordinates for case number 1981.07.18.
Got timezone for case number 1982.07.24.a. Timezone: America/Los_Angeles
Fetching coordinates for case number 1981.07.07.
Got coordinates for case number 1981.10.17. Lat: 26.705621, Long: -80.036430
Got timezone for case number 1982.07.01. Timezone: America/New_York
Case number 1981.07.01 is missing important data.
Case number 1981.06.15.R is missing important data.
Case number 1981.06.12 is missing important data.
Case number 1981.05.24 is missing important data.
Fetching coordinates for case number 1981.05.23.
Got coordinates for case number 1982.02.13. Lat: 26.705621, Long: -80.036430
Got coordinates for case number 1981.09.28. Lat: 28.320007, Long: -80.607551
Got coordinates for case number 1981.08.07. Lat: 26.659447, Long: -78.520650
Got coordinates for case number 1981.09.03.b. Lat: 28.239465, Long: -80.607517
Got timezone for case number 1982.06.26.b. Timezone: America/New_York
Fetching coordinates for case number 1981.05.20.
Got timezone for case number 1982.06.29. Timezone: Africa/Johannesburg
Case number 1981.05.19 is missing important data.
Case number 1981.05.16 is missing important data.
Fetching coordinates for case number 1981.05.10.
Got timezone for case number 1982.06.25. Timezone: America/New_York
Case number 1981.05.07 is missing important data.
Case number 1981.03.08 is missing important data.
Fetching coordinates for case number 1981.05.05.
Got timezone for case number 1982.03.07. Timezone: Australia/Sydney
Fetching coordinates for case number 1981.03.25.
Got timezone for case number 1982.03.10. Timezone: America/New_York
Fetching coordinates for case number 1981.03.24.
Got timezone for case number 1982.02.07.a. Timezone: America/Los_Angeles
Fetching coordinates for case number 1981.03.04.
Got timezone for case number 1982.01.29. Timezone: Africa/Johannesburg
Case number 1981.03.00 is missing important data.
Fetching coordinates for case number 1981.02.19.
Got timezone for case number 1981.10.19.a. Timezone: America/New_York
Case number 1981.02.16 is missing important data.
Case number 1981.02.07 is missing important data.
Fetching coordinates for case number 1981.02.02.
Got coordinates for case number 1981.07.18. Lat: -32.986916, Long: 27.938081
Got timezone for case number 1982.02.13. Timezone: America/New_York
Case number 1981.02.00 is missing important data.
Case number 1981.01.30 is missing important data.
Case number 1981.01.01 is missing important data.
parse error: time data '1981.00.00 07h00' does not match format '%Y.%m.%d %Hh%M'
Case number 1981.00.00.b has invalid time data.
Case number 1981.00.00.a is missing important data.
Fetching coordinates for case number 1980.12.30.
Got timezone for case number 1981.10.17. Timezone: America/New_York
Case number 1980.12.26 is missing important data.
Fetching coordinates for case number 1980.11.24.
Got coordinates for case number 1981.07.07. Lat: 27.664827, Long: -81.515754
Got coordinates for case number 1981.05.23. Lat: 36.474210, Long: 126.781950
Got timezone for case number 1981.09.28. Timezone: America/New_York
Case number 1980.11.18 is missing important data.
Case number 1980.11.17 is missing important data.
Case number 1980.11.11. is missing important data.
Fetching coordinates for case number 1980.10.27.
Got timezone for case number 1981.08.07. Timezone: America/Nassau
Fetching coordinates for case number 1980.10.17.
Got timezone for case number 1981.09.03.b. Timezone: America/New_York
Case number 1980.08.22.R is missing important data.
Case number 1980.08.10 is missing important data.
Case number 1980.08.04 is missing important data.
Case number 1980.07.26 is missing important data.
Fetching coordinates for case number 1980.07.27.
Got coordinates for case number 1981.05.20. Lat: -32.986916, Long: 27.938081
Got coordinates for case number 1981.05.10. Lat: -33.982450, Long: 25.665142
Got coordinates for case number 1981.05.05. Lat: -32.130816, Long: 28.882960
Got coordinates for case number 1981.03.25. Lat: 26.784154, Long: -80.036027
Got coordinates for case number 1981.02.19. Lat: -30.718030, Long: 30.464566
Got coordinates for case number 1981.03.04. Lat: -30.058330, Long: -71.366567
Got coordinates for case number 1981.02.02. Lat: 26.879782, Long: -80.053374
Got timezone for case number 1981.07.18. Timezone: Africa/Johannesburg
Case number 1980.07.23 is missing time data.
Case number 1980.07.00 is missing important data.
Case number 1980.07.00 is missing important data.
Case number 1980.06.26 is missing important data.
Fetching coordinates for case number 1980.05.15.
Got timezone for case number 1981.07.07. Timezone: America/New_York
Case number 1980.04.25 is missing important data.
Case number 1980.04.22 is missing time data.
Case number 1980.04.00 is missing time data.
Case number 1980.03.29 is missing important data.
Case number 1980.03.28 is missing time data.
Case number 1980.03.15 is missing important data.
Case number 1980.03.11 is missing important data.
Fetching coordinates for case number 1980.01.31.
Got timezone for case number 1981.05.23. Timezone: Asia/Seoul
Case number 1980.01.25 is missing important data.
Fetching coordinates for case number 1980.01.15.
Got coordinates for case number 1980.11.24. Lat: -21.372348, Long: 55.547596
Got coordinates for case number 1981.03.24. Lat: 26.784154, Long: -80.036027
Got coordinates for case number 1980.12.30. Lat: -32.986916, Long: 27.938081
Got coordinates for case number 1980.10.17. Lat: 41.030125, Long: -124.112290
Got coordinates for case number 1980.10.27. Lat: 43.513874, Long: -123.804062
Got coordinates for case number 1980.07.27. Lat: 39.279406, Long: -74.576887
Got timezone for case number 1981.05.10. Timezone: Africa/Johannesburg
Case number 1980.01.13 is missing important data.
Fetching coordinates for case number 1980.01.10.
Got timezone for case number 1981.03.25. Timezone: America/New_York
Fetching coordinates for case number 1980.01.05.
Got timezone for case number 1981.05.20. Timezone: Africa/Johannesburg
Case number 1980.00.00.d is missing important data.
Case number 1980.00.00.c is missing important data.
Case number 1980.00.00.b is missing time data.
Case number 1980.00.00.a is missing time data.
Fetching coordinates for case number 1979.12.21.
Got timezone for case number 1981.05.05. Timezone: Africa/Johannesburg
Case number 1979.12.00 is missing important data.
Case number 1979.12.01 is missing important data.
Fetching coordinates for case number 1979.11.27.
Got timezone for case number 1981.02.19. Timezone: Africa/Johannesburg
Case number 1979.11.12 is missing important data.
Case number 1979.10.22 is missing important data.
Case number 1979.09.14 is missing important data.
Case number 1979.08.28 is missing important data.
Case number 1979.08.26 is missing important data.
Case number 1979.08.05 is missing important data.
Case number 1979.08.03 is missing important data.
Case number 1979.06.19 is missing time data.
Case number 1979.05.27 is missing important data.
Fetching coordinates for case number 1979.05.05.
Got timezone for case number 1981.03.04. Timezone: America/Santiago
Fetching coordinates for case number 1979.05.03.
Got timezone for case number 1981.02.02. Timezone: America/New_York
Case number 1979.05.00.c is missing important data.
Case number 1979.05.00.b is missing important data.
Fetching coordinates for case number 1979.04.08.b.
Got coordinates for case number 1980.05.15. Lat: -33.054745, Long: 27.847993
Got timezone for case number 1980.11.24. Timezone: Indian/Reunion
Fetching coordinates for case number 1979.04.08.a.
Got timezone for case number 1981.03.24. Timezone: America/New_York
Fetching coordinates for case number 1979.03.24.
Got coordinates for case number 1980.01.31. Lat: -29.502723, Long: 31.211077
Got timezone for case number 1980.12.30. Timezone: Africa/Johannesburg
Fetching coordinates for case number 1979.03.11.
Got coordinates for case number 1980.01.15. Lat: -28.530554, Long: 30.895824
Got timezone for case number 1980.10.17. Timezone: America/Los_Angeles
Case number 1979.03.01 is missing important data.
Case number 1979.03.00 is missing important data.
Fetching coordinates for case number 1979.02.21.
Got timezone for case number 1980.10.27. Timezone: America/Los_Angeles
Case number 1979.00.00 is missing important data.
Case number 1978.12.29 is missing important data.
Fetching coordinates for case number 1978.12.12.
Got timezone for case number 1980.07.27. Timezone: America/New_York
Case number 1978.11.26 is missing important data.
Case number 1978.11.23 is missing important data.
Case number 1978.10.21 is missing time data.
Fetching coordinates for case number 1978.09.27.
Got coordinates for case number 1979.12.21. Lat: -33.679086, Long: 26.666901
Got coordinates for case number 1980.01.10. Lat: -33.982450, Long: 25.665142
Got coordinates for case number 1980.01.05. Lat: -32.140611, Long: -71.525551
Got coordinates for case number 1979.11.27. Lat: 45.884117, Long: -123.968484
Got coordinates for case number 1979.05.05. Lat: -34.243303, Long: 18.665068
Got coordinates for case number 1979.05.03. Lat: -27.398526, Long: 32.711700
Got coordinates for case number 1979.04.08.b. Lat: 26.929105, Long: -80.069193
Got timezone for case number 1980.05.15. Timezone: Africa/Johannesburg
Fetching coordinates for case number 1978.09.16.
Got timezone for case number 1980.01.31. Timezone: Africa/Johannesburg
Case number 1978.09.02.R is missing important data.
Fetching coordinates for case number 1978.08.05.
Got coordinates for case number 1979.03.24. Lat: 26.784154, Long: -80.036027
Got timezone for case number 1980.01.15. Timezone: Africa/Johannesburg
Case number 1978.08.01.R is missing important data.
Case number 1978.07.27 is missing important data.
Case number 1978.07.19 is missing important data.
Case number 1978.06.21.b is missing important data.
Case number 1978.06.21.a is missing important data.
Case number 1978.06.07 is missing important data.
Case number 1978.04.02.b is missing important data.
Case number 1978.04.02.a is missing important data.
Case number 1978.04.00 is missing important data.
Case number 1978.03.05 is missing important data.
Fetching coordinates for case number 1978.02.28.
Got coordinates for case number 1979.03.11. Lat: 37.108293, Long: -122.336614
Got coordinates for case number 1979.04.08.a. Lat: 26.531787, Long: -80.090547
Got coordinates for case number 1978.12.12. Lat: -28.530554, Long: 30.895824
Got coordinates for case number 1979.02.21. Lat: -33.587027, Long: 26.906017
Got timezone for case number 1979.12.21. Timezone: Africa/Johannesburg
Case number 1978.02.19 is missing important data.
Fetching coordinates for case number 1978.01.17.
Got coordinates for case number 1978.09.27. Lat: -34.228982, Long: 18.470493
Got timezone for case number 1980.01.10. Timezone: Africa/Johannesburg
Case number 1978.01.06 is missing important data.
Case number 1978.00.00.b is missing important data.
Case number 1978.00.00.a is missing important data.
Case number 1977.12.31 is missing time data.
Case number 1977.12.19.b is missing important data.
Fetching coordinates for case number 1977.12.19.a.
Got timezone for case number 1980.01.05. Timezone: America/Santiago
Case number 1977.12.00 is missing important data.
Case number 1977.11.12 is missing important data.
Fetching coordinates for case number 1977.10.30.
Got timezone for case number 1979.11.27. Timezone: America/Los_Angeles
Fetching coordinates for case number 1977.08.31.
Got timezone for case number 1979.05.05. Timezone: Africa/Johannesburg
Case number 1977.08.23 is missing important data.
Fetching coordinates for case number 1977.08.19.
Got timezone for case number 1979.05.03. Timezone: Africa/Johannesburg
Fetching coordinates for case number 1977.08.14.
Got timezone for case number 1979.04.08.b. Timezone: America/New_York
Case number 1977.08.05 is missing important data.
Case number 1977.07.02 is missing time data.
Case number 1977.06.26 is missing time data.
Case number 1977.06.06 is missing important data.
Case number 1977.05.26 is missing important data.
Case number 1977.05.16 is missing important data.
Case number 1977.04.26 is missing important data.
Case number 1977.04.21 is missing important data.
Fetching coordinates for case number 1977.03.17.
Got timezone for case number 1979.03.24. Timezone: America/New_York
Case number 1977.03.13.c is missing important data.
Case number 1977.03.13.b is missing important data.
Case number 1977.03.13.a is missing important data.
Case number 1977.02.26 is missing important data.
Case number 1977.02.04 is missing important data.
Case number 1977.02.00 is missing important data.
parse error: time data '1977.01.00 14h30' does not match format '%Y.%m.%d %Hh%M'
Case number 1977.01.00 has invalid time data.
Case number 1976.12.29 is missing important data.
Fetching coordinates for case number 1976.12.18.
Got coordinates for case number 1978.09.16. Lat: 41.450000, Long: 12.633333
Got timezone for case number 1979.03.11. Timezone: America/Los_Angeles
Fetching coordinates for case number 1976.11.27.
Got coordinates for case number 1978.08.05. Lat: 36.869717, Long: -121.815506
Got coordinates for case number 1978.02.28. Lat: -33.227792, Long: 21.856859
Got timezone for case number 1979.04.08.a. Timezone: America/New_York
Case number 1976.11.26 is missing important data.
Fetching coordinates for case number 1976.11.25.
Got timezone for case number 1979.02.21. Timezone: Africa/Johannesburg
Case number 1976.11.23 is missing important data.
Case number 1976.11.06 is missing important data.
Case number 1976.10.27 is missing important data.
Fetching coordinates for case number 1976.10.18.
Got timezone for case number 1978.12.12. Timezone: Africa/Johannesburg
Fetching coordinates for case number 1976.10.06.
Got timezone for case number 1978.09.27. Timezone: Africa/Johannesburg
Case number 1976.09.22 is missing important data.
Case number 1976.09.19 is missing important data.
Case number 1976.09.17 is missing important data.
Case number 1976.09.12.b is missing important data.
Case number 1976.09.12.a is missing important data.
Fetching coordinates for case number 1976.09.06.
Got coordinates for case number 1978.01.17. Lat: -29.758927, Long: 31.055009
Got coordinates for case number 1977.12.19.a. Lat: -32.296840, Long: 26.419389
Got coordinates for case number 1977.10.30. Lat: -33.227792, Long: 21.856859
Got coordinates for case number 1977.08.19. Lat: -34.075278, Long: 18.739444
Got coordinates for case number 1977.08.31. Lat: -32.126039, Long: 133.676321
Got coordinates for case number 1977.03.17. Lat: -34.373772, Long: 21.429222
Got coordinates for case number 1977.08.14. Lat: 38.240611, Long: -122.994923
Got timezone for case number 1978.09.16. Timezone: Europe/Rome
Case number 1976.08.26 is missing important data.
Fetching coordinates for case number 1976.08.24.
Got coordinates for case number 1976.12.18. Lat: 34.037616, Long: -120.372374
Got timezone for case number 1978.02.28. Timezone: Africa/Johannesburg
Fetching coordinates for case number 1976.07.24.
Got timezone for case number 1978.08.05. Timezone: America/Los_Angeles
Case number 1976.07.21 is missing important data.
Case number 1976.07.16 is missing important data.
Case number 1976.07.12 is missing important data.
Case number 1976.06.23 is missing time data.
Case number 1976.06.10 is missing important data.
Case number 1976.06.02.R is missing important data.
Case number 1976.06.01 is missing important data.
Case number 1976.05.02 is missing important data.
Case number 1976.04.28 is missing important data.
Fetching coordinates for case number 1976.03.12.b.
Got coordinates for case number 1976.11.27. Lat: -33.941476, Long: 18.373836
Got coordinates for case number 1976.10.18. Lat: 41.030125, Long: -124.112290
Got coordinates for case number 1976.10.06. Lat: -34.209241, Long: 24.831137
Got coordinates for case number 1976.11.25. Lat: 26.461462, Long: -80.072820
Got timezone for case number 1978.01.17. Timezone: Africa/Johannesburg
Case number 1976.03.12.a is missing important data.
Case number 1976.03.09 is missing important data.
Case number 1976.03.02 is missing important data.
Case number 1976.02.03 is missing important data.
Case number 1976.01.13 is missing important data.
Case number 1976.01.12 is missing important data.
Fetching coordinates for case number 1976.01.11.
Got coordinates for case number 1976.09.06. Lat: 27.816415, Long: -80.470608
Got timezone for case number 1977.10.30. Timezone: Africa/Johannesburg
Case number 1976.01.08 is missing important data.
Fetching coordinates for case number 1976.01.02.
Got timezone for case number 1977.12.19.a. Timezone: Africa/Johannesburg
Case number 1976.00.00.b is missing important data.
Case number 1975.12.29 is missing important data.
Fetching coordinates for case number 1975.12.06.
Got timezone for case number 1977.08.19. Timezone: Africa/Johannesburg
Case number 1975.12.02 is missing important data.
Case number 1975.11.19.b is missing important data.
Fetching coordinates for case number 1975.11.19.a.
Got timezone for case number 1977.08.31. Timezone: Australia/Adelaide
Case number 1975.11.07 is missing important data.
Case number 1975.11.02 is missing important data.
Fetching coordinates for case number 1975.10.21.
Got timezone for case number 1977.03.17. Timezone: Africa/Johannesburg
Case number 1975.10.12 is missing important data.
Case number 1975.10.04 is missing important data.
Case number 1975.09.00 is missing important data.
Fetching coordinates for case number 1975.08.17.
Got timezone for case number 1977.08.14. Timezone: America/Los_Angeles
Fetching coordinates for case number 1975.08.12.
Got timezone for case number 1976.12.18. Timezone: America/Los_Angeles
Fetching coordinates for case number 1975.08.09.
Got timezone for case number 1976.11.27. Timezone: Africa/Johannesburg
Case number 1975.08.04 is missing important data.
Case number 1975.07.30.b is missing important data.
Case number 1975.07.30.a is missing time data.
Case number 1975.07.26.b is missing important data.
Case number 1975.07.26.a is missing important data.
Fetching coordinates for case number 1975.07.23.
Got coordinates for case number 1976.08.24. Lat: 43.674545, Long: -124.175177
Got timezone for case number 1976.10.18. Timezone: America/Los_Angeles
Fetching coordinates for case number 1975.07.19.
Got coordinates for case number 1976.07.24. Lat: 27.322556, Long: -80.543845
Got timezone for case number 1976.10.06. Timezone: Africa/Johannesburg
Case number 1975.07.15 is missing time data.
Case number 1975.07.05 is missing important data.
Case number 1975.07.04 is missing important data.
Fetching coordinates for case number 1975.06.23.b.
Got coordinates for case number 1976.03.12.b. Lat: 29.025819, Long: -80.926998
Got timezone for case number 1976.11.25. Timezone: America/New_York
Fetching coordinates for case number 1975.06.23.a.
Got timezone for case number 1976.09.06. Timezone: America/New_York
Case number 1975.06.15 is missing important data.
Case number 1975.06.02.R is missing important data.
Case number 1975.06.00.c is missing important data.
Fetching coordinates for case number 1975.05.25.
Got coordinates for case number 1976.01.02. Lat: -37.744297, Long: 177.682842
Got coordinates for case number 1976.01.11. Lat: -34.128303, Long: 18.447740
Got coordinates for case number 1975.11.19.a. Lat: -29.857838, Long: 31.034184
Got coordinates for case number 1975.12.06. Lat: 37.698572, Long: -123.002207
Got coordinates for case number 1975.08.17. Lat: -34.209241, Long: 24.831137
Got coordinates for case number 1975.10.21. Lat: 40.433350, Long: -73.988550
Got coordinates for case number 1975.08.12. Lat: 29.210815, Long: -81.022833
Got timezone for case number 1976.08.24. Timezone: America/Los_Angeles
Case number 1975.05.20 is missing important data.
Case number 1975.04.25 is missing important data.
Case number 1975.04.18 is missing important data.
Case number 1975.04.05 is missing time data.
Case number 1975.03.29 is missing important data.
Case number 1975.03.18 is missing important data.
Case number 1975.03.16 is missing important data.
Case number 1975.03.13 is missing important data.
Case number 1975.03.09 is missing important data.
Case number 1975.03.00 is missing important data.
Fetching coordinates for case number 1975.02.23.
Got timezone for case number 1976.07.24. Timezone: America/New_York
Case number 1975.02.14.R is missing important data.
Fetching coordinates for case number 1975.02.10.
Got coordinates for case number 1975.07.19. Lat: 34.448598, Long: -120.471551
Got coordinates for case number 1975.07.23. Lat: 34.448598, Long: -120.471551
Got coordinates for case number 1975.08.09. Lat: 39.874060, Long: -123.854389
Got timezone for case number 1976.03.12.b. Timezone: America/New_York
Case number 1975.02.09 is missing important data.
Case number 1975.02.07 is missing important data.
Case number 1975.02.01 is missing important data.
Case number 1975.01.19 is missing important data.
Case number 1975.00.00.b is missing important data.
Case number 1975.00.00.a is missing important data.
Case number 1974.12.10 is missing important data.
Case number 1974.11.01 is missing time data.
Fetching coordinates for case number 1974.09.28.
Got coordinates for case number 1975.06.23.b. Lat: 33.692104, Long: -78.879422
Got coordinates for case number 1975.06.23.a. Lat: 33.816006, Long: -78.680016
Got timezone for case number 1976.01.02. Timezone: Pacific/Auckland
Fetching coordinates for case number 1974.09.14.
Got timezone for case number 1976.01.11. Timezone: Africa/Johannesburg
Fetching coordinates for case number 1974.09.07.
Got timezone for case number 1975.11.19.a. Timezone: Africa/Johannesburg
Fetching coordinates for case number 1974.09.02.b.
Got coordinates for case number 1975.05.25. Lat: 29.025819, Long: -80.926998
Got timezone for case number 1975.12.06. Timezone: America/Los_Angeles
Fetching coordinates for case number 1974.09.02.a.
Got timezone for case number 1975.08.17. Timezone: Africa/Johannesburg
Case number 1974.09.01 is missing important data.
Case number 1974.09.00 is missing time data.
Case number 1974.08.23 is missing important data.
Case number 1974.08.16.c is missing important data.
Case number 1974.08.16.b is missing important data.
Case number 1974.08.16.a is missing important data.
Fetching coordinates for case number 1974.08.10.
Got timezone for case number 1975.10.21. Timezone: America/New_York
Case number 1974.08.05 is missing important data.
Case number 1974.07.26 is missing important data.
Case number 1974.07.20 is missing important data.
Case number 1974.07.02 is missing important data.
Fetching coordinates for case number 1974.06.20.
Got timezone for case number 1975.07.19. Timezone: America/Los_Angeles
Fetching coordinates for case number 1974.05.26.
Got timezone for case number 1975.08.12. Timezone: America/New_York
Case number 1974.04.25.R is missing important data.
Case number 1974.04.20 is missing time data.
Fetching coordinates for case number 1974.04.14.
Got coordinates for case number 1975.02.23. Lat: -30.050986, Long: 30.889241
Got timezone for case number 1975.08.09. Timezone: America/Los_Angeles
Case number 1974.04.12 is missing important data.
Fetching coordinates for case number 1974.04.04.
Got timezone for case number 1975.07.23. Timezone: America/Los_Angeles
Fetching coordinates for case number 1974.03.21.
Got coordinates for case number 1975.02.10. Lat: -32.010259, Long: 132.988219
Got coordinates for case number 1974.09.28. Lat: 36.600224, Long: -121.894749
Got timezone for case number 1975.06.23.b. Timezone: America/New_York
Case number 1974.03.00 is missing important data.
Fetching coordinates for case number 1974.02.13.b.
Got timezone for case number 1975.06.23.a. Timezone: America/New_York
Fetching coordinates for case number 1974.02.13.a.
Got coordinates for case number 1974.09.14. Lat: 37.767573, Long: -123.099120
Got coordinates for case number 1974.09.07. Lat: 29.557669, Long: 34.951925
Got coordinates for case number 1974.09.02.b. Lat: 37.149669, Long: -122.360529
Got timezone for case number 1975.05.25. Timezone: America/New_York
Case number 1974.02.00.b is missing important data.
Case number 1974.02.00.a is missing time data.
Case number 1974.01.13 is missing important data.
Case number 1974.01.09 is missing important data.
Fetching coordinates for case number 1974.01.07.c.
Got coordinates for case number 1974.09.02.a. Lat: 37.149669, Long: -122.360529
Got coordinates for case number 1974.08.10. Lat: 43.415686, Long: 16.768046
Got coordinates for case number 1974.06.20. Lat: 29.025819, Long: -80.926998
Got timezone for case number 1975.02.23. Timezone: Africa/Johannesburg
Case number 1974.01.07.b is missing important data.
Case number 1974.01.07.a is missing important data.
Case number 1974.00.00.b is missing important data.
Case number 1974.00.00.a is missing important data.
Fetching coordinates for case number 1973.12.25.
Got coordinates for case number 1974.04.04. Lat: -30.050986, Long: 30.889241
Got timezone for case number 1975.02.10. Timezone: Australia/Adelaide
Fetching coordinates for case number 1973.12.21.b.
Got coordinates for case number 1974.05.26. Lat: 38.240611, Long: -122.994923
Got timezone for case number 1974.09.28. Timezone: America/Los_Angeles
Case number 1973.12.19.R is missing important data.
Case number 1973.12.18 is missing important data.
Case number 1973.12.00 is missing time data.
Case number 1973.11.25 is missing important data.
Case number 1973.11.24 is missing time data.
Case number 1973.11.03 is missing important data.
Case number 1973.09.29 is missing important data.
Fetching coordinates for case number 1973.09.14.
Got coordinates for case number 1974.04.14. Lat: -32.889607, Long: 28.087477
Got coordinates for case number 1974.03.21. Lat: -30.054114, Long: 30.881477
Got coordinates for case number 1974.02.13.a. Lat: -30.050986, Long: 30.889241
Got timezone for case number 1974.09.14. Timezone: America/Los_Angeles
Case number 1973.09.10.R is missing important data.
Fetching coordinates for case number 1973.09.09.
Got timezone for case number 1974.09.02.b. Timezone: America/Los_Angeles
Case number 1973.09.00 is missing important data.
Case number 1973.08.27 is missing important data.
Case number 1973.08.25 is missing important data.
Case number 1973.08.16 is missing important data.
Case number 1973.06.13 is missing important data.
Fetching coordinates for case number 1973.04.04.
Got timezone for case number 1974.09.07. Timezone: Asia/Jerusalem
Case number 1973.03.26 is missing important data.
Case number 1973.03.05 is missing time data.
Case number 1973.03.00 is missing time data.
Case number 1973.02.27 is missing important data.
Case number 1973.01.21 is missing important data.
Case number 1973.01.09 is missing important data.
Case number 1973.00.00.c is missing important data.
Case number 1973.00.00.b is missing important data.
parse error: time data '1973.00.00 08h00' does not match format '%Y.%m.%d %Hh%M'
Case number 1973.00.00.a has invalid time data.
Fetching coordinates for case number 1972.12.31.
Got timezone for case number 1974.09.02.a. Timezone: America/Los_Angeles
Fetching coordinates for case number 1972.12.26.
Got coordinates for case number 1974.02.13.b. Lat: -30.050986, Long: 30.889241
Got timezone for case number 1974.08.10. Timezone: Europe/Zagreb
Case number 1972.12.25 is missing time data.
Fetching coordinates for case number 1972.12.24.
Got coordinates for case number 1974.01.07.c. Lat: -30.054114, Long: 30.881477
Got timezone for case number 1974.06.20. Timezone: America/New_York
Case number 1972.12.22 is missing important data.
Case number 1972.12.08 is missing important data.
Case number 1972.12.01 is missing important data.
Case number 1972.10.22 is missing important data.
Case number 1972.10.21 is missing important data.
Case number 1972.10.14.b is missing important data.
Case number 1972.10.14.a is missing important data.
Case number 1972.10.10.R is missing important data.
Fetching coordinates for case number 1972.09.09.
Got timezone for case number 1974.05.26. Timezone: America/Los_Angeles
Case number 1972.09.04 is missing important data.
Case number 1972.08.29 is missing time data.
Case number 1972.08.17 is missing important data.
Case number 1972.08.08 is missing important data.
Case number 1972.07.05 is missing important data.
Case number 1972.06.26.b is missing important data.
Case number 1972.06.26.a is missing important data.
Fetching coordinates for case number 1972.06.10.
Got timezone for case number 1974.04.04. Timezone: Africa/Johannesburg
Fetching coordinates for case number 1972.05.28.
Got timezone for case number 1974.03.21. Timezone: Africa/Johannesburg
Case number 1972.05.06 is missing important data.
Case number 1972.04.16 is missing important data.
Case number 1972.04.01.b is missing important data.
Fetching coordinates for case number 1972.04.01.a.
Got coordinates for case number 1973.12.25. Lat: -25.060476, Long: 33.695881
Got coordinates for case number 1973.09.14. Lat: 26.659447, Long: -78.520650
Got timezone for case number 1974.04.14. Timezone: Africa/Johannesburg
Case number 1972.03.21 is missing important data.
Case number 1972.03.16 is missing important data.
Fetching coordinates for case number 1972.02.20.
Got timezone for case number 1974.02.13.a. Timezone: Africa/Johannesburg
Case number 1972.02.12 is missing important data.
Case number 1972.01.01.c is missing important data.
Fetching coordinates for case number 1972.01.01.b.
Got coordinates for case number 1973.09.09. Lat: 29.052520, Long: -118.276050
Got coordinates for case number 1973.04.04. Lat: 16.790606, Long: -99.825545
Got coordinates for case number 1972.12.31. Lat: -34.228982, Long: 18.470493
Got coordinates for case number 1972.12.26. Lat: -25.060476, Long: 33.695881
Got timezone for case number 1974.02.13.b. Timezone: Africa/Johannesburg
Fetching coordinates for case number 1972.01.01.a.
Got coordinates for case number 1973.12.21.b. Lat: -25.060476, Long: 33.695881
Got coordinates for case number 1972.12.24. Lat: -34.121670, Long: 22.098311
Got timezone for case number 1974.01.07.c. Timezone: Africa/Johannesburg
Case number 1972.00.00.b is missing important data.
Case number 1972.00.00.a is missing important data.
Case number 1971.12.23 is missing important data.
Fetching coordinates for case number 1971.12.16.
Got coordinates for case number 1972.09.09. Lat: 36.600224, Long: -121.894749
Got coordinates for case number 1972.06.10. Lat: 28.320007, Long: -80.607551
Got coordinates for case number 1972.04.01.a. Lat: -25.060476, Long: 33.695881
Got timezone for case number 1973.09.14. Timezone: America/Nassau
Case number 1971.12.05 is missing important data.
Case number 1971.11.27 is missing important data.
Case number 1971.11.25.R is missing important data.
Case number 1971.10.23 is missing time data.
Case number 1971.10.14 is missing time data.
Fetching coordinates for case number 1971.10.02.
Got coordinates for case number 1972.05.28. Lat: 38.230006, Long: -122.994261
Got timezone for case number 1973.12.25. Timezone: Africa/Maputo
Case number 1971.09.25 is missing important data.
Fetching coordinates for case number 1971.09.07.
Got coordinates for case number 1972.02.20. Lat: -38.806976, Long: 146.067889
Got coordinates for case number 1972.01.01.b. Lat: -26.871060, Long: 32.830876
Got timezone for case number 1973.09.09. Timezone: America/Tijuana
Case number 1971.09.05 is missing important data.
Fetching coordinates for case number 1971.08.21.
Got timezone for case number 1973.04.04. Timezone: America/Mexico_City
Case number 1971.07.26 is missing time data.
Case number 1971.07.19 is missing important data.
Fetching coordinates for case number 1971.06.30.
Got timezone for case number 1972.12.31. Timezone: Africa/Johannesburg
Case number 1971.06.01 is missing important data.
Case number 1971.04.16R is missing important data.
Fetching coordinates for case number 1971.04.11.
Got timezone for case number 1972.12.26. Timezone: Africa/Maputo
Fetching coordinates for case number 1971.04.06.
Got timezone for case number 1973.12.21.b. Timezone: Africa/Maputo
Case number 1971.04.05.b is missing important data.
Case number 1971.04.05.a is missing important data.
Case number 1971.04.00 is missing important data.
Fetching coordinates for case number 1971.03.30.
Got timezone for case number 1972.12.24. Timezone: Africa/Johannesburg
Case number 1971.01.02 is missing important data.
Case number 1971.00.00.c is missing important data.
Case number 1971.00.00.b is missing important data.
Case number 1971.00.00.a is missing important data.
Fetching coordinates for case number 1970.12.17.
Got coordinates for case number 1972.01.01.a. Lat: -25.060476, Long: 33.695881
Got coordinates for case number 1971.12.16. Lat: -34.132508, Long: 18.416305
Got timezone for case number 1972.09.09. Timezone: America/Los_Angeles
Case number 1970.12.13 is missing important data.
Fetching coordinates for case number 1970.12.07.
Got timezone for case number 1972.06.10. Timezone: America/New_York
Case number 1970.12.03 is missing important data.
Case number 1970.11.00 is missing important data.
Case number 1970.10.24 is missing important data.
Case number 1970.10.00 is missing important data.
Fetching coordinates for case number 1970.09.28.
Got timezone for case number 1972.04.01.a. Timezone: Africa/Maputo
Case number 1970.09.13 is missing important data.
Fetching coordinates for case number 1970.09.05.
Got timezone for case number 1972.05.28. Timezone: America/Los_Angeles
Case number 1970.09.02 is missing important data.
Case number 1970.09.00.c is missing important data.
Case number 1970.09.00.a is missing important data.
Case number 1970.08.02 is missing important data.
Case number 1970.07.05 is missing important data.
Case number 1970.06.22 is missing important data.
Fetching coordinates for case number 1970.06.15.
Got timezone for case number 1972.02.20. Timezone: Australia/Melbourne
Fetching coordinates for case number 1970.06.13.b.
Got coordinates for case number 1971.10.02. Lat: 38.716598, Long: -123.456385
Got coordinates for case number 1971.09.07. Lat: 45.128645, Long: 13.901542
Got timezone for case number 1972.01.01.b. Timezone: Africa/Johannesburg
Fetching coordinates for case number 1970.06.13.a.
Got coordinates for case number 1971.08.21. Lat: -33.796863, Long: 151.285017
Got coordinates for case number 1971.06.30. Lat: -34.183626, Long: 22.124387
Got coordinates for case number 1971.03.30. Lat: -45.879545, Long: 170.500596
Got coordinates for case number 1971.04.11. Lat: -34.085224, Long: 22.970757
Got timezone for case number 1972.01.01.a. Timezone: Africa/Maputo
Case number 1970.06.00 is missing important data.
Fetching coordinates for case number 1970.04.04.
Got coordinates for case number 1971.04.06. Lat: 16.852373, Long: -99.856639
Got coordinates for case number 1970.12.17. Lat: -23.879020, Long: 35.402505
Got timezone for case number 1971.12.16. Timezone: Africa/Johannesburg
Case number 1970.04.00.b is missing important data.
Case number 1970.04.00.a is missing important data.
Case number 1970.03.31 is missing important data.
Case number 1970.03.23 is missing time data.
Case number 1970.02.05 is missing important data.
Case number 1970.01.23.d is missing important data.
Case number 1970.01.23.c is missing important data.
Case number 1970.01.23.b is missing important data.
Case number 1970.01.23.a is missing important data.
Case number 1970.01.16 is missing important data.
Case number 1970.01.10 is missing important data.
Case number 1970.01.09.R is missing important data.
Case number 1970.01.00 is missing important data.
Case number 1970.00.00.h is missing important data.
Case number 1970.00.00.g is missing important data.
Case number 1970.00.00.f is missing important data.
Case number 1970.00.00.e is missing important data.
Case number 1970.00.00.d is missing time data.
Case number 1970.00.00.c is missing important data.
parse error: time data '1970.00.00 12h00' does not match format '%Y.%m.%d %Hh%M'
Case number 1970.00.00.b has invalid time data.
Case number 1970.00.00.a is missing time data.
Case number 1969.11.30 is missing time data.
Case number 1969.11.11 is missing important data.
Case number 1969.11.05 is missing important data.
Case number 1969.10.14 is missing time data.
Case number 1969.09.06 is too old for OpenMeteo.
Case number 1969.08.29 is missing time data.
Case number 1969.08.22 is missing important data.
Case number 1969.08.02 is missing time data.
Case number 1969.08.01 is too old for OpenMeteo.
Case number 1969.08.00 is missing important data.
Case number 1969.07.27 is missing important data.
Case number 1969.07.22 is too old for OpenMeteo.
Case number 1969.07.20 is too old for OpenMeteo.
Case number 1969.06.27 is missing time data.
Case number 1969.06.12 is missing time data.
parse error: time data '1969.06.00 20h00' does not match format '%Y.%m.%d %Hh%M'
Case number 1969.06.00 has invalid time data.
Case number 1969.05.25 is too old for OpenMeteo.
Case number 1969.05.24 is too old for OpenMeteo.
Case number 1969.05.22 is missing important data.
Case number 1969.05.14 is missing important data.
Case number 1969.04.22 is missing important data.
Case number 1969.04.19 is missing important data.
Case number 1969.03.25 is missing important data.
Case number 1969.03.09 is too old for OpenMeteo.
Case number 1969.02.17.R is missing time data.
Case number 1969.02.00 is missing important data.
Case number 1969.01.27 is too old for OpenMeteo.
Case number 1969.01.00 is missing important data.
Case number 1969.00.00 is missing important data.
Case number 1968.12.29 is missing important data.
Case number 1968.12.26 is missing time data.
Case number 1968.12.25 is too old for OpenMeteo.
Case number 1968.12.09 is missing important data.
Case number 1968.12.02 is missing important data.
Case number 1968.12.00 is missing important data.
Case number 1968.11.06 is missing important data.
Case number 1968.11.04 is missing important data.
Case number 1968.11.02 is missing important data.
Case number 1968.10.29 is missing important data.
Case number 1968.10.13 is missing important data.
Case number 1968.10.10 is missing important data.
Case number 1968.09.22 is too old for OpenMeteo.
Case number 1968.09.15 is too old for OpenMeteo.
Case number 1968.08.24 is too old for OpenMeteo.
Case number 1968.08.21 is too old for OpenMeteo.
Case number 1968.08.13 is missing important data.
Case number 1968.08.11 is too old for OpenMeteo.
Case number 1968.08.08 is too old for OpenMeteo.
Case number 1968.07.27 is too old for OpenMeteo.
Case number 1968.07.23 is too old for OpenMeteo.
Case number 1968.07.16 is missing time data.
Case number 1968.07.10 is missing important data.
Case number 1968.07.00 is missing important data.
Case number 1968.06.25 is missing important data.
Case number 1968.06.09 is too old for OpenMeteo.
Case number 1968.06.00 is missing important data.
Case number 1968.05.18 is missing important data.
Case number 1968.05.00 is missing important data.
Case number 1968.04.29 is too old for OpenMeteo.
Case number 1968.04.20 is too old for OpenMeteo.
Case number 1968.04.15 is missing important data.
Case number 1968.04.11.R is missing important data.
Case number 1968.04.07 is missing time data.
Case number 1968.03.25 is missing time data.
Case number 1968.03.10 is missing time data.
Case number 1968.03.00 is missing time data.
Case number 1968.02.26 is too old for OpenMeteo.
Case number 1968.02.20 is missing time data.
Case number 1968.02.18 is missing important data.
Case number 1968.02.04 is too old for OpenMeteo.
Case number 1968.02.02 is missing important data.
Case number 1968.02.00 is missing important data.
Case number 1968.01.17 is too old for OpenMeteo.
Case number 1968.00.00.c is missing important data.
parse error: time data '1968.00.00 13h00' does not match format '%Y.%m.%d %Hh%M'
Case number 1968.00.00.b has invalid time data.
parse error: time data '1968.00.00 17h00' does not match format '%Y.%m.%d %Hh%M'
Case number 1968.00.00.a has invalid time data.
Case number 1967.12.30 is too old for OpenMeteo.
Case number 1967.12.21.R is missing important data.
Case number 1967.12.18 is missing important data.
Case number 1967.12.17 is missing time data.
Case number 1967.12.14 is missing important data.
Case number 1967.11.30.b is missing important data.
Case number 1967.11.30.a is missing important data.
Case number 1967.11.15 is missing important data.
Case number 1967.11.04 is missing important data.
Case number 1967.11.00 is missing important data.
Case number 1967.10.26.R is missing important data.
Case number 1967.10.17 is too old for OpenMeteo.
Case number 1967.10.00 is missing important data.
Case number 1967.09.20 is missing important data.
Case number 1967.09.13 is missing important data.
Case number 1967.09.07.b is missing important data.
Case number 1967.09.07.a is too old for OpenMeteo.
Case number 1967.09.06 is missing important data.
Case number 1967.09.01 is missing important data.
Case number 1967.08.27 is too old for OpenMeteo.
Case number 1967.08.26 is too old for OpenMeteo.
Case number 1967.08.25 is missing important data.
Case number 1967.08.19 is too old for OpenMeteo.
Case number 1967.08.15 is too old for OpenMeteo.
Case number 1967.08.14.R is missing important data.
Case number 1967.08.10 is missing time data.
Case number 1967.08.07 is too old for OpenMeteo.
Case number 1967.08.00.b is missing time data.
parse error: time data '1967.08.00 04h00' does not match format '%Y.%m.%d %Hh%M'
Case number 1967.08.00.a has invalid time data.
Case number 1967.07.29 is missing time data.
Case number 1967.07.05 is too old for OpenMeteo.
Case number 1967.07.00 is missing important data.
Case number 1967.06.13 is too old for OpenMeteo.
Case number 1967.06.00 is missing important data.
Case number 1967.05.13 is missing time data.
Case number 1967.05.09 is missing time data.
Case number 1967.04.00 is missing important data.
Case number 1967.03.20 is missing time data.
Case number 1967.03.19 is too old for OpenMeteo.
Case number 1967.03.12 is too old for OpenMeteo.
Case number 1967.03.10 is missing important data.
Case number 1967.03.09 is too old for OpenMeteo.
Case number 1967.03.01 is missing important data.
Case number 1967.02.06 is too old for OpenMeteo.
Case number 1967.01.27 is missing important data.
Case number 1967.01.22 is missing important data.
Case number 1967.01.21 is missing important data.
Case number 1967.01.06 is missing important data.
Case number 1966.12.31 is missing important data.
Case number 1966.12.27.b is missing important data.
Case number 1966.12.27.a is missing important data.
Case number 1966.12.26 is missing time data.
Case number 1966.12.26 is missing important data.
Case number 1966.11.14 is missing important data.
Case number 1966.11.00 is missing important data.
Case number 1966.10.30 is missing time data.
Case number 1966.10.29 is too old for OpenMeteo.
Case number 1966.09.27 is too old for OpenMeteo.
Case number 1966.09.19 is missing important data.
Case number 1966.09.18 is missing important data.
Case number 1966.09.13 is missing time data.
Case number 1966.09.10 is too old for OpenMeteo.
Case number 1966.09.08.b is missing important data.
Case number 1966.09.00 is missing important data.
Case number 1966.08.28 is missing important data.
Case number 1966.08.27.b is missing important data.
Case number 1966.08.27.a is missing important data.
Case number 1966.08.21.b is missing time data.
Case number 1966.08.21.a is missing time data.
Case number 1966.08.16 is missing important data.
Case number 1966.08.14 is too old for OpenMeteo.
Case number 1966.08.13 is missing important data.
parse error: time data '1966.08.00 17h00' does not match format '%Y.%m.%d %Hh%M'
Case number 1966.08.00.b has invalid time data.
parse error: time data '1966.08.00 15h00' does not match format '%Y.%m.%d %Hh%M'
Case number 1966.08.00.a has invalid time data.
Case number 1966.07.31 is missing important data.
Case number 1966.07.19 is too old for OpenMeteo.
Case number 1966.07.17.b is too old for OpenMeteo.
Case number 1966.07.17.a is missing important data.
Case number 1966.07.14 is missing important data.
Case number 1966.07.03 is too old for OpenMeteo.
Case number 1966.07.02 is missing important data.
Case number 1966.06.22 is too old for OpenMeteo.
Case number 1966.06.11 is too old for OpenMeteo.
Case number 1966.06.04 is too old for OpenMeteo.
Case number 1966.06.02 is missing time data.
Case number 1966.05.20.c is missing time data.
Case number 1966.05.20.b is too old for OpenMeteo.
Case number 1966.05.20.a is missing time data.
Case number 1966.05.16.b is too old for OpenMeteo.
Case number 1966.05.16.a is missing important data.
Case number 1966.04.08 is missing important data.
Case number 1966.04.00 is missing important data.
Case number 1966.03.20 is missing important data.
Case number 1966.03.12 is missing important data.
Case number 1966.02.27 is too old for OpenMeteo.
Case number 1966.01.29 is missing time data.
Case number 1966.01.25 is missing important data.
Case number 1966.01.22 is too old for OpenMeteo.
Case number 1966.01.15 is missing important data.
Case number 1966.01.14 is missing important data.
Case number 1966.01.11 is too old for OpenMeteo.
Case number 1966.01.10 is missing important data.
Case number 1966.01.09 is too old for OpenMeteo.
Case number 1966.01.08 is too old for OpenMeteo.
Case number 1966.01.05 is too old for OpenMeteo.
Case number 1966.00.00 is missing time data.
Case number 1965.12.28 is missing important data.
Case number 1965.12.19 is missing important data.
Case number 1965.12.10 is too old for OpenMeteo.
Case number 1965.11.21.b is missing important data.
Case number 1965.11.21.a is too old for OpenMeteo.
Case number 1965.11.03.b is too old for OpenMeteo.
Case number 1965.11.03.a is too old for OpenMeteo.
Case number 1965.10.21 is missing important data.
Case number 1965.10.16.b is missing important data.
Case number 1965.10.16.a is missing important data.
Case number 1965.10.10 is missing important data.
Case number 1965.10.00 is missing important data.
Case number 1965.09.21 is missing important data.
Case number 1965.09.12 is too old for OpenMeteo.
Case number 1965.09.08 is too old for OpenMeteo.
Case number 1965.08.30 is missing important data.
Case number 1965.08.26 is too old for OpenMeteo.
Case number 1965.07.30 is missing important data.
Case number 1965.07.26 is too old for OpenMeteo.
Case number 1965.07.02.R is missing important data.
Case number 1965.06.19 is missing important data.
Case number 1965.06.18 is missing important data.
Case number 1965.06.09 is too old for OpenMeteo.
Case number 1965.06.00.b is missing important data.
Case number 1965.06.00 is missing important data.
Case number 1965.05.29 is too old for OpenMeteo.
Case number 1965.05.28 is missing important data.
Case number 1965.05.00.c is missing important data.
Case number 1965.05.00.b is missing important data.
Case number 1965.05.00.a is missing important data.
Case number 1965.04.29 is too old for OpenMeteo.
Case number 1965.04.25 is too old for OpenMeteo.
Case number 1965.04.10 is too old for OpenMeteo.
Case number 1965.04.04.b is too old for OpenMeteo.
Case number 1965.04.04.a is too old for OpenMeteo.
Case number 1965.03.23 is too old for OpenMeteo.
Case number 1965.03.14 is too old for OpenMeteo.
Case number 1965.02.14 is too old for OpenMeteo.
Case number 1965.02.04 is too old for OpenMeteo.
Case number 1965.01.25 is missing important data.
Case number 1965.01.23 is too old for OpenMeteo.
Case number 1965.01.16 is too old for OpenMeteo.
Case number 1965.01.10 is missing important data.
Case number 1965.01.09 is missing important data.
Case number 1965.00.00.g is missing important data.
Case number 1965.00.00.f is missing important data.
Case number 1965.00.00.e is missing important data.
Case number 1965.00.00.d is missing important data.
Case number 1965.00.00.c is missing important data.
Case number 1965.00.00.b is missing important data.
Case number 1965.00.00.a is missing important data.
Case number 1964.12.25 is too old for OpenMeteo.
Case number 1964.12.10.b is missing important data.
Case number 1964.12.10.a is too old for OpenMeteo.
Case number 1964.12.09 is missing time data.
Case number 1964.12.06 is missing important data.
Case number 1964.11.29 is too old for OpenMeteo.
Case number 1964.11.18 is too old for OpenMeteo.
Case number 1964.11.13 is missing important data.
Case number 1964.11.05 is missing important data.
Case number 1964.10.31 is missing important data.
Case number 1964.10.25 is missing time data.
Case number 1964.10.04 is too old for OpenMeteo.
Case number 1964.09.27 is missing important data.
Case number 1964.09.20 is too old for OpenMeteo.
Case number 1964.09.07 is too old for OpenMeteo.
Case number 1964.08.26 is too old for OpenMeteo.
Case number 1964.08.23 is too old for OpenMeteo.
Case number 1964.08.22 is too old for OpenMeteo.
Case number 1964.08.21 is too old for OpenMeteo.
Case number 1964.08.08 is too old for OpenMeteo.
Case number 1964.08.03 is missing important data.
Case number 1964.08.00 is missing important data.
Case number 1964.07.27 is missing important data.
Case number 1964.07.16 is missing important data.
Case number 1964.07.15 is missing important data.
Case number 1964.07.10 is missing important data.
Case number 1964.07.08 is missing important data.
Case number 1964.07.00.b is missing important data.
Case number 1964.07.00.a is missing important data.
Case number 1964.06.29.a is missing important data.
Case number 1964.06.28 is missing time data.
Case number 1964.06.24 is missing important data.
Case number 1964.06.17 is missing important data.
Case number 1964.06.23 is missing important data.
Case number 1964.06.02 is too old for OpenMeteo.
Case number 1964.05.30 is missing important data.
Case number 1964.05.08 is too old for OpenMeteo.
Case number 1964.05.00 is missing important data.
Case number 1964.04.07 is missing important data.
Case number 1964.03.28.b is missing important data.
Case number 1964.03.28.a is missing time data.
Case number 1964.03.05 is too old for OpenMeteo.
Case number 1964.03.00 is missing important data.
Case number 1964.02.17.R is missing important data.
Case number 1964.02.14.b is missing important data.
Case number 1964.02.14.a is too old for OpenMeteo.
Case number 1964.02.11 is too old for OpenMeteo.
Case number 1964.02.10 is too old for OpenMeteo.
Case number 1964.02.08 is too old for OpenMeteo.
Case number 1964.02.05.b is missing important data.
Case number 1964.02.05.a is too old for OpenMeteo.
Case number 1964.02.02 is too old for OpenMeteo.
Case number 1964.02.01 is too old for OpenMeteo.
Case number 1964.02.00.b is missing important data.
Case number 1964.02.00.a is missing important data.
Case number 1964.01.27 is missing important data.
Case number 1964.01.23 is too old for OpenMeteo.
Case number 1964.01.22 is too old for OpenMeteo.
Case number 1964.01.21 is too old for OpenMeteo.
Case number 1964.01.18 is missing important data.
Case number 1964.01.11 is too old for OpenMeteo.
Case number 1964.01.06.R is missing important data.
Case number 1964.01.04 is too old for OpenMeteo.
Case number 1964.01.01.b is missing important data.
Case number 1964.01.01.a is too old for OpenMeteo.
parse error: time data '1964.01.00 07h30' does not match format '%Y.%m.%d %Hh%M'
Case number 1964.01.00 has invalid time data.
Case number 1963.12.29 is too old for OpenMeteo.
Case number 1963.12.26.b is too old for OpenMeteo.
Case number 1963.12.26.a is missing time data.
Case number 1963.12.25 is too old for OpenMeteo.
Case number 1963.12.22.b is missing important data.
Case number 1963.12.22.a is too old for OpenMeteo.
Case number 1963.12.21 is missing important data.
Case number 1963.12.20.b is too old for OpenMeteo.
Case number 1963.12.20.a is too old for OpenMeteo.
Case number 1963.12.08 is too old for OpenMeteo.
Case number 1963.12.04.R is missing important data.
Case number 1963.11.30.b is too old for OpenMeteo.
Case number 1963.11.30.a is too old for OpenMeteo.
Case number 1963.11.28 is too old for OpenMeteo.
Case number 1963.11.25 is too old for OpenMeteo.
Case number 1963.11.16.R is missing important data.
Case number 1963.11.14 is missing important data.
Case number 1963.11.12 is too old for OpenMeteo.
Case number 1963.11.05.R is missing important data.
Case number 1963.11.04 is too old for OpenMeteo.
Case number 1963.10.16 is too old for OpenMeteo.
Case number 1963.10.15 is missing important data.
Case number 1963.09.29 is too old for OpenMeteo.
Case number 1963.09.26 is missing important data.
Case number 1963.09.22 is too old for OpenMeteo.
Case number 1963.09.13 is too old for OpenMeteo.
Case number 1963.09.10 is too old for OpenMeteo.
Case number 1963.08.00 is missing important data.
Case number 1963.07.28 is too old for OpenMeteo.
Case number 1963.07.15 is missing time data.
Case number 1963.07.11 is missing important data.
Case number 1963.07.10.R is missing important data.
Case number 1963.07.00 is missing important data.
Case number 1963.06.01.b is too old for OpenMeteo.
Case number 1963.06.01.a is missing time data.
Case number 1963.05.18 is missing important data.
Case number 1963.05.14 is missing important data.
Case number 1963.04.22 is missing important data.
Case number 1963.04.20 is too old for OpenMeteo.
Case number 1963.04.17 is too old for OpenMeteo.
Case number 1963.04.13 is missing important data.
Case number 1963.04.12 is too old for OpenMeteo.
Case number 1963.04.08 is missing important data.
Case number 1963.03.30 is missing important data.
Case number 1963.02.27 is too old for OpenMeteo.
Case number 1963.02.24 is missing time data.
Case number 1963.02.08 is too old for OpenMeteo.
Case number 1963.02.06 is missing important data.
Case number 1963.02.04 is missing important data.
Case number 1963.01.30 is missing important data.
Case number 1963.01.28 is too old for OpenMeteo.
Case number 1963.01.26 is too old for OpenMeteo.
Case number 1963.01.22 is missing important data.
Case number 1963.01.14 is missing time data.
Case number 1963.01.12 is missing important data.
Case number 1963.01.11 is too old for OpenMeteo.
Case number 1963.01.06 is too old for OpenMeteo.
Case number 1963.01.04 is missing important data.
Case number 1963.01.00 is missing important data.
Case number 1963.00.00.b is missing important data.
Case number 1963.00.00.a is missing important data.
Case number 1962.12.30 is too old for OpenMeteo.
Case number 1962.12.09 is too old for OpenMeteo.
Case number 1962.12.00 is missing important data.
Case number 1962.11.29 is missing important data.
Case number 1962.11.25 is missing important data.
Case number 1962.11.11 is too old for OpenMeteo.
Case number 1962.11.10 is missing important data.
parse error: time data '1962.11.00 06h00' does not match format '%Y.%m.%d %Hh%M'
Case number 1962.11.00 has invalid time data.
Case number 1962.10.28 is too old for OpenMeteo.
Case number 1962.10.25 is too old for OpenMeteo.
Case number 1962.10.15 is missing important data.
Case number 1962.10.14 is missing important data.
Case number 1962.10.06 is missing important data.
Case number 1962.10.00 is missing important data.
Case number 1962.09.30 is too old for OpenMeteo.
Case number 1962.09.22 is too old for OpenMeteo.
Case number 1962.09.13 is missing important data.
Case number 1962.09.02 is too old for OpenMeteo.
Case number 1962.08.31.R is missing important data.
Case number 1962,08.30.b is missing important data.
Case number 1962.08.30.a is missing time data.
Case number 1962.08.29 is too old for OpenMeteo.
Case number 1962.08.26 is missing important data.
Case number 1962.08.23 is too old for OpenMeteo.
Case number 1962.08.19 is too old for OpenMeteo.
Case number 1962.08.12 is too old for OpenMeteo.
Case number 1962.08.01 is too old for OpenMeteo.
Case number 1962.08.00.b is missing important data.
Case number 1962.08.00.a is missing important data.
Case number 1962.07.28 is missing important data.
Case number 1962.07.20 is missing time data.
Case number 1962.07.19 is too old for OpenMeteo.
Case number 1962.07.10 is too old for OpenMeteo.
Case number 1962.07.07 is too old for OpenMeteo.
Case number 1962.07.03.R is missing important data.
Case number 1962.06.25 is missing important data.
Case number 1962.06.21 is too old for OpenMeteo.
Case number 1962.06.17 is too old for OpenMeteo.
Case number 1962.06.11.b is missing time data.
Case number 1962.06.11.b is missing time data.
Case number 1962.06.11.a is missing time data.
Case number 1962.06.10.b is missing time data.
Case number 1962.06.10.a is too old for OpenMeteo.
Case number 1962.06.07 is too old for OpenMeteo.
Case number 1962.06.04 is too old for OpenMeteo.
Case number 1962.06.03 is too old for OpenMeteo.
Case number 1962.05.29 is missing important data.
Case number 1962.05.12 is too old for OpenMeteo.
Case number 1962.05.00.R is missing important data.
Case number 1962.04.20 is missing important data.
Case number 1962.04.09 is too old for OpenMeteo.
Case number 1962.04.07 is too old for OpenMeteo.
Case number 1962.04.05 is missing important data.
Case number 1962.03.25.b is missing important data.
Case number 1962.03.25.a is missing important data.
Case number 1962.03.24 is missing time data.
Case number 1962.02.23 is missing important data.
Case number 1962.02.18 is missing important data.
Case number 1962.02.15 is missing time data.
Case number 1962.02.07 is too old for OpenMeteo.
Case number 1962.02.05 is too old for OpenMeteo.
Case number 1962.02.04 is too old for OpenMeteo.
Case number 1962.02.02 is missing important data.
Case number 1962.02.00 is missing important data.
Case number 1962.01.27 is too old for OpenMeteo.
Case number 1962.01.26 is missing important data.
Case number 1962.01.21 is missing important data.
Case number 1962.01.18 is too old for OpenMeteo.
Case number 1962.01.16 is missing important data.
Case number 1962.01.15 is too old for OpenMeteo.
Case number 1962.01.14.c is too old for OpenMeteo.
Case number 1962.01.14.b is missing important data.
Case number 1962.01.14.a is too old for OpenMeteo.
Case number 1962.01.11.c is missing important data.
Case number 1962.01.11.b is too old for OpenMeteo.
Case number 1962.01.11.a is too old for OpenMeteo.
Case number 1962.01.10 is missing important data.
Case number 1962.01.08 is missing important data.
Case number 1962.01.07.b is missing important data.
Case number 1962.01.07.a is missing important data.
Case number 1962.01.06 is missing important data.
Case number 1962.01.02 is missing important data.
Case number 1962.01.01 is too old for OpenMeteo.
Case number 1962.00.00.c is missing important data.
Case number 1962.00.00.b is missing important data.
Case number 1962.00.00.a is missing important data.
Case number 1961.12.28.c is too old for OpenMeteo.
Case number 1961.12.28.b is too old for OpenMeteo.
Case number 1961.12.28.a is too old for OpenMeteo.
Case number 1961.12.27 is too old for OpenMeteo.
Case number 1961.12.19 is missing important data.
Case number 1961.12.18.b is too old for OpenMeteo.
Case number 1961.12.18.a is too old for OpenMeteo.
Case number 1961.12.13 is too old for OpenMeteo.
Case number 1961.11.14 is missing important data.
Case number 1961.10.27 is missing important data.
Case number 1961.10.09 is missing important data.
Case number 1961.10.00.b is missing important data.
Case number 1961.10.00.a is missing important data.
Case number 1961.09.26 is too old for OpenMeteo.
Case number 1961.09.24.b is missing time data.
Case number 1961.09.24.a is too old for OpenMeteo.
Case number 1961.09.23 is missing important data.
Case number 1961.09.07 is too old for OpenMeteo.
Case number 1961.09.02.R is missing important data.
Case number 1961.09.06 is missing important data.
Case number 1961.08.20 is too old for OpenMeteo.
Case number 1961.08.16 is too old for OpenMeteo.
Case number 1961.08.04 is too old for OpenMeteo.
Case number 1961.08.02 is too old for OpenMeteo.
Case number 1961.08.01 is missing important data.
Case number 1961.07.29 is too old for OpenMeteo.
Case number 1961.07.16 is missing important data.
Case number 1961.07.07.b is missing important data.
parse error: time data '1961.07.00 14h00' does not match format '%Y.%m.%d %Hh%M'
Case number 1961.07.00.b has invalid time data.
Case number 1961.07.00.a is missing important data.
Case number 1961.06.24 is too old for OpenMeteo.
Case number 1961.06.18 is missing time data.
Case number 1961.06.06.R is missing important data.
Case number 1961.06.02 is missing important data.
Case number 1961.06.01 is missing important data.
Case number 1961.05.21 is too old for OpenMeteo.
Case number 1961.05.17 is missing important data.
Case number 1961.05.15 is too old for OpenMeteo.
Case number 1961.05.07 is missing important data.
Case number 1961.04.30 is too old for OpenMeteo.
Case number 1961.04.25 is too old for OpenMeteo.
Case number 1961.04.21 is too old for OpenMeteo.
Case number 1961.04.17 is missing important data.
Case number 1961.04.16.b is missing important data.
Case number 1961.04.16.a is missing important data.
Case number 1961.04.14 is missing time data.
Case number 1961.04.09 is too old for OpenMeteo.
Case number 1961.04.08 is missing important data.
Case number 1961.04.03 is missing important data.
Case number 1961.04.00 is missing important data.
Case number 1961.03.30 is missing important data.
Case number 1961.03.18 is missing time data.
Case number 1961.03.14 is missing important data.
Case number 1961.03.12 is too old for OpenMeteo.
Case number 1961.03.09 is too old for OpenMeteo.
Case number 1961.03.07 is missing important data.
parse error: time data '1961.03.00 11h00' does not match format '%Y.%m.%d %Hh%M'
Case number 1961.03.00 has invalid time data.
Case number 1961.02.17.b is missing important data.
Case number 1961.02.17.a is too old for OpenMeteo.
Case number 1961.02.16 is missing important data.
Case number 1961.02.12 is missing time data.
Case number 1961.02.01.b is too old for OpenMeteo.
Case number 1961.02.01.a is missing important data.
Case number 1961.02.00 is missing important data.
Case number 1961.01.25 is missing important data.
Case number 1961.01.22 is too old for OpenMeteo.
Case number 1961.01.15 is missing time data.
Case number 1961.01.06.c is too old for OpenMeteo.
Case number 1961.01.06.b is missing important data.
Case number 1961.01.06.a is missing important data.
Case number None is missing important data.
Case number 1961.01.03.b is too old for OpenMeteo.
Case number 1961.01.03.a is missing important data.
Case number 1961.01.02.R is missing important data.
Case number 1961.00.00.e is missing important data.
Case number 1961.01.01 is missing important data.
Case number 1961.00.00.d is missing important data.
Case number 1961.00.00.b is missing important data.
Case number 1961.00.00.a is missing important data.
Case number 1960.12.27.b is missing important data.
Case number 1960.12.27.a. is missing important data.
Case number 1960.12.24 is too old for OpenMeteo.
Case number 1960.12.20 is too old for OpenMeteo.
Case number 1960.12.01 is missing important data.
Case number 1960.11.27 is too old for OpenMeteo.
Case number 1960.11.22 is missing important data.
Case number 1960.11.11 is too old for OpenMeteo.
Case number 1960.11.06 is missing important data.
Case number 1960.11.00.d is missing important data.
Case number 1960.11.00.c is missing important data.
Case number 1960.11.00.b is missing important data.
Case number 1960.10.25 is too old for OpenMeteo.
Case number 1960.10.24 is missing important data.
Case number 1960.10.02 is missing important data.
Case number 1960.10.00.e is missing important data.
Case number 1960.10.00.d is missing important data.
Case number 1960.10.00.c is missing important data.
Case number 1960.10.00.b is missing important data.
Case number 1960.10.00.a is missing important data.
Case number 1960.09.24 is missing important data.
Case number 1960.09.22 is missing important data.
Case number 1960.09.18 is missing important data.
Case number 1960.09.02 is too old for OpenMeteo.
Case number 1960.09.01 is too old for OpenMeteo.
Case number 1960.08.30 is too old for OpenMeteo.
Case number 1960.08.29 is missing important data.
Case number 1960.08.25 is missing important data.
Case number 1960.08.24 is too old for OpenMeteo.
Case number 1960.08.22.R. is missing important data.
Case number 1960.08.22 is missing important data.
Case number 1960.08.21 is too old for OpenMeteo.
Case number 1960.08.14 is missing important data.
Case number 1960.08.10 is too old for OpenMeteo.
Case number 1960.08.04.b is missing important data.
Case number 1960.08.04.a is missing important data.
Case number 1960.08.00 is missing important data.
Case number 1960.07.27 is missing time data.
Case number 1960.07.05 is missing important data.
Case number 1960.07.03 is too old for OpenMeteo.
Case number 1960.07.02.a is missing important data.
Case number 1960.06.29 is too old for OpenMeteo.
Case number 1960.06.27.b is missing important data.
Case number 1960.06.27.a is missing important data.
Case number 1960.06.24 is too old for OpenMeteo.
Case number 1960.06.07 is missing important data.
Case number 1960.06.05 is missing important data.
Case number 1960.06.04 is too old for OpenMeteo.
Case number 1960.05.29 is too old for OpenMeteo.
Case number 1960.05.24 is too old for OpenMeteo.
Case number 1960.05.19 is too old for OpenMeteo.
Case number 1960.05.16 is missing important data.
Case number 1960.05.01 is missing important data.
Case number 1960.04.30 is too old for OpenMeteo.
Case number 1960.04.24 is too old for OpenMeteo.
Case number 1960.04.22 is missing important data.
Case number 1960.04.20.R is missing important data.
Case number 1960.04.14 is too old for OpenMeteo.
Case number 1960.04.12 is missing time data.
Case number 1960.04.10 is missing important data.
Case number 1960.04.03.b is missing important data.
Case number 1960.04.03.a is too old for OpenMeteo.
Case number 1960.04.01 is missing important data.
Case number 1960.04.00.c is missing important data.
Case number 1960.04.00.b is missing important data.
Case number 1960.04.00.a is missing important data.
Case number 1960.03.31 is too old for OpenMeteo.
Case number 1960.03.28 is missing important data.
Case number 1960.02.29 is missing time data.
Case number 1960.02.27.b is missing important data.
Case number 1960.02.27.a is too old for OpenMeteo.
Case number 1960.02.24 is missing important data.
Case number 1960.02.19 is missing important data.
Case number 1960.02.10. is missing important data.
Case number 1960.02.07 is missing important data.
Case number 1960.02.03 is too old for OpenMeteo.
Case number 1960.01.30 is missing important data.
Case number 1960.01.26 is missing important data.
Case number 1960.01.21 is missing important data.
Case number 1960.01.16 is too old for OpenMeteo.
Case number 1960.01.13 is missing time data.
Case number 1960.01.07 is too old for OpenMeteo.
Case number 1960.01.01 is missing important data.
Case number 1960.00.00.j is missing time data.
Case number 1960.00.00.i is missing important data.
Case number 1960.00.00.h is missing important data.
Case number 1960.00.00.g is missing important data.
Case number 1960.00.00.f is missing important data.
Case number 1960.00.00.e is missing important data.
Case number 1960.00.00.d is missing important data.
Case number 1960.00.00.c is missing important data.
Case number 1960.00.00.b is missing important data.
parse error: time data '1960.00.00 11h00' does not match format '%Y.%m.%d %Hh%M'
Case number 1960.00.00.a has invalid time data.
Case number 1959.12.29 is missing time data.
Case number 1959.12.28 is missing time data.
Case number 1959.12.26 is missing important data.
Case number 1959.12.19.b is too old for OpenMeteo.
Case number 1959.12.19.a is too old for OpenMeteo.
Case number 1959.12.11 is missing important data.
Case number 1959.12.07 is missing important data.
Case number 1959.12.03 is too old for OpenMeteo.
Case number 1959.12.00 is missing important data.
Case number 1959.11.29 is too old for OpenMeteo.
Case number 1959.11.28 is too old for OpenMeteo.
Case number 1959.11.22 is too old for OpenMeteo.
Case number 1959.11.16 is too old for OpenMeteo.
Case number 1959.11.15 is missing important data.
Case number 1959.11.12.R is missing important data.
Case number 1959.11.10 is too old for OpenMeteo.
Case number 1959.11.09 is missing important data.
Case number 1959.11.01 is missing important data.
Case number 1959.10.07 is missing important data.
Case number 1959.10.05 is missing important data.
Case number 1959.10.04 is too old for OpenMeteo.
Case number 1959.10.02 is missing important data.
parse error: time data '1959.10.00 12h00' does not match format '%Y.%m.%d %Hh%M'
Case number 1959.10.00 has invalid time data.
Case number 1959.09.30 is missing important data.
Case number 1959.09.27 is missing important data.
Case number 1959.09.26.b is too old for OpenMeteo.
Case number 1959.09.26.a is missing time data.
Case number 1959.09.11 is too old for OpenMeteo.
Case number 1959.09.10.R is missing important data.
Case number 1959.09.02 is missing important data.
Case number 1959.09.00 is missing important data.
Case number 1959.08.31.R is missing important data.
Case number 1959.08.30 is missing important data.
Case number 1959.08.25 is missing important data.
Case number 1959.08.20 is too old for OpenMeteo.
Case number 1959.08.15.b is missing important data.
Case number 1959.08.15.a is missing important data.
Case number 1959.08.14.b is missing important data.
Case number 1959.08.14.a is missing time data.
Case number 1959.08.13 is missing important data.
Case number 1959.08.12 is missing important data.
Case number 1959.08.11 is too old for OpenMeteo.
Case number 1959.08.10 is too old for OpenMeteo.
Case number 1959.08.05 is missing important data.
Case number 1959.08.02 is missing important data.
Case number 1959.07.30 is too old for OpenMeteo.
Case number 1959.07.28 is too old for OpenMeteo.
Case number 1959.07.25.b is too old for OpenMeteo.
Case number 1959.07.25.a is missing important data.
Case number 1959.07.23.b is missing important data.
Case number 1959.07.23.a is missing important data.
Case number 1959.07.03.a & b is missing important data.
Case number 1959.07.02 is missing important data.
Case number 1959.07.00.b is missing important data.
Case number 1959.07.00.a is missing time data.
Case number 1959.06.26.R is missing important data.
Case number 1959.06.14.b is missing important data.
Case number 1959.06.14.a is too old for OpenMeteo.
Case number 1959.06.13 is missing important data.
Case number 1959.05.30 is missing important data.
Case number 1959.05.16 is missing important data.
Case number 1959.05.07 is too old for OpenMeteo.
Case number 1959.05.03 is too old for OpenMeteo.
Case number 1959.05.00 is missing important data.
Case number 1959.04.27 is missing important data.
Case number 1959.04.11 is missing important data.
Case number 1959.04.09.b is missing important data.
Case number 1959.04.09..a is missing important data.
Case number 1959.04.05 is missing important data.
Case number 1959.03.29 is too old for OpenMeteo.
Case number 1959.03.08 is missing important data.
Case number 1959.03.00 is missing important data.
Case number 1959.02.28 is missing important data.
Case number 1959.02.27 is missing important data.
Case number 1959.02.06 is missing important data.
Case number 1959.02.02 is too old for OpenMeteo.
Case number 1959.02.01 is too old for OpenMeteo.
Case number 1959.01.31 is missing time data.
Case number 1959.01.27 is missing important data.
Case number 1959.01.25 is missing important data.
Case number 1959.01.17.b is too old for OpenMeteo.
Case number 1959.01.17.a is too old for OpenMeteo.
Case number 1959.01.15 is too old for OpenMeteo.
Case number 1959.01.12 is missing important data.
Case number 1959.01.02 is too old for OpenMeteo.
Case number 1959.01.00 is missing important data.
Case number 1959.00.00.g is missing important data.
Case number 1959.00.00.f is missing important data.
Case number 1959.00.00.e is missing important data.
Case number 1959.00.00.d is missing important data.
Case number 1959.00.00.c is missing important data.
Case number 1959.00.00.b is missing important data.
Case number 1959.00.00.a is missing important data.
Case number 1958.12.28 is missing important data.
Case number 1958.12.27 is missing important data.
Case number 1958.12.23 is missing important data.
Case number 1958.12.13 is too old for OpenMeteo.
Case number 1958.12.12 is too old for OpenMeteo.
Case number 1958.11.23 is too old for OpenMeteo.
Case number 1958.11.14 is missing important data.
Case number 1958.11.07.R is missing important data.
Case number 1958.11.05 is missing important data.
Case number 1958.10.12 is missing important data.
Case number 1958.10.05 is missing important data.
Case number 1958.10.00.b is missing important data.
Case number 1958.10.00.a is missing important data.
Case number 1958.09.13 is missing important data.
Case number 1958.09.06 is missing time data.
Case number 1958.09.01 is missing important data.
Case number 1958.08.31 is too old for OpenMeteo.
Case number 1958.08.01 is too old for OpenMeteo.
Case number 1958.07.31.R is missing important data.
Case number 1958.07.27.b is too old for OpenMeteo.
Case number 1958.07.27.a is too old for OpenMeteo.
Case number 1958.07.10 is missing important data.
Case number 1958.07.08 is missing time data.
Case number 1958.07.04.b is too old for OpenMeteo.
Case number 1958.07.04.a is too old for OpenMeteo.
Case number 1958.07.02 is too old for OpenMeteo.
Case number 1958.07.01 is missing important data.
parse error: time data '1958.07.00 12h00' does not match format '%Y.%m.%d %Hh%M'
Case number 1958.07.00.b has invalid time data.
Case number 1958.07.00.a is missing important data.
Case number 1958.06.26 is too old for OpenMeteo.
Case number 1958.06.24 is too old for OpenMeteo.
Case number 1958.06.17 is missing important data.
Case number 1958.06.15 is missing important data.
Case number 1958.06.02.R is missing important data.
Case number 1958.04.30 is missing important data.
Case number 1958.04.19 is too old for OpenMeteo.
Case number 1958.04.05 is too old for OpenMeteo.
Case number 1958.04.03 is too old for OpenMeteo.
Case number 1958.04.00 is missing important data.
Case number 1958.02.19 is missing important data.
Case number 1958.02.01 is missing important data.
Case number 1958.01.27 is missing important data.
Case number 1958.01.19 is too old for OpenMeteo.
Case number 1958.01.09.R is missing important data.
Case number 1958.01.09 is too old for OpenMeteo.
Case number 1958.00.00.j is missing important data.
Case number 1958.00.00.i is missing important data.
Case number 1958.00.00.h is missing important data.
Case number 1958.00.00.f is missing important data.
Case number 1958.00.00.e is missing important data.
Case number 1958.00.00.d is missing important data.
Case number 1958.00.00.c is missing important data.
Case number 1958.00.00.b is missing important data.
Case number 1958.00.00.a is missing important data.
Case number 1957.12.31 is missing important data.
Case number 1957.12.30 is too old for OpenMeteo.
Case number 1957.12.26 is too old for OpenMeteo.
Case number 1957.12.23 is too old for OpenMeteo.
Case number 1957.12.20 is too old for OpenMeteo.
Case number 1957.12.18 is too old for OpenMeteo.
Case number 1957.11.08 is missing important data.
Case number 1957.11.04.R is missing important data.
Case number 1957.10.24 is too old for OpenMeteo.
Case number 1957.10.23 is too old for OpenMeteo.
Case number 1957.09.02 is missing important data.
Case number 1957.08.00 is missing important data.
Case number 1957.07.24 is missing important data.
Case number 1957.07.15 is too old for OpenMeteo.
Case number 1957.07.09 is missing important data.
Case number 1957.06.21 is missing important data.
Case number 1957.05.11 is too old for OpenMeteo.
Case number 1957.05.07 is missing important data.
Case number 1957.05.00 is missing important data.
Case number 1957.04.28 is too old for OpenMeteo.
Case number 1957.04.23 is missing important data.
Case number 1957.04.22 is too old for OpenMeteo.
Case number 1957.04.13 is too old for OpenMeteo.
Case number 1957.04.07.b is missing important data.
Case number 1957.04.07.a is missing important data.
Case number 1957.02.24 is missing important data.
Case number 1957.02.05 is too old for OpenMeteo.
Case number 1957.02.02 is missing important data.
Case number 1957.02.00 is missing important data.
Case number 1957.01.05 is missing important data.
Case number 1957.00.00.k is missing important data.
Case number 1957.00.00.j is missing important data.
Case number 1957.00.00.i is missing important data.
Case number 1957.00.00.h is missing important data.
Case number 1957.00.00.g is missing important data.
Case number 1957.00.00.f is missing important data.
Case number 1957.00.00.e is missing important data.
Case number 1957.00.00.d is missing important data.
Case number 1957.00.00.b is missing important data.
Case number 1957.00.00.c is missing important data.
Case number 1957.00.00.a is missing important data.
Case number 1956.12.26 is too old for OpenMeteo.
Case number 1956.12.24 is too old for OpenMeteo.
Case number 1956.12.15.R is missing important data.
Case number 1956.12.09 is missing important data.
Case number 1956.10.27 is missing important data.
Case number 1956.10.20 is missing important data.
Case number 1956.10.07 is too old for OpenMeteo.
Case number 1956.10.00 is missing important data.
Case number 1956.09.23 is missing important data.
Case number 1956.09.13 is missing important data.
Case number 1956.09.00.b is missing important data.
Case number 1956.09.00.a is missing important data.
Case number 1956.08.25 is missing important data.
Case number 1956.08.20 is missing important data.
Case number 1956.08.15.R is missing important data.
Case number 1956.08.15.b is missing important data.
Case number 1956.08.15.a is too old for OpenMeteo.
Case number 1956.08.01 is missing time data.
Case number 1956.08.00.e is missing important data.
Case number 1956.08.00.d is missing important data.
Case number 1956.08.00.c is missing important data.
Case number 1956.08.00.b is missing important data.
Case number 1956.08.00.a is missing important data.
Case number 1956.07.28 is too old for OpenMeteo.
Case number 1956.07.26 is missing important data.
Case number 1956.07.20 is missing important data.
Case number 1956.07.17 is too old for OpenMeteo.
Case number 1956.07.12 is too old for OpenMeteo.
Case number 1956.06.28 is missing important data.
Case number 1956.06.22 is missing important data.
Case number 1956.06.20 is missing important data.
Case number 1956.05.26.R is missing important data.
Case number 1956.05.07 is missing important data.
Case number 1956.05.00 is missing important data.
Case number 1956.03.25 is missing important data.
Case number 1956.03.11 is missing important data.
Case number 1956.03.04 is too old for OpenMeteo.
Case number 1956.03.00.b is missing important data.
Case number 1956.02.26 is too old for OpenMeteo.
Case number 1956.02.10.R is missing important data.
Case number 1956.01.16.R is missing important data.
Case number 1956.01.16 is missing important data.
Case number 1956.01.05 is missing important data.
Case number 1956.00.00.h is missing important data.
Case number 1956.00.00.g is missing important data.
Case number 1956.00.00.f is missing important data.
Case number 1956.00.00.e is missing important data.
Case number 1956.00.00.d is missing important data.
Case number 1956.00.00.c is missing important data.
Case number 1956.00.00.b is missing important data.
Case number 1956.00.00.a is missing important data.
Case number 1955.12.31 is missing important data.
Case number 1955.12.11 is missing important data.
Case number 1955.11.16 is too old for OpenMeteo.
Case number 1955.11.00 is missing important data.
Case number 1955.10.16 is missing important data.
Case number 1955.09.23.b is missing important data.
Case number 1955.09.23.a is missing important data.
Case number 1955.09.20 is too old for OpenMeteo.
Case number 1955.09.04 is missing important data.
Case number 1955.09.03 is missing important data.
Case number 1955.08.30.b is missing important data.
Case number 1955.08.30.a is missing important data.
Case number 1955.08.26 is missing important data.
Case number 1955.08.08 is missing time data.
Case number 1955.08.04.R is missing important data.
Case number 1955.08.00.c is missing important data.
Case number 1955.08.00.a is missing important data.
Case number 1955.07.25 is too old for OpenMeteo.
Case number 1955.07.23 is missing important data.
Case number 1955.07.15 is missing important data.
Case number 1955.07.07 is missing important data.
Case number 1955.05.08 is missing important data.
Case number 1955.05.00 is missing time data.
Case number 1955.04.13.R is missing important data.
Case number 1955.04.12 is missing important data.
Case number 1955.04.00 is missing important data.
Case number 1955.03.09 is too old for OpenMeteo.
Case number 1955.03.00.b is missing important data.
parse error: time data '1955.03.00 11h55' does not match format '%Y.%m.%d %Hh%M'
Case number 1955.03.00.a has invalid time data.
Case number 1955.02.10 is missing important data.
Case number 1955.02.06 is too old for OpenMeteo.
Case number 1955.02.05 is too old for OpenMeteo.
Case number 1955.02.04 is missing important data.
Case number 1955.02.01. is missing important data.
Case number 1955.02.00 is missing important data.
Case number 1955.01.17 is too old for OpenMeteo.
Case number 1955.01.15 is missing time data.
Case number 1955.00.00.f is missing important data.
Case number 1955.00.00.d is missing important data.
Case number 1955.00.00.e is missing important data.
Case number 1955.00.00.c is missing important data.
Case number 1955.00.00.b is missing important data.
Case number 1955.00.00.a is missing important data.
Case number 1954.12.29 is missing important data.
Case number 1954.12.11 is too old for OpenMeteo.
Case number 1954.12.09 is too old for OpenMeteo.
Case number 1954.12.04 is too old for OpenMeteo.
Case number 1954.11.20 is too old for OpenMeteo.
Case number 1954.10.07 is missing important data.
Case number 1954.10.06 is missing important data.
Case number 1954.10.02.b is missing important data.
Case number 1954.10.02.a is missing important data.
Case number 1954.09.21 is missing important data.
Case number 1954.09.15 is missing important data.
Case number 1954.09.04 is missing important data.
Case number 1954.08.19 is missing important data.
Case number 1954.08.14 is missing important data.
Case number 1954.08.12.b is missing important data.
Case number 1954.08.12.a is missing important data.
Case number 1954.08.10 is too old for OpenMeteo.
Case number 1954.07.30 is missing important data.
Case number 1954.07.28 is missing important data.
Case number 1954.07.27 is missing time data.
Case number 1954.07.15 is too old for OpenMeteo.
Case number 1954.07.10 is too old for OpenMeteo.
Case number 1954.07.04.R is missing important data.
Case number 1954.07.03 is missing important data.
Case number 1954.07.02.R is missing important data.
Case number 1954.07.01.R is missing important data.
Case number 1954.06.29 is missing important data.
Case number 1954.06.27 is too old for OpenMeteo.
Case number 1954.06.00 is missing important data.
Case number 1954.05.26.R is missing important data.
Case number 1954.05.00 is missing important data.
Case number 1954.04.08 is missing important data.
Case number 1954.04.00 is missing important data.
Case number 1954.02.27 is too old for OpenMeteo.
Case number 1954.01.30 is missing important data.
Case number 1954.01.22.b is missing important data.
Case number 1954.01.22.a is too old for OpenMeteo.
Case number 1954.01.15 is missing time data.
Case number 1954.00.00.e is missing important data.
Case number 1954.00.00.d is missing important data.
Case number 1954.00.00.c is missing important data.
Case number 1954.00.00.b is missing important data.
Case number 1954.00.00.a is missing important data.
Case number 1954.00.00 g is missing important data.
Case number 1954.00.00 f is missing important data.
Case number 1953.12.30 is missing time data.
Case number 1953.12.22 is missing important data.
Case number 1953.12.13 is too old for OpenMeteo.
Case number 1953.12.00 is missing important data.
Case number 1953.10.00 is missing important data.
Case number 1953.09.27 is missing important data.
Case number 1953.09.20.R is missing important data.
Case number 1953.09.18 is missing important data.
Case number 1953.09.03.R is missing important data.
Case number 1953.09.02 is missing important data.
parse error: time data '1953.08.00 17h30' does not match format '%Y.%m.%d %Hh%M'
Case number 1953.08.00 has invalid time data.
Case number 1953.07.31 is missing important data.
Case number 1953.07.26 is too old for OpenMeteo.
Case number 1953.07.16 is missing important data.
Case number 1953.07.15 is missing important data.
Case number 1953.07.11 is missing important data.
Case number 1953.07.09 is missing important data.
Case number 1953.07.04 is too old for OpenMeteo.
Case number 1953.07.00 is missing important data.
Case number 1953.06.00 is missing important data.
Case number 1953.04.07 is missing important data.
Case number 1953.04.04 is missing time data.
Case number 1953.04.00.b is missing important data.
Case number 1953.04.00.a is missing important data.
Case number 1953.03.22 is missing important data.
Case number 1953.03.19.R is missing important data.
Case number 1953.03.00.c is missing important data.
Case number 1953.03.00.a is missing important data.
Case number 1953.02.18 is missing important data.
Case number 1953.02.15 is too old for OpenMeteo.
Case number 1953.02.00 is missing important data.
Case number 1953.01.20 is missing important data.
Case number 1953.01.08 is missing time data.
Case number 1953.00.00.c is missing important data.
Case number 1953.00.00.b is missing important data.
Case number 1953.00.00.a is missing important data.
Case number 1952.12.24 is missing important data.
Case number 1952.12.21 is missing time data.
Case number 1952.12.14 is missing important data.
Case number 1952.08.04 is missing important data.
Case number 1952.08.03 is missing important data.
Case number 1952.12.07 is too old for OpenMeteo.
Case number 1952.12.03 is missing important data.
Case number 1952.10.12 is missing important data.
Case number 1952.08.06 is missing important data.
Case number 1952.08.05 is too old for OpenMeteo.
Case number 1952.07.27.d is missing important data.
Case number 1952.07.27.c is missing important data.
Case number 1952.07.27.b is missing important data.
Case number 1952.07.27.a is missing important data.
Case number 1952.07.13 is missing important data.
Case number 1952.07.05 is too old for OpenMeteo.
Case number 1952.05.27 is too old for OpenMeteo.
Case number 1952.05.07.R is missing important data.
Case number 1952.05.00 is missing important data.
Case number 1952.04.06 is missing time data.
Case number 1952.04.00 is missing time data.
Case number 1952.03.30 is missing important data.
Case number 1952.01.23 is missing important data.
Case number 1952.01.07 is missing important data.
Case number 1952.00.00.e is missing important data.
Case number 1952.00.00.d is missing important data.
Case number 1952.00.00.c is missing important data.
Case number 1952.00.00.b is missing important data.
Case number 1952.00.00.a is missing important data.
Case number 1951.12.21 is missing important data.
Case number 1951.12.16 is missing important data.
Case number 1851.12.15.R is missing important data.
Case number 1951.12.06 is too old for OpenMeteo.
Case number 1951.11.29 is too old for OpenMeteo.
Case number 1951.11.28.b is missing important data.
Case number 1951.11.28.a is too old for OpenMeteo.
Case number 1951.11.23.R is missing important data.
Case number 1951.10.22 is too old for OpenMeteo.
Case number 1951.10.05 is missing important data.
Case number 1951.09.29 is missing important data.
Case number 1951.09.03.R is missing time data.
Case number 1951.09.02-R is missing important data.
Case number 1951.08.17.b is missing important data.
Case number 1951.08.17.a is missing important data.
Case number 1951.08.16.R is missing important data.
Case number 1951.08.00 is missing important data.
Case number 1951.07.19.R is missing important data.
Case number 1951.07.11 is missing time data.
Case number 1951.06.25 is missing important data.
parse error: time data '1951.06.00 11h00' does not match format '%Y.%m.%d %Hh%M'
Case number 1951.06.00 has invalid time data.
Case number 1951.05.22 is missing important data.
Case number 1951.05.09.R is missing important data.
Case number 1951.03.26 is missing time data.
Case number 1951.03.24 is missing important data.
Case number 1951.03.15 is too old for OpenMeteo.
Case number 1951.02.19 is too old for OpenMeteo.
Case number 1951.02.03 is missing important data.
Case number 1951.02.01 is missing important data.
Case number 1951.01.21 is too old for OpenMeteo.
Case number 1951.01.03 is missing important data.
Case number 1951.00.00 is missing important data.
Case number 1950.12.31 is missing important data.
Case number 1950.12.19.R is missing important data.
Case number 1950.12.16 is too old for OpenMeteo.
Case number 1950.11.29 is missing important data.
Case number 1950.11.25 is too old for OpenMeteo.
Case number 1950.11.12 is missing important data.
Case number 1950.10.08 is too old for OpenMeteo.
Case number 1950.10.04 is missing time data.
Case number 1950.08.06 is too old for OpenMeteo.
Case number 1950.08.00 is missing time data.
Case number 1950.07.27.R is missing important data.
Case number 1950.07.21 is missing time data.
Case number 1950.07.19 is missing important data.
Case number 1950.07.14 is missing important data.
Case number 1950.07.10 is missing important data.
Case number 1950.07.09 is missing important data.
Case number 1950.07.00 is missing important data.
Case number 1950.06.25 is missing important data.
Case number 1950.06.06 is too old for OpenMeteo.
Case number 1950.05.24 is too old for OpenMeteo.
Case number 1950.05.01 is missing important data.
Case number 1950.04.09.b is missing important data.
Case number 1950.04.09.a is missing important data.
Case number 1950.03.26 is missing time data.
Case number 1950.03.08 is too old for OpenMeteo.
Case number 1950.03.01 is missing important data.
Case number 1950.02.18.R is missing important data.
Case number 1950.02.11 is too old for OpenMeteo.
Case number 1950.01.16 is missing time data.
Case number 1950.01.12.R is missing important data.
Case number 1950.00.00.m is missing important data.
Case number 1950.00.00.l is missing important data.
Case number 1950.00.00.k is missing important data.
Case number 1950.00.00.j is missing important data.
Case number 1950.00.00.i is missing time data.
Case number 1950.00.00.h is missing important data.
Case number 1950.00.00.g is missing important data.
parse error: time data '1950.00.00 13h00' does not match format '%Y.%m.%d %Hh%M'
Case number 1950.00.00.f has invalid time data.
Case number 1950.00.00.e is missing important data.
Case number 1950.00.00.d is missing important data.
Case number 1950.00.00.c is missing important data.
Case number 1950.00.00.b is missing important data.
Case number 1950.00.00.a is missing important data.
Case number 1949.12.00.b is missing important data.
Case number 1949.12.00.a is missing important data.
Case number 1949.11.20 is missing time data.
Case number 1949.11.12 is missing important data.
Case number 1949.08.28.b is too old for OpenMeteo.
Case number 1949.08.28.a is too old for OpenMeteo.
Case number 1949.08.17 is missing important data.
Case number 1949.08.16 is too old for OpenMeteo.
Case number 1949.08.10.R is missing important data.
Case number 1949.07.29 is missing important data.
Case number 1949.07.28 is missing important data.
Case number 1949.07.25 is too old for OpenMeteo.
Case number 1949.07.16 is missing important data.
Case number 1949.06.13 is missing important data.
Case number 1949.05.16 is missing important data.
Case number 1949.05.13 is missing important data.
Case number 1949.04.18 is missing important data.
Case number 1949.04.17 is too old for OpenMeteo.
Case number 1949.04.13 is missing important data.
Case number 1949.03.00 is missing important data.
Case number 1949.01.23 is too old for OpenMeteo.
Case number 1949.01.14 is missing time data.
Case number 1949.01.13 is missing important data.
Case number 1949.01.05 is missing important data.
Case number 1949.00.00.g is missing important data.
Case number 1949.00.00.f is missing important data.
Case number 1949.00.00.e is missing important data.
Case number 1949.00.00.d is missing important data.
Case number 1949.00.00.c is missing important data.
Case number 1949.00.00.b is missing important data.
Case number 1949.00.00.a is missing important data.
Case number 1948.12.27 is missing important data.
Case number 1948.12.26 is too old for OpenMeteo.
Case number 1948.12.14.b is missing important data.
Case number 1948.12.14.a is missing important data.
Case number 1948.12.10 is missing important data.
Case number 1948.12.05 is missing time data.
Case number 1948.11.18 is missing important data.
Case number 1948.09.22 is too old for OpenMeteo.
Case number 1948.09.19.b is missing important data.
Case number 1948.09.19.a is missing important data.
Case number 1948.09.17.R is missing important data.
Case number 1948.09.15 is missing important data.
Case number 1948.09.02 is missing important data.
Case number 1948.08.19 is missing important data.
Case number 1948.08.03 is missing important data.
Case number 1948.08.00 is missing important data.
Case number 1948.07.01 is missing important data.
Case number 1948.06.06.R is missing important data.
Case number 1948.05.10 is missing important data.
Case number 1948.04.10 is missing important data.
Case number 1948.03.13.R is missing important data.
Case number 1948.03.11 is missing important data.
Case number 1948.03.00 is missing important data.
Case number 1948.02.13 is missing important data.
Case number 1948.02.12 is missing important data.
Case number 1948.01.25 is missing important data.
Case number 1948.00.00.d is missing time data.
Case number 1948.00.00.c is missing important data.
Case number 1948.00.00.b is missing important data.
Case number 1948.00.00.a is missing important data.
Case number 1947.12.21 is missing time data.
Case number 1947.12.15.R is missing important data.
parse error: time data '1947.12.00 11h00' does not match format '%Y.%m.%d %Hh%M'
Case number 1947.12.00 has invalid time data.
Case number 1947.11.23 is missing important data.
Case number 1947.11.14.b is missing time data.
Case number 1947.11.14.a is missing time data.
Case number 1947.11.08.b is too old for OpenMeteo.
Case number 1947.11.08.a is too old for OpenMeteo.
Case number 1947.11.00 is missing important data.
Case number 1947.10.28 is missing important data.
Case number 1947.10.10 is missing important data.
Case number 1947.08.04 is missing time data.
Case number 1947.07.27.R is missing important data.
Case number 1947.07.24.R is missing important data.
Case number 1947.07.15 is missing time data.
Case number 1947.07.00 is missing important data.
Case number 1947.06.27 is too old for OpenMeteo.
Case number 1947.06.16 is missing important data.
Case number 1947.05.13.R is missing important data.
Case number 1947.04.20 is too old for OpenMeteo.
Case number 1947.04.11 is too old for OpenMeteo.
Case number 1947.04.06 is missing important data.
parse error: time data '1947.04.00 11h00' does not match format '%Y.%m.%d %Hh%M'
Case number 1947.04.00 has invalid time data.
Case number 1947.03.12 is too old for OpenMeteo.
Case number 1947.03.09 is too old for OpenMeteo.
Case number 1947.02.23 is missing important data.
Case number 1947.02.06.R is missing important data.
Case number 1947.02.00 is missing important data.
Case number 1947.01.14 is missing important data.
Case number 1947.01.05 is too old for OpenMeteo.
Case number 1946.12.28 is missing important data.
Case number 1946.12.24.R is missing important data.
Case number 1946.11.20 is missing important data.
Case number 1946.10.26.R is missing important data.
Case number 1946.10.14 is missing important data.
Case number 1946.08.24 is missing important data.
Case number 1946.08.18 is too old for OpenMeteo.
Case number 1946.07.18.b is missing important data.
Case number 1946.07.18.a is missing important data.
Case number 1946.06.28 is missing important data.
Case number 1946.05.09 is missing important data.
Case number 1946.04.19 is too old for OpenMeteo.
Case number 1946.04.00 is missing important data.
Case number 1946.03.20 is too old for OpenMeteo.
Case number 1946.02.16 is too old for OpenMeteo.
Case number 1946.02.10.b is too old for OpenMeteo.
Case number 1946.02.10.a is too old for OpenMeteo.
Case number 1946.01.24.b is too old for OpenMeteo.
Case number 1946.01.24.a is missing time data.
Case number 1946.01.17 is missing important data.
Case number 1946.01.07 is too old for OpenMeteo.
Case number 1946.01.05 is missing important data.
Case number 1946.01.01 is missing time data.
Case number 1946.00.00.c is missing important data.
Case number 1946.00.00.b is missing important data.
Case number 1946.00.00.a is missing important data.
Case number 1945.09.23 is missing time data.
Case number 1945.09.19 is missing important data.
Case number 1945.09.16 is missing important data.
Case number 1945.09.06 is missing important data.
Case number 1945.08.19 is missing important data.
Case number 1945.08.06 is missing important data.
Case number 1945.07.30 is missing important data.
Case number 1945.07.00 is missing time data.
Case number 1945.06.15 is too old for OpenMeteo.
Case number 1945.05.08 is missing important data.
Case number 1945.03.06 is too old for OpenMeteo.
Case number 1945.02.05 is missing important data.
Case number 1945.00.00.d is missing important data.
Case number 1945.00.00.c is missing important data.
Case number 1945.00.00.b is missing important data.
parse error: time data '1945.00.00 12h00' does not match format '%Y.%m.%d %Hh%M'
Case number 1945.00.00.a has invalid time data.
Case number 1944.12.18 is missing important data.
Case number 1944.12.02 is missing important data.
Case number 1944.11.08 is missing important data.
Case number 1944.11.01 is missing important data.
Case number 1944.10.26.b is missing important data.
Case number 1944.10.26.a is missing important data.
Case number 1944.10.25.b is missing important data.
Case number 1944.10.25.a is missing important data.
Case number 1944.10.24 is missing important data.
Case number 1944.10.23.R is missing important data.
Case number 1944.09.03 is missing important data.
Case number 1944.09.00 is missing important data.
Case number 1944.08.20 is too old for OpenMeteo.
Case number 1944.07.22 is too old for OpenMeteo.
Case number 1944.06.23 is missing important data.
Case number 1944.05.31 is missing important data.
Case number 1944.05.24.R is missing important data.
Case number 1944.05.04 is missing important data.
Case number 1944.04.00 is missing important data.
Case number 1944.03.26.b is too old for OpenMeteo.
Case number 1944.03.26.a is too old for OpenMeteo.
Case number 1944.03.14 is too old for OpenMeteo.
Case number 1944.02.27 is too old for OpenMeteo.
Case number 1944.02.18 is missing important data.
Case number 1944.01.20 is too old for OpenMeteo.
Case number 1944.01.16 is missing important data.
Case number 1944.01.14 is too old for OpenMeteo.
Case number 1944.01.04 is too old for OpenMeteo.
Case number 1944.00.00.c is missing important data.
Case number 1944.00.00.b is missing important data.
Case number 1944.00.00.a is missing important data.
Case number 1943.12.12 is too old for OpenMeteo.
Case number 1943.12.04 is missing important data.
Case number 1943.11.21 is missing important data.
Case number 1943.11.11 is missing important data.
Case number 1943.10.26 is missing important data.
Case number 1943.09.23 is too old for OpenMeteo.
Case number 1943.08.00 is missing important data.
Case number 1943.07.18 is missing important data.
Case number 1943.07.00.b is missing important data.
parse error: time data '1943.07.00 11h00' does not match format '%Y.%m.%d %Hh%M'
Case number 1943.07.00.a has invalid time data.
Case number 1943.06.16 is missing important data.
Case number 1943.05.27 is missing important data.
Case number 1943.05.17.b is missing important data.
Case number 1943.05.17.a is missing important data.
Case number 1943.05.14 is too old for OpenMeteo.
Case number 1943.05.01.R is missing important data.
Case number 1943.04.05 is missing important data.
Case number 1943.03.21 is too old for OpenMeteo.
Case number 1943.03.14 is missing important data.
Case number 1943.03.02.b is too old for OpenMeteo.
Case number 1943.03.02.a is missing important data.
Case number 1943.01.26 is missing important data.
Case number 1943.00.00.f is missing important data.
Case number 1943.00.00.e is missing important data.
Case number 1943.00.00.d is missing important data.
Case number 1943.00.00.c is missing important data.
Case number 1943.00.00.b is missing important data.
Case number 1943.00.00.a is missing important data.
Case number 1942.12.26 is too old for OpenMeteo.
Case number 1942.11.28 is too old for OpenMeteo.
Case number 1942.11.25 is missing important data.
Case number 1942.11.16 is missing important data.
Case number 1942.11.21 is missing important data.
Case number 1942.11.13.c is missing important data.
Case number 1942.11.13.b is too old for OpenMeteo.
Case number 1942.11.13.a is missing important data.
Case number 1942.11.01 is too old for OpenMeteo.
Case number 1942.11.00.b is missing important data.
Case number 1942.11.00.a is missing important data.
Case number 1942.10.12 is missing important data.
Case number 1942.09.30 is missing important data.
Case number 1942.09.12.b is missing important data.
Case number 1942.09.12.a is too old for OpenMeteo.
Case number 1942.09.11 is missing important data.
Case number 1942.08.08 is missing important data.
Case number 1942.07.12 is missing important data.
Case number 1942.07.06 is missing important data.
Case number 1942.06.11.R is missing important data.
Case number 1942.06.08.R is missing important data.
Case number 1942.06.04 is missing important data.
Case number 1942.06.00 is missing important data.
Case number 1942.05.09 is missing important data.
Case number 1942.04.05 is missing important data.
Case number 1942.03.08 is too old for OpenMeteo.
Case number 1942.03.04 is missing important data.
Case number 1942.01.18 is missing important data.
Case number 1942.01.04 is too old for OpenMeteo.
Case number 1942.01.00 is missing important data.
Case number 1942.00.00.k is missing important data.
Case number 1942.00.00.j is missing important data.
Case number 1942.00.00.i is missing important data.
Case number 1942.00.00.h is missing important data.
Case number 1942.00.00.g is missing important data.
Case number 1942.00.00.f is missing time data.
Case number 1942.00.00.e is missing important data.
Case number 1942.00.00.d is missing important data.
Case number 1942.00.00.c is missing important data.
Case number 1942.00.00.b is missing important data.
Case number 1942.00.00.a is missing important data.
Case number 1941.12.07 is missing important data.
Case number 1941.12.03 is missing time data.
Case number 1941.11.27.b is missing important data.
Case number 1941.11.27.a is missing important data.
Case number 1941.11.24 is missing important data.
Case number 1941.11.19 is missing important data.
Case number 1941.09.25 is missing time data.
Case number 1941.08.21.R is missing important data.
Case number 1941.08.05 is missing important data.
Case number 1941.08.01 is missing important data.
Case number 1941.07.22 is too old for OpenMeteo.
Case number 1941.07.01 is missing important data.
Case number 1941.06.15 is too old for OpenMeteo.
parse error: time data '1941.06.00 17h30' does not match format '%Y.%m.%d %Hh%M'
Case number 1941.06.00 has invalid time data.
Case number 1941.03.24 is missing important data.
Case number 1941.03.09 is missing time data.
Case number 1941.02.13. is missing important data.
Case number 1941.02.01 is too old for OpenMeteo.
Case number 1941.01.29 is too old for OpenMeteo.
Case number 1941.01.00 is missing important data.
Case number 1941.00.00.h is missing important data.
Case number 1941.00.00.f is missing time data.
Case number 1941.00.00.e is missing important data.
Case number 1941.00.00.d is missing important data.
Case number 1941.00.00.c is missing important data.
Case number 1941.00.00.b is missing important data.
Case number 1941.00.00.a is missing important data.
Case number 1940.12.28 is too old for OpenMeteo.
Case number 1940.12.20 is too old for OpenMeteo.
Case number 1940.12.19.R is missing important data.
Case number 1940.12.10 is missing important data.
Case number 1940.09.00 is missing important data.
Case number 1940.07.13.b is missing important data.
Case number 1940.07.13.a is missing important data.
Case number 1940.06.30 is missing important data.
Case number 1940.03.31 is too old for OpenMeteo.
Case number 1940.03.20 is missing important data.
Case number 1940.02.22 is too old for OpenMeteo.
Case number 1940.02.20 is too old for OpenMeteo.
Case number 1940.02.04 is too old for OpenMeteo.
Case number 1940.01.29 is missing important data.
Case number 1940.01.23 is too old for OpenMeteo.
Case number 1940.01.15 is missing time data.
Case number 1940.01.07 is too old for OpenMeteo.
Case number 1940.01.01 is missing important data.
Case number 1940.00.00.f is missing important data.
Case number 1940.00.00.e is missing important data.
Case number 1940.00.00.d is missing important data.
Case number 1940.00.00.c is missing important data.
Case number 1940.00.00.b is missing important data.
Case number 1940.00.00.a is missing important data.
Case number 1939.12.28 is missing important data.
Case number 1939.12.14 is too old for OpenMeteo.
Case number 1939.11.23 is missing important data.
Case number 1939.11.11 is missing important data.
Case number 1939.11.09 is missing important data.
Case number 1939.11.06 is missing important data.
Case number 1939.11.02.R is missing important data.
Case number 1939.10.25.R is missing important data.
Case number 1939.10.04 is missing important data.
Case number 1939.09.27.R is missing important data.
Case number 1939.08.01 is missing important data.
Case number 1939.07.18 is missing important data.
Case number 1939.07.16 is too old for OpenMeteo.
Case number 1939.07.14 is missing time data.
Case number 1939.05.03 is missing important data.
Case number 1939.04.12.R is missing important data.
Case number 1939.03.24 is missing important data.
Case number 1939.02.26.b is missing important data.
Case number 1939.02.26.a is missing important data.
Case number 1939.01.12 is missing important data.
Case number 1939.00.00.e is missing important data.
Case number 1939.00.00.d is missing important data.
Case number 1939.00.00.c is missing important data.
Case number 1939.00.00.b is missing important data.
Case number 1939.00.00.a is missing important data.
Case number 1938.12.27 is missing important data.
Case number 1938.10.05 is missing time data.
Case number 1938.08.29 is missing important data.
Case number 1938.08.18 is missing important data.
Case number 1938.07.18 is missing important data.
Case number 1938.07.17.R is missing important data.
Case number 1938.07.17 is missing important data.
Case number 1938.07.12 is missing important data.
Case number 1938.06.17 is missing important data.
Case number 1938.06.08 is missing important data.
Case number 1938.05.26 is missing important data.
Case number 1938.05.15 is missing time data.
Case number 1938.05.02.R is missing important data.
Case number 1938.03.21.R is missing important data.
Case number 1938.03.08 is missing important data.
Case number 1938.01.21 is missing important data.
Case number 1938.01.18 is missing important data.
Case number 1938.01.14 is missing time data.
Case number 1938.01.02 is missing important data.
Case number 1938.00.00.e.R is missing important data.
Case number 1938.00.00.d is missing important data.
Case number 1938.00.00.c is missing important data.
Case number 1938.00.00.b is missing important data.
Case number 1938.00.00.a is missing important data.
Case number 1937.11.13 is missing important data.
Case number 1937.11.11 is missing important data.
Case number 1937.11.06.R is missing important data.
Case number 1937.10.27.b is too old for OpenMeteo.
Case number 1937.10.27.a is too old for OpenMeteo.
Case number 1937.10.24.c is missing important data.
Case number 1937.10.24.a is missing important data.
Case number 1937.09.26.R is missing important data.
Case number 1937.09.12 is missing important data.
Case number 1937.09.11 is missing important data.
Case number 1937.09.01 is missing important data.
Case number 1937.08.31 is too old for OpenMeteo.
Case number 1937.08.16 is missing important data.
Case number 1937.08.02 is missing important data.
Case number 1937.07.16.R is missing important data.
Case number 1937.07.06 is missing important data.
Case number 1937.06.28.R is missing important data.
Case number 1937.06.15.b is missing important data.
Case number 1937.06.15 is missing time data.
Case number 1937.05.30 is missing important data.
Case number 1937.05.15 is missing time data.
Case number 1937.03.26 is missing important data.
Case number 1937.03.09 is missing important data.
Case number 1937.02.13 is too old for OpenMeteo.
Case number 1937.02.11 is missing important data.
Case number 1937.02.04 is too old for OpenMeteo.
Case number 1937.02.03 is missing important data.
Case number 1937.02.02 is missing time data.
Case number 1937.01.27 is missing important data.
Case number 1937.00.00 is missing important data.
Case number 1936.12.30 is missing important data.
Case number 1936.12.19 is missing important data.
Case number 1936.12.15 is missing important data.
Case number 1936.12.12 is too old for OpenMeteo.
Case number 1936.12.01 is missing important data.
Case number 1936.11.27 is missing important data.
Case number 1936.09.11.R is missing important data.
Case number 1936.09.04 is missing important data.
Case number 1936.08.24 is missing important data.
Case number 1936.08.13 is missing important data.
Case number 1936.08.11 is missing important data.
Case number 1936.08.04 is missing important data.
Case number 1936.08.00 is missing important data.
Case number 1936.07.25 is too old for OpenMeteo.
Case number 1936.07.12 is too old for OpenMeteo.
Case number 1936.07.07 is missing important data.
Case number 1936.07.00 is missing important data.
Case number 1936.06.26 is missing important data.
Case number 1936.06.06 is missing important data.
Case number 1936.04.22 is too old for OpenMeteo.
Case number 1936.04.08 is missing important data.
Case number 1936.03.30 is missing important data.
Case number 1936.03.22 is missing important data.
Case number 1936.03.19 is missing important data.
Case number 1936.03.04. is missing important data.
Case number 1936.02.23 is missing important data.
Case number 1936.02.20..R is missing important data.
Case number 1936.02.04 is too old for OpenMeteo.
Case number 1936.01.22 is too old for OpenMeteo.
Case number 1936.01.05 is missing important data.
Case number 1936.01.00 is missing important data.
Case number 1936.00.00 is missing important data.
Case number 1935.12.23 is missing important data.
Case number 1935.11.13 is missing important data.
Case number 1935.09.21 is too old for OpenMeteo.
Case number 1935.09.04.R is missing important data.
Case number 1935.08.26 is missing time data.
Case number 1935.08.24 is missing important data.
Case number 1935.08.13 is missing important data.
Case number 1935.07.27.b is missing important data.
Case number 1935.07.27.a is missing important data.
Case number 1935.07.05 is missing important data.
Case number 1935.07.01 is too old for OpenMeteo.
Case number 1935.06.18 is missing important data.
Case number 1935.06.05.R is missing important data.
Case number 1935.06.00.b is missing important data.
Case number 1935.06.00.a is missing important data.
Case number 1935.05.19 is missing important data.
Case number 1935.05.12 is missing important data.
Case number 1935.04.25 is missing important data.
Case number 1935.04.12.R is missing important data.
Case number 1935.04.08.R is missing important data.
Case number 1935.03.30 is missing time data.
Case number 1935.03.25.R is missing important data.
Case number 1935.03.20 is missing important data.
Case number 1935.03.13 is missing important data.
Case number 1935.03.11 is missing important data.
Case number 1935.03.09 is too old for OpenMeteo.
Case number 1935.03.02 is too old for OpenMeteo.
Case number 1935.02.14 is too old for OpenMeteo.
Case number 1935.01.24.b is missing important data.
Case number 1935.01.24.a is missing important data.
Case number 1935.01.21.R is missing important data.
Case number 1935.01.17 is missing important data.
Case number 1934.12.31.b is too old for OpenMeteo.
Case number 1934.12.31.a is too old for OpenMeteo.
Case number 1934.12.23.b is too old for OpenMeteo.
Case number 1934.12.23.a is too old for OpenMeteo.
Case number 1934.10.09 is missing important data.
Case number 1934.10.08 is missing time data.
Case number 1934.10.02 is missing important data.
Case number 1934.09.08 is missing important data.
Case number 1934.08.27 is missing important data.
Case number 1934.08.26.R is missing important data.
Case number 1934.08.26 is missing important data.
Case number 1934.08.21 is missing important data.
Case number 1934.08.05 is missing important data.
Case number 1934.07.11 is missing important data.
Case number 1934.06.21 is missing time data.
Case number 1934.06.20 is missing important data.
Case number 1934.04.15 is too old for OpenMeteo.
Case number 1934.04.01.c is too old for OpenMeteo.
Case number 1934.04.01.b is too old for OpenMeteo.
Case number 1934.04.01.a is too old for OpenMeteo.
Case number 1934.03.12 is too old for OpenMeteo.
Case number 1934.03.00 is missing important data.
Case number 1934.02.24 is too old for OpenMeteo.
Case number 1934.02.22 is missing important data.
Case number 1934.01.08.R is missing important data.
Case number 1934.01.27 is missing important data.
Case number 1934.01.07 is too old for OpenMeteo.
Case number 1933.11.20 is missing important data.
Case number 1933.11.18 is missing important data.
Case number 1933.10.25.R is missing important data.
Case number 1933.09.27.R is missing important data.
Case number 1933.08.28.b is missing important data.
Case number 1933.08.28.a is missing important data.
Case number 1933.08.26.R is missing important data.
Case number 1933.07.07.R is missing important data.
Case number 1933.07.03 is missing important data.
Case number 1933.06.21 is missing important data.
Case number 1933.06.16 is missing important data.
Case number 1933.06.13 is missing important data.
Case number 1933.05.24 is missing important data.
Case number 1933.05.23 is missing important data.
Case number 1933.06.08.R is missing important data.
Case number 1933.05.03 is missing important data.
Case number 1933.04.10 is missing important data.
Case number 1933.02.26 is missing important data.
Case number 1933.02.15.R is missing important data.
Case number 1933.02.14 is missing important data.
Case number 1933.02.12 is missing important data.
Case number 1933.01.04 is too old for OpenMeteo.
Case number 1932.12.11.R is missing important data.
Case number 1932.12.09.R is missing important data.
Case number 1932.11.09 is missing important data.
Case number 1932.10.31 is too old for OpenMeteo.
Case number 1932.10.11 is missing important data.
Case number 1932.09.26.R is missing important data.
Case number 1932.08.30.b is missing important data.
Case number 1932.08.30.a is missing important data.
Case number 1932.08.10 is missing important data.
Case number 1932.08.09 is missing important data.
Case number 1932.08.06 is missing important data.
Case number 1932.07.14.R is missing important data.
Case number 1932.07.02 is missing important data.
Case number 1932.06.28 is missing important data.
Case number 1932.06.26 is missing important data.
Case number 1932.06.20 is missing important data.
Case number 1932.05.12 is missing important data.
Case number 1932.05.00 is missing important data.
Case number 1932.04.16.b is missing important data.
Case number 1932.04.16.a is missing important data.
Case number 1932.02.16 is missing important data.
Case number 1932.02.13 is missing important data.
Case number 1932.02.08 is missing important data.
Case number 1932.01.27 is missing time data.
Case number 1932.01.11 is missing important data.
Case number 1932.01.06 is missing important data.
Case number 1932.00.00 is missing time data.
Case number 1931.11.26 is missing important data.
Case number 1931.09.27 is too old for OpenMeteo.
Case number 1931.09.21.b is missing important data.
Case number 1931.09.21.a is missing important data.
Case number 1931.09.02 is missing important data.
Case number 1931.08.31 is missing time data.
Case number 1931.08.30 is missing important data.
Case number 1931.08.27 is missing important data.
Case number 1931.08.25 is missing important data.
Case number 1931.08.23 is missing important data.
Case number 1931.08.18 is missing important data.
Case number 1931.08.06.R is missing important data.
Case number 1931.08.01 is missing important data.
Case number 1931.07.28.R is missing important data.
Case number 1931.07.15 is missing important data.
Case number 1931.06.14 is missing important data.
Case number 1931.06.13 is missing important data.
Case number 1931.06.04.R is missing important data.
Case number 1931.05.02 is missing important data.
Case number 1931.04.27.R is missing important data.
Case number 1931.03.22 is missing important data.
Case number 1931.03.15 is missing important data.
Case number 1931.03.06 is missing important data.
Case number 1931.02.10 is too old for OpenMeteo.
Case number 1931.01.24 is missing important data.
Case number 1931.01.14 is missing important data.
Case number 1931.01.07 is too old for OpenMeteo.
Case number 1931.00.00.b is missing important data.
Case number 1931.00.00.a is missing important data.
Case number 1930.12.25 is too old for OpenMeteo.
Case number 1930.12.13 is missing important data.
Case number 1930.12.02 is missing important data.
Case number 1930.12.00 is missing important data.
Case number 1930.11.30 is missing important data.
Case number 1930.09.26.R is missing important data.
Case number 1930.09.12.R is missing important data.
Case number 1930.08.31 is too old for OpenMeteo.
Case number 1930.08.16 is missing important data.
Case number 1930.08.06 is too old for OpenMeteo.
Case number 1930.07.19 is missing time data.
Case number 1930.07.11 is missing important data.
Case number 1930.06.04 is missing important data.
Case number 1930.05.27 is too old for OpenMeteo.
Case number 1930.05.11.R is missing important data.
Case number 1930.05.11 is missing important data.
Case number 1930.04.08 is missing important data.
Case number 1930.03.07.R is missing important data.
Case number 1930.02.20 is missing important data.
Case number 1930.02.15 is too old for OpenMeteo.
Case number 1930.02.03.R is missing important data.
Case number 1930.01.22 is missing important data.
Case number 1930.01.16 is too old for OpenMeteo.
Case number 1930.01.00 is missing important data.
Case number 1930.00.00.c is missing important data.
Case number 1930.00.00.a is missing important data.
Case number 1929.12.26 is missing important data.
Case number 1929.12.21 is missing important data.
Case number 1929.12.16 is missing important data.
Case number 1929.12.13 is missing important data.
Case number 1929.12.09.R is missing important data.
Case number 1929.12.03.R is missing important data.
Case number 1929.11.29 is missing important data.
Case number 1929.11.21 is missing important data.
Case number 1929.10.20 is missing important data.
Case number 1929.10.02 is missing important data.
Case number 1929.09.01 is missing important data.
Case number 1929.08.05 is missing important data.
Case number 1929.07.29 is missing important data.
Case number 1929.07.17.R is missing important data.
Case number 1929.06.23 is missing important data.
Case number 1929.05.31 is missing important data.
Case number 1929.04.26.R is missing important data.
Case number 1929.04.17.R is missing important data.
Case number 1929.04.11 is too old for OpenMeteo.
Case number 1929.04.09 is missing important data.
Case number 1929.04.04 is missing important data.
Case number 1929.03.16 is too old for OpenMeteo.
Case number 1929.03.12 is missing important data.
Case number 1929.03.04.b is missing important data.
Case number 1929.03.04.a is missing important data.
Case number 1929.02.18 is too old for OpenMeteo.
Case number 1929.02.09 is missing important data.
Case number 1929.02.08 is too old for OpenMeteo.
Case number 1929.01.27 is too old for OpenMeteo.
Case number 1929.01.14 is missing important data.
Case number 1929.01.12 is too old for OpenMeteo.
Case number 1929.01.06.R is missing important data.
Case number 1929.01.05 is missing important data.
Case number 1929.00.00.e.R is missing important data.
Case number 1929.00.00.d is missing important data.
Case number 1929.00.00.c is missing important data.
Case number 1929.00.00.b is missing important data.
Case number 1929.00.00.a is missing important data.
Case number 1928.12.21 is missing important data.
Case number 1928.11.18 is missing important data.
Case number 1928.11.15.R is missing important data.
Case number 1928.11.12 is missing important data.
Case number 1928.11.04 is too old for OpenMeteo.
Case number 1928.09.00 is missing important data.
Case number 1928.08.24.R is missing important data.
Case number 1928.07.11 is missing important data.
Case number 1928.07.00 is missing important data.
Case number 1928.06.24.R is missing important data.
Case number 1928.05.17 is missing important data.
Case number 1928.04.14.R is missing important data.
Case number 1928.04.14 is too old for OpenMeteo.
Case number 1928.04.09 is missing time data.
Case number 1928.04.06 is missing time data.
Case number 1928.04.04 is too old for OpenMeteo.
Case number 1928.03.28.R is missing important data.
Case number 1928.02.20 is missing important data.
Case number 1928.02.00.b is missing important data.
Case number 1928.02.00.a is missing important data.
Case number 1928.01.27 is missing important data.
Case number 1928.01.21.b is missing important data.
Case number 1928.01.21.a is missing time data.
Case number 1928.01.02 is missing important data.
parse error: time data '1928.01.00 11h00' does not match format '%Y.%m.%d %Hh%M'
Case number 1928.01.00 has invalid time data.
parse error: time data '1928.00.00 11h00' does not match format '%Y.%m.%d %Hh%M'
Case number 1928.00.00 has invalid time data.
Case number 1927.12.28 is too old for OpenMeteo.
Case number 1927.11.03 is missing important data.
Case number 1927.10.25 is too old for OpenMeteo.
Case number 1927.10.12 is missing important data.
Case number 1927.10.00 is missing important data.
Case number 1927.07.03 is missing important data.
Case number 1927.05.29 is missing important data.
Case number 1927.05.09.R is missing important data.
Case number 1927.04.10 is missing important data.
Case number 1927.04.08 is missing important data.
Case number 1927.03.01 is too old for OpenMeteo.
Case number 1927.02.14 is missing important data.
Case number 1927.02.09 is missing important data.
Case number 1927.02.00 is missing important data.
Case number 1927.01.20 is too old for OpenMeteo.
Case number 1927.01.08.R is missing important data.
Case number 1927.01.03 is too old for OpenMeteo.
Case number 1927.00.00.b is missing important data.
Case number 1927.00.00.a is missing important data.
Case number 1926.12.02.R is missing important data.
Case number 1926.11.17 is missing important data.
Case number 1926.10.29.R is missing important data.
Case number 1926.10.23.b is missing time data.
Case number 1926.10.23.a is too old for OpenMeteo.
Case number 1926.09.06.R is missing important data.
Case number 1926.08.24 is missing important data.
Case number 1926.07.23 is too old for OpenMeteo.
Case number 1926.07.12 is missing important data.
Case number 1926.07.08 is missing important data.
Case number 1926.07.03 is missing important data.
Case number 1926.05.18 is missing important data.
Case number 1926.04.22 is missing time data.
Case number 1926.04.07 is too old for OpenMeteo.
Case number 1926.03.17 is too old for OpenMeteo.
Case number 1926.01.26 is missing important data.
Case number 1926.01.00 is missing important data.
Case number 1926.00.00.d is missing important data.
Case number 1926.00.00.c is missing important data.
Case number 1926.00.00.b is missing important data.
Case number 1926.00.00.a is missing important data.
Case number 1925.11.22 is too old for OpenMeteo.
Case number 1925.11.00.b is missing important data.
Case number 1925.11.00.a is missing important data.
Case number 1925.09.04 is missing important data.
Case number 1925.09.03 is too old for OpenMeteo.
Case number 1925.08.02 is missing important data.
Case number 1925.06.15 is missing important data.
Case number 1925.05.00 is missing important data.
Case number 1925.03.27 is too old for OpenMeteo.
Case number 1925.03.12 is too old for OpenMeteo.
Case number 1925.03.10 is missing important data.
Case number 1925.01.27.R is missing important data.
Case number 1925.01.08 is missing important data.
Case number 1925.00.00 is missing important data.
Case number 1924.11.25 is missing important data.
Case number 1924.11.24 is missing time data.
Case number 1924.11.21 is missing time data.
Case number 1924.10.31.R is missing important data.
Case number 1924.10.18 is missing important data.
Case number 1924.07.31 is missing important data.
Case number 1924.07.14 is missing important data.
Case number 1924.07.04 is missing important data.
Case number 1924.06.18 is missing time data.
Case number 1924.04.25 is missing time data.
Case number 1924.04.22 is missing important data.
Case number 1924.04.20 is missing important data.
Case number 1924.03.28.R is missing important data.
Case number 1924.03.24 is missing important data.
Case number 1924.02.13 is too old for OpenMeteo.
Case number 1924.02.08 is too old for OpenMeteo.
Case number 1924.01.29 is too old for OpenMeteo.
Case number 1924.01.25 is missing time data.
Case number 1924.01.19 is too old for OpenMeteo.
Case number 1923.12.12 is missing important data.
Case number 1923.12.02 is missing important data.
Case number 1923.11.23 is missing important data.
Case number 1923.11.02 is missing important data.
Case number 1923.10.20 is missing important data.
Case number 1923.10.17 is missing important data.
Case number 1923.10.16 is missing important data.
Case number 1923.08.08 is too old for OpenMeteo.
Case number 1923.07.02.R is missing important data.
Case number 1923.06.16 is missing important data.
Case number 1923.06.06 is missing important data.
Case number 1923.05.23.R is missing important data.
Case number 1923.05.22 is missing time data.
Case number 1923.03.18 is missing important data.
Case number 1923.02.00 is missing important data.
Case number 1923.01.27.b is missing important data.
Case number 1923.01.27.a is missing important data.
Case number 1923.01.13 is missing important data.
Case number 1923.00.00.c is missing important data.
Case number 1923.00.00.b is missing important data.
Case number 1923.00.00.a is missing important data.
Case number 1923.00.00.a is missing important data.
Case number 1922.12.14 is missing important data.
Case number 1922.12.05 is too old for OpenMeteo.
Case number 1922.09.29 is missing important data.
Case number 1922.10.29 is missing important data.
Case number 1922.09.28 is missing important data.
Case number 1922.09.26.R is missing important data.
Case number 1922.09.21.R is missing important data.
Case number 1922.07.19 is missing important data.
Case number 1922.06.17 is missing important data.
Case number 1922.05.24 is too old for OpenMeteo.
Case number 1922.05.06 is missing time data.
Case number 1922.04.26 is missing important data.
Case number 1922.03.20 is missing important data.
Case number 1922.03.13 is missing important data.
Case number 1922.03.02 is too old for OpenMeteo.
Case number 1922.02.22.R is missing important data.
Case number 1922.02.04 is too old for OpenMeteo.
Case number 1922.01.28.R is missing important data.
Case number 1922.01.15 is too old for OpenMeteo.
Case number 1922.01.13 is too old for OpenMeteo.
Case number 1922.01.04 is missing time data.
Case number 1921.12.11 is missing important data.
Case number 1921.11.27.b is missing time data.
Case number 1921.11.27.a is missing time data.
Case number 1921.11.15.R is missing important data.
Case number 1921.10.12 is missing important data.
Case number 1921.10.04 is missing time data.
Case number 1921.09.00 is missing important data.
Case number 1921.08.29.R is missing important data.
Case number 1921.08.28 is too old for OpenMeteo.
Case number 1921.07.21 is missing important data.
Case number 1921.01.11.R is missing important data.
Case number 1920.11.29 is missing important data.
Case number 1921.08.22 is too old for OpenMeteo.
Case number 1920.11.22 is missing important data.
Case number 1920.11.04 is missing important data.
Case number 1920.07.14 is missing important data.
Case number 1920.07.05.R is missing important data.
Case number 1920.06.29 is too old for OpenMeteo.
Case number 1920.06.27 is missing important data.
Case number 1920.03.08 is missing important data.
Case number 1920.01.24.R.b is missing important data.
Case number 1920.02.03 is too old for OpenMeteo.
Case number 1920.01.24.R.a is missing important data.
Case number 1920.01.15 is too old for OpenMeteo.
Case number 1920.00.00.b is missing important data.
Case number 1920.00.00.b is missing important data.
Case number 1920.00.00.a is missing important data.
Case number 1919.12.30.R is missing important data.
Case number 1919.12.07 is too old for OpenMeteo.
Case number 1919.11.18 is missing important data.
Case number 1919.09.12 is missing important data.
Case number 1919.08.10 is missing time data.
Case number 1919.05.29 is too old for OpenMeteo.
Case number 1919.04.06 is missing important data.
Case number 1919.03.16 is missing time data.
Case number 1919.01.17 is too old for OpenMeteo.
Case number 1919.01.15 is missing time data.
Case number 1919.01.09 is too old for OpenMeteo.
Case number 1919.01.05 is too old for OpenMeteo.
Case number 1900.00.00.R is missing important data.
Case number 1919.00.00 is missing important data.
Case number 1918.11.00.b is missing important data.
Case number 1918.11.00.a is missing important data.
Case number 1918.09.19 is missing important data.
Case number 1918.03.22 is too old for OpenMeteo.
Case number 1918.00.00 is missing important data.
Case number 1917.12.15 is too old for OpenMeteo.
Case number 1917.11.00 is missing time data.
Case number 1917.09.21 is missing important data.
Case number 1917.09.09 is missing important data.
Case number 1917.09.00 is missing important data.
Case number 1917.07.18 is missing time data.
Case number 1917.07.15 is missing time data.
Case number 1917.06.03 is missing time data.
Case number 1917.05.31 is too old for OpenMeteo.
Case number 1917.05.05 is missing important data.
Case number 1917.00.00 is missing important data.
Case number 1916.12.30 is missing time data.
Case number 1916.12.08.b is too old for OpenMeteo.
Case number 1916.12.08.a is too old for OpenMeteo.
Case number 1916.11.15 is missing important data.
Case number 1916.11.10 is too old for OpenMeteo.
Case number 1916.11.09 is missing time data.
Case number 1916.10.11 is missing important data.
Case number 1916.08.24 is missing time data.
Case number 1916.07.26 is missing important data.
Case number 1916.07.13.b is too old for OpenMeteo.
Case number 1916.07.13 is missing important data.
Case number 1916.07.12.c is missing important data.
Case number 1916.07.12.b is missing important data.
Case number 1916.07.12.a is missing time data.
Case number 1916.07.11 is missing important data.
Case number 1916.07.08 is missing important data.
Case number 1916.07.07 is missing important data.
Case number 1916.07.06 is missing time data.
Case number 1916.07.01 is too old for OpenMeteo.
Case number 1916.06.30 is missing important data.
Case number 1916.06.24.R is missing important data.
Case number 1916.06.23 is missing important data.
Case number 1916.04.25.R is missing important data.
Case number 1916.04.03 is missing important data.
Case number 1916.03.19 is too old for OpenMeteo.
Case number 1915.12.09.R is missing important data.
Case number 1915.11.10 is missing important data.
Case number 1915.11.08 is missing important data.
Case number 1915.08.03 is missing important data.
Case number 1915.07.06.a.R is missing important data.
Case number 1915.07.06.a.R is missing important data.
Case number 1915.05.15.R is missing important data.
Case number 1915.03.29 is missing important data.
Case number 1915.02.06 is missing important data.
Case number 1915.01.13 is missing important data.
Case number 1915.01.01 is missing important data.
Case number 1915.00.00 is missing important data.
Case number 1914.12.04.R is missing important data.
Case number 1914.10.17 is missing important data.
Case number 1914.09.26.R is missing important data.
Case number 1914.09.05 is missing important data.
Case number 1914.07.15.R is missing important data.
Case number 1914.07.08.R is missing important data.
Case number 1914.07.07 is missing important data.
Case number 1914.06.12 is too old for OpenMeteo.
Case number 1914.06.10 is missing time data.
Case number 1914.05.31 is missing important data.
Case number 1914.05.14 is missing time data.
Case number 1914.03.14.R is missing important data.
Case number 1914.03.10.R is missing important data.
Case number 1914.03.03 is missing important data.
Case number 1914.02.09.R is missing important data.
Case number 1914.02.03 is missing important data.
Case number 1914.01.17.R is missing important data.
Case number 1914.00.00 is missing important data.
Case number 1913.12.30.R is missing important data.
Case number 1913.12.26.R is missing important data.
Case number 1913.11.27 is missing important data.
Case number 1913.11.21 is missing important data.
Case number 1913.09.21 is missing important data.
Case number 1913.09.03 is missing important data.
Case number 1913.08.27.R is missing important data.
Case number 1913.08.27.R is missing important data.
Case number 1913.08.26.R is missing important data.
Case number 1913.07.12 is missing important data.
Case number 1913.07.10.R is missing important data.
Case number 1913.05.21 is missing important data.
Case number 1913.05.02 is missing important data.
Case number 1913.03.27 is missing important data.
Case number 1913.01.00 is missing important data.
Case number 1913.00.00.d is missing important data.
Case number 1913.00.00.c is missing important data.
Case number 1913.00.00.a is missing important data.
Case number 1912.11.30.R is missing important data.
Case number 1912.08.30 is missing important data.
Case number 1912.07.23 is missing time data.
Case number 1912.07.06.R is missing important data.
Case number 1912.05.04 is missing important data.
Case number 1912.03.18 is missing important data.
Case number 1912.02.22 is missing important data.
Case number 1912.02.19 is too old for OpenMeteo.
Case number 1912.02.03 is missing important data.
Case number 1912.01.26 is too old for OpenMeteo.
Case number 1912.01.13.R is missing important data.
Case number 1912.01.06 is missing important data.
Case number 1912.01.01 is missing time data.
Case number 1912.00.00 is missing important data.
Case number 1911.11.08 is missing important data.
Case number 1911.10.26 is missing important data.
Case number 1911.10.25 is missing time data.
Case number 1911.09.23 is missing time data.
Case number 1911.09.20 is missing important data.
Case number 1911.09.17 is missing important data.
Case number 1911.07.31.R is missing important data.
Case number 1911.07.16.R is missing important data.
Case number 1911.05.09 is missing time data.
Case number 1911.05.01.R is missing important data.
Case number 1911.05.01 is missing important data.
Case number 1911.04.08.R is missing important data.
Case number 1911.03.29.R is missing important data.
Case number 1911.01.04 is missing important data.
Case number 1911.00.00.b is missing important data.
Case number 1911.00.00.a is missing important data.
Case number 1910.12.25.R is missing important data.
Case number 1910.12.23.R is missing important data.
Case number 1910.11.28 is missing important data.
Case number 1910.11.24 is missing important data.
Case number 1910.06.25.R is missing important data.
Case number 1910.06.08.R is missing important data.
Case number 1910.05.16.R is missing important data.
Case number 1910.03.31 is missing important data.
Case number 1910.03.08 is missing time data.
Case number 1910.03.00 is missing important data.
Case number 1910.02.16 is missing time data.
Case number 1910.01.26 is missing important data.
Case number 1910.00.00.b is missing important data.
Case number 1910.00.00.a is missing important data.
Case number 1909.12.26.R is missing important data.
Case number 1909.12.15.R is missing important data.
Case number 1909.12.05 is missing important data.
Case number 1909.11.14 is missing important data.
Case number 1909.09.04.R is missing important data.
Case number 1909.08.13 is missing important data.
Case number 1909.07.24 is missing time data.
Case number 1909.07.15 is missing important data.
Case number 1909.06.26.a.R is missing important data.
Case number 1909.06.26.b.R is missing important data.
Case number 1909.06.18 is missing important data.
Case number 1909.04.27.R is missing important data.
Case number 1909.04.10 is missing important data.
Case number 1909.04.09.R is missing important data.
Case number 1909.03.06 is missing important data.
Case number 1909.01.17 is missing important data.
Case number 1909.01.00 is missing important data.
Case number 1909.00.00 is missing important data.
Case number 1908.12.31 is missing important data.
Case number 1908.12.16.R is missing important data.
Case number 1908.09.21 is missing important data.
Case number 1908.09.05 is missing important data.
Case number 1908.08.28.R is missing important data.
Case number 1908.07.18.R is missing important data.
Case number 1908.07.08.R is missing important data.
Case number 1908.06.18 is missing important data.
Case number 1908.06.08 is missing important data.
Case number 1908.06.02.R is missing important data.
Case number 1908.05.13 is missing important data.
Case number 1908.05.10 is missing important data.
Case number 1908.01.08 is missing important data.
Case number 1907.12.21 is missing important data.
Case number 1907.10.18.R is missing important data.
Case number 1907.10.16.R is missing important data.
Case number 1907.10.16.R is missing important data.
Case number 1907.10.14 is too old for OpenMeteo.
Case number 1907.10.12 is missing important data.
Case number 1907.10.08 is too old for OpenMeteo.
Case number 1907.09.18.R is missing important data.
Case number 1907.09.11 is missing important data.
Case number 1907.08.12.b..R is missing important data.
Case number 1907.08.12.a..R is missing important data.
Case number 1907.08.08.R is missing important data.
Case number 1907.07.14.R is missing important data.
Case number 1907.07.04.R is missing important data.
Case number 1907.07.00 is missing important data.
Case number 1907.04.20 is missing important data.
Case number 1907.03.26 is missing important data.
Case number 1907.03.07 is missing important data.
Case number 1907.02.09 is missing important data.
Case number 1907.02.05 is missing important data.
Case number 1907.02.03 is missing time data.
Case number 1907.00.00.b is missing important data.
Case number 1907.00.00.a is missing important data.
Case number 1906.11.16 is missing important data.
Case number 1906.10.10.d.R is missing important data.
Case number 1906.10.10.c.R is missing important data.
Case number 1906.10.10.b.R is missing important data.
Case number 1906.10.10.a.R is missing important data.
Case number 1906.09.27.R.b is missing important data.
Case number 1906.09.27.R.a is missing important data.
Case number 1906.09.05.R is missing important data.
Case number 1906.09.00 is missing important data.
Case number 1906.08.20 is missing important data.
Case number 1906.08.04 is missing important data.
Case number 1906.07.05.R is missing important data.
Case number 1906.07.00 is missing important data.
Case number 1906.04.27.R is missing important data.
Case number 1906.04.16 is missing important data.
Case number 1906.04.14 is missing important data.
Case number 1906.04.10.R.a & b is missing important data.
Case number 1906.04.02.R is missing important data.
Case number 1906.02.14.R is missing important data.
Case number 1906.01.28 is too old for OpenMeteo.
Case number 1906.01.20 is too old for OpenMeteo.
Case number 1905.12.31 is missing time data.
Case number 1905.12.29 is missing important data.
Case number 1905.09.29 is missing important data.
Case number None is missing important data.
Case number 1905.08.24 is missing important data.
Case number 1905.08.00.b is missing important data.
Case number 1905.08.00.a is missing important data.
Case number 1905.07.29 is missing time data.
Case number 1905.07.25.R is missing important data.
Case number 1905.07.02 is missing important data.
Case number 1905.07.00 is missing important data.
Case number 1905.05.22 is missing important data.
Case number 1905.04.06 is too old for OpenMeteo.
Case number 1905.03.26 is missing time data.
Case number 1905.03.25 is missing important data.
Case number 1905.02.10 is missing important data.
Case number 1905.01.01 is missing important data.
Case number 1905.00.00.b is missing important data.
Case number 1904.11.02 is missing important data.
Case number 1904.10.11.R is missing important data.
Case number 1904.09.00 is missing important data.
Case number 1904.08.00 is missing important data.
Case number 1904.07.28 is missing important data.
Case number 1904.07.27 is missing important data.
Case number 1904.07.01.R is missing important data.
Case number 1904.02.07 is missing important data.
Case number 1904.02.04 is missing important data.
Case number 1904.01.23 is missing important data.
Case number 1904.00.00.R is missing important data.
Case number 1904.00.00.c is missing important data.
Case number 1904.00.00.b is missing important data.
Case number 1904.00.00.a is missing important data.
Case number 1903.10.04 is missing important data.
Case number 1903.09.16.R is missing important data.
Case number 1903.07.00 is missing important data.
Case number 1903.06.21 is missing important data.
Case number 1903.05.04 is missing important data.
Case number 1903.03.20.R is missing important data.
Case number 1903.03.12 is missing important data.
Case number 1903.01.10 is missing important data.
Case number 1903.00.00.b is missing important data.
Case number 1903.00.00.a is missing important data.
Case number 1902.12.22.R is too old for OpenMeteo.
Case number 1902.11.10 is missing time data.
Case number 1902.11.01.R is missing important data.
Case number 1902.08.28.R is missing important data.
Case number 1902.08.24.R is missing important data.
Case number 1902.08.08 is missing important data.
Case number 1902.07.15 is missing important data.
Case number 1902.07.06 is missing important data.
Case number 1902.06.02 is missing important data.
Case number 1902.06.00 is missing important data.
Case number 1902.04.00 is missing important data.
Case number 1902.02.22.R is missing important data.
Case number 1902.01.25.R is missing important data.
Case number 1902.01.19.R is missing important data.
Case number 1902.01.19 is too old for OpenMeteo.
Case number 1901.12.01 is missing important data.
Case number 1901.10.00 is missing important data.
Case number 1901.09.23.R is missing important data.
Case number 1901.07.30 is too old for OpenMeteo.
Case number 1901.07.17 is missing important data.
Case number 1901.06.29.R is missing important data.
Case number 1901.06.24 is too old for OpenMeteo.
Case number 1901.01.30 is missing important data.
Case number 1901.00.00 is missing important data.
Case number 1900.12.27 is missing important data.
Case number 1900.11.14 is missing important data.
Case number 1900.10.27 is missing important data.
Case number 1900.09.15 is missing important data.
Case number 1900.09.13 is missing important data.
Case number 1900.09.05 is missing time data.
Case number 1900.08.21 is missing time data.
Case number 1900.07.31 is missing important data.
Case number 1900.07.14 is missing important data.
Case number 1900.07.00 is missing important data.
Case number 1900.01.28 is too old for OpenMeteo.
Case number 1900.00.00.b is missing important data.
Case number 1900.00.00.a is missing time data.
Case number 1899.12.18 is missing time data.
Case number 1899.11.20 is missing important data.
Case number 1899.10.28 is missing time data.
Case number 1899.10.12.b is missing important data.
Case number 1899.10.12.a is missing important data.
Case number 1899.09.11.R is missing important data.
Case number 1899.08.23.R is missing important data.
Case number 1899.08.15 is missing important data.
Case number 1899.08.08.c is too old for OpenMeteo.
Case number 1899.08.08.b is too old for OpenMeteo.
Case number 1899.08.08.a is too old for OpenMeteo.
Case number 1899.07.08.R is missing important data.
Case number 1899.06.07 is missing important data.
Case number 1899.06.02 is missing important data.
Case number 1899.05.28 is missing important data.
Case number 1899.05.04.R is missing important data.
Case number 1899.01.28 is missing important data.
Case number 1899.00.00.c is missing important data.
Case number 1899.00.00.b is missing important data.
Case number 1899.00.00.a is missing important data.
Case number 1898.12.28.R is missing important data.
Case number 1898.10.28 is missing important data.
Case number 1898.09.19.b.R is missing important data.
Case number 1898.09.19.a.R is missing important data.
Case number 1898.09.07.R is missing important data.
Case number 1898.08.22 is missing time data.
Case number 1898.08.14.R is missing time data.
Case number 1898.07.26.R is missing important data.
Case number 1898.07.15 is missing time data.
Case number 1898.07.14 is missing important data.
Case number 1898.07.00 is missing important data.
Case number 1898.06.22 is missing important data.
Case number 1898.04.13 is missing important data.
Case number 1898.01.24 is too old for OpenMeteo.
Case number 1898.00.00.R is missing important data.
Case number 1898.00.00.f is missing important data.
Case number 1898.00.00.e is missing important data.
Case number 1898.00.00.d is missing important data.
Case number 1898.00.00.c is missing important data.
Case number 1898.00.00.b is missing important data.
Case number 1898.00.00.a is missing important data.
Case number 1898.00.00 g is missing important data.
Case number 1897.12.04.R is missing important data.
Case number 1897.10.15 is missing important data.
Case number 1897.10.05.R is missing important data.
Case number 1897.09.17 is missing time data.
Case number 1897.09.06 is missing important data.
Case number 1897.07.21 is missing time data.
Case number 1897.06.09 is missing important data.
Case number 1897.03.15.b.R is missing important data.
Case number 1897.03.15.a.R is missing important data.
Case number 1897.00.00.b is missing important data.
Case number 1897.00.00.a is missing important data.
Case number 1896.12.23 is too old for OpenMeteo.
Case number 1896.12.20 is missing important data.
Case number 1896.12.17.R is missing important data.
Case number 1896.11.29 is missing important data.
Case number 1896.11.01 is missing important data.
Case number 1896.09.11.R is missing important data.
Case number 1896.07.25 is too old for OpenMeteo.
Case number 1896.06.21.R is missing important data.
Case number 1896.01.11 is missing time data.
Case number 1896.00.00.b is missing important data.
Case number 1896.00.00.a is missing important data.
Case number 1895.12.09 is missing important data.
Case number 1895.11.21.R is missing important data.
Case number 1895.11.16 is missing important data.
Case number 1895.09.18 is missing time data.
Case number 1895.09.14.R is missing important data.
Case number 1895.09.00 is missing important data.
Case number 1895.08.11 is too old for OpenMeteo.
Case number 1895.08.02 is missing important data.
Case number 1895.07.16.R is missing important data.
Case number 1895.06.13.R is missing important data.
Case number 1895.06.03.R is missing important data.
Case number 1895.05.21 is missing important data.
Case number 1895.05.03 is missing important data.
Case number 1895.04.29 is too old for OpenMeteo.
Case number 1895.04.23 is missing time data.
Case number 1895.03.29.R is missing important data.
Case number 1895.03.15 is missing important data.
Case number 1895.02.27 is missing important data.
Case number 1895.02.23.R is missing important data.
Case number 1895.00.00.b is missing important data.
Case number 1894.12.11 is missing important data.
Case number 1894.11.28 is missing time data.
Case number 1894.10.06.R is missing important data.
Case number 1894.09.12.R is missing important data.
Case number 1894.09.06.R is missing important data.
Case number 1894.09.01.R is missing important data.
Case number 1894.08.21 is missing important data.
Case number 1894.08.01 is missing important data.
Case number 1894.07.15.R is missing important data.
Case number 1894.06.29 is missing important data.
Case number 1894.06.25 is missing important data.
Case number 1894.06.15.b.R is missing important data.
Case number 1894.06.15.a.R is missing important data.
Case number 1894.04.28.b.R is missing important data.
Case number 1894.04.28.a.R is missing important data.
Case number 1893.10.20.R is missing important data.
Case number 1893.10.16 is missing important data.
Case number 1893.07.03 is missing important data.
Case number 1893.06.22.R is missing important data.
Case number 1893.06.22 is missing important data.
Case number 1893.05.23.R is missing important data.
Case number 1893.05.17 is too old for OpenMeteo.
Case number 1893.04.15 is missing important data.
Case number 1893.04.14 is missing important data.
Case number 1893.04.04 is too old for OpenMeteo.
Case number 1893.01.30.R is missing important data.
Case number 1893.01.18.R is missing important data.
Case number 1893.00.00 is missing important data.
Case number 1892.12.15 is missing important data.
Case number 1892.11.09.R is missing important data.
Case number 1892.11.06 is missing important data.
Case number 1892.09.16.R is missing important data.
Case number 1892.06.24 is missing important data.
Case number 1892.06.20.R is missing important data.
Case number 1892.05.19.R is missing important data.
Case number 1892.04.21.R is missing important data.
Case number 1892.03.25.R is missing important data.
Case number 1892.03.02 is missing time data.
Case number 1892.00.00 is missing important data.
Case number 1891.12.31.R is missing important data.
Case number 1891.12.22.R is missing important data.
Case number 1891.11.29 is missing important data.
Case number 1891.09.14.R is missing important data.
Case number 1891.08.30.R is missing important data.
Case number 1891.08.29 is missing important data.
Case number 1891.06.11 is missing important data.
Case number 1891.03.10 is missing important data.
Case number 1891.01.08.R is missing time data.
Case number 1890.12.30 is missing important data.
Case number 1890.12.27.R is missing important data.
Case number 1890.10.25.R is missing important data.
Case number 1890.08.17.R is missing important data.
Case number 1890.08.09 is missing important data.
Case number 1890.08.08 is missing important data.
Case number 1890.06.26 is missing important data.
Case number 1890.06.14.R is missing important data.
Case number 1890.06.02.R is missing important data.
Case number 1890.05.14 is missing important data.
Case number 1890.03.03.R is missing important data.
Case number 1890.02.25 is missing important data.
Case number 1890.00.00.e is missing important data.
Case number 1890.00.00.d is missing important data.
Case number 1890.00.00.c is missing important data.
Case number 1890.00.00.b is missing important data.
parse error: time data '1890.00.00 15h30' does not match format '%Y.%m.%d %Hh%M'
Case number 1890.00.00.a has invalid time data.
Case number 1889.11.29.R is missing important data.
Case number 1889.11.22 is missing important data.
Case number 1889.11.16 is missing important data.
Case number 1889.10.03.R is missing important data.
Case number 1889.07.21 is missing important data.
Case number 1889.07.19 is too old for OpenMeteo.
Case number 1889.07.08 is missing important data.
Case number 1889.01.31.R is missing important data.
Case number 1889.01.00 is missing important data.
Case number 1888.12.25.R is missing important data.
Case number 1888.12.09 is too old for OpenMeteo.
Case number 1888.12.00 is missing important data.
Case number 1888.10.23.R is missing important data.
Case number 1888.08.14 is missing time data.
Case number 1888.08.01.R is missing important data.
Case number 1888.07.20.R is missing important data.
Case number 1888.07.13.R is missing important data.
Case number 1888.07.04 is missing important data.
Case number 1888.06.24 is missing time data.
Case number 1888.06.18.R is missing important data.
Case number 1888.02.17 is too old for OpenMeteo.
Case number 1888.02.00 is missing important data.
Case number 1888.00.00 is missing important data.
Case number 1888.01.22 is missing important data.
Case number 1887.12.22.R is missing important data.
Case number 1887.12.04 is too old for OpenMeteo.
Case number 1887.10.18 is missing important data.
Case number 1887.10.00 is missing important data.
Case number 1887.09.22 is missing important data.
Case number 1887.09.06 is missing important data.
Case number 1887.07.30 is missing important data.
Case number 1887.03.12 is missing important data.
Case number 1887.02.08.R is missing important data.
Case number 1887.02.08 is missing important data.
Case number 1887.01.20 is too old for OpenMeteo.
Case number 1887.01.12 is too old for OpenMeteo.
Case number 1887.00.00 is missing important data.
Case number 1886.08.00.c is missing important data.
Case number 1886.08.00.b is missing important data.
Case number 1886.08.00.a is missing important data.
Case number 1886.07.10 is too old for OpenMeteo.
Case number 1886.06.17 is missing important data.
Case number 1886.06.02 is missing important data.
Case number 1886.05.06 is too old for OpenMeteo.
Case number 1886.04.26 is missing important data.
Case number 1886.04.11 is missing important data.
Case number 1886.03.06.R is missing important data.
Case number 1886.03.00 is missing important data.
Case number 1886.02.13.R is missing important data.
Case number 1886.01.28 is too old for OpenMeteo.
Case number 1886.01.26 is missing important data.
Case number 1886.01.01 is missing important data.
Case number 1886.00.00 is missing time data.
Case number 1885.11.26.R is missing important data.
Case number 1885.11.26 is missing time data.
Case number 1885.08.17 is missing important data.
Case number 1885.07.26.c is missing important data.
Case number 1885.07.26.b is missing important data.
Case number 1885.07.26.a is missing important data.
Case number 1885.04.16.R is missing important data.
Case number 1885.04.09 is missing important data.
Case number 1885.03.28 is missing important data.
Case number 1884.12.13 is missing important data.
Case number 1884.12.08.R is too old for OpenMeteo.
Case number 1884.08.28.R. is missing important data.
Case number 1884.08.18 is missing important data.
Case number 1884.04.38.R is missing important data.
Case number 1884.01.16 is missing important data.
Case number 1884.01.14 is missing important data.
Case number 1883.12.19 is too old for OpenMeteo.
Case number 1883.12.18.R is missing important data.
Case number 1883.10.20.R is missing important data.
Case number 1883.10.19.R is missing important data.
Case number 1883.09.14.R is missing important data.
Case number 1883.07.05 is missing important data.
Case number 1883.02.26.R is missing important data.
Case number 1883.02.25.R is missing important data.
Case number 1883.01.21 is too old for OpenMeteo.
Case number 1883.00.00.d is missing important data.
Case number 1883.00.00.c is missing important data.
Case number 1883.00.00.b is missing important data.
Case number 1883.00.00.a is missing important data.
Case number 1882.12.03 is missing important data.
Case number 1882.11.12.b is missing time data.
Case number 1882.11.12.a is missing time data.
Case number 1882.09.00 is missing important data.
Case number 1882.05.14 is missing time data.
Case number 1882.05.12.R is missing important data.
Case number 1882.04.15 is missing important data.
Case number 1882.02.07.R is missing important data.
Case number 1882.01.23.R is missing important data.
Case number 1882.01.05.R is missing important data.
Case number 1882.00.00.b is missing important data.
Case number 1882.00.00.a is missing important data.
Case number 1881.11.13 is missing time data.
Case number 1881.10.16 is missing important data.
Case number 1881.09.05 is missing time data.
Case number 1881.08.16.R is missing important data.
Case number 1881.08.12 is missing important data.
Case number 1881.06.25 is missing important data.
Case number 1881.06.13 is missing important data.
Case number 1881.00.00.b is missing important data.
Case number 1881.00.00.a is missing important data.
Case number 1880.11.25 is missing time data.
Case number 1880.10.10 is missing important data.
Case number 1880.08.08 is missing important data.
Case number 1880.07.25 is too old for OpenMeteo.
Case number 1880.05.15 is too old for OpenMeteo.
Case number 1880.05.14 is missing important data.
Case number 1880.05.07.R is missing important data.
Case number 1880.05.02.b is too old for OpenMeteo.
Case number 1880.05.02.a is too old for OpenMeteo.
Case number 1880.01.22 is too old for OpenMeteo.
Case number 1880.01.03 is missing important data.
Case number 1880.00.00.e is missing important data.
Case number 1880.00.00.d is missing important data.
Case number 1880.00.00.c is missing important data.
Case number 1880.00.00.a is missing important data.
Case number 1879.12.24 is missing important data.
Case number 1879.11.10 is missing important data.
Case number 1879.09.22 is missing important data.
Case number 1879.08.30.R is missing important data.
Case number 1879.07.03 is missing important data.
Case number 1879.03.19 is missing important data.
Case number 1879.03.10 is missing important data.
Case number 1879.00.00 is missing important data.
Case number 1878.11.17 is missing important data.
Case number 1878.10.24.R is missing important data.
Case number 1878.10.13 is missing important data.
Case number 1878.09.14.R is missing important data.
Case number 1878.09.02.b is missing important data.
Case number 1878.09.02.a is missing important data.
Case number 1878.08.09 is missing time data.
Case number 1878.08.08 is missing time data.
Case number 1878.06.10 is missing important data.
Case number 1878.03.30.R is missing important data.
Case number 1878.02.13 is missing important data.
Case number 1878.02.02 is missing important data.
Case number 1878.00.00 is missing important data.
Case number 1877.12.15.R is missing important data.
Case number 1877.12.15 is missing important data.
Case number 1877.12.12 is missing important data.
Case number 1877.09.15 is missing time data.
Case number 1877.08.28.R is missing important data.
Case number 1877.04.07 is missing important data.
Case number 1877.04.04. is missing time data.
Case number 1877.03.16 is missing important data.
Case number 1877.03.11 is missing important data.
Case number 1877.02.17.R is missing important data.
Case number 1877.01.28 is missing important data.
Case number 1877.01.24.R is missing important data.
Case number 1877.01.04 is missing important data.
Case number 1877.00.00 is missing important data.
Case number 1876.10.13.R is missing important data.
Case number 1876.09.07.R is missing important data.
Case number 1876.06.04.R is missing important data.
Case number 1876.05.14 is missing important data.
Case number 1876.02.06 is missing important data.
Case number 1876.00.00.d is missing important data.
Case number 1876.00.00.c is missing important data.
Case number 1876.00.00.b is missing important data.
Case number 1876.00.00.a is missing important data.
Case number 1875.11.27.R is missing important data.
Case number 1875.08.10 is missing important data.
Case number 1875.03.03 is missing important data.
Case number 1875.01.20.R is missing important data.
Case number 1874.11.21 is missing important data.
Case number 1875.00.00 is missing important data.
Case number 1874.11.14.R is missing important data.
Case number 1874.07.23 is missing important data.
Case number 1874.07.15.R is missing important data.
Case number 1874.07.15 is missing time data.
Case number 1876.06.18.R is missing important data.
Case number 1874.06.15.b.R is missing important data.
Case number 1874.06.15.a.R is missing important data.
Case number 1874.06.00 is missing important data.
Case number 1874.04.20.R is missing important data.
Case number 1874.02.15 is missing time data.
Case number 1874.01.09 is missing important data.
Case number 1873.07.28 is missing important data.
Case number 1873.06.09.R is missing important data.
Case number 1873.01.09.R is missing important data.
Case number 1873.00.00 is missing important data.
Case number 1872.11.30.R is missing important data.
Case number 1872.11.24 is missing important data.
Case number 1872.10.22 is missing important data.
Case number 1872.08.07.R is missing important data.
Case number 1872.04.03.R is missing important data.
Case number 1872.02.26 is missing important data.
Case number 1872.01.28 is missing time data.
Case number 1872.00.00 is missing important data.
Case number 1871.12.11.R is missing important data.
Case number 1871.08.29.R is missing important data.
Case number 1871.08.00 is missing important data.
Case number 1871.05.22.R is missing important data.
Case number 1871.05.13.R is missing important data.
Case number 1871.03.24 is missing important data.
Case number 1871.00.00.c is missing important data.
Case number 1871.00.00.b is missing important data.
Case number 1871.00.00.a is missing time data.
Case number 1870.07.27 is missing important data.
Case number 1870.06.19 is missing important data.
Case number 1870.06.01 is missing important data.
Case number 1870.05.26.R is missing important data.
Case number 1870.05.18 is missing important data.
Case number 1870.05.11 is missing important data.
Case number 1870.01.09 is missing important data.
Case number 1870.00.00 is missing important data.
Case number 1869.04.15.R is missing important data.
Case number 1869.04.10 is missing important data.
Case number 1868.09.01 is missing important data.
Case number 1868.05.13 is too old for OpenMeteo.
Case number 1868.01.17 is missing important data.
Case number 1868.01.04.R is missing important data.
Case number 1868.00.00.b is missing important data.
Case number 1868.00.00.a is missing important data.
Case number 1867.08.22.R is missing important data.
Case number 1867.08.00 is missing important data.
Case number 1867.06.26 is missing important data.
Case number 1867.01.26.R is missing important data.
Case number 1867.00.00 is missing important data.
Case number 1866.07.09.R is missing important data.
Case number 1866.04.24.R is missing important data.
Case number 1865.09.02 is too old for OpenMeteo.
Case number 1865.07.14.R is missing important data.
Case number 1865.03.01.R is missing important data.
Case number 1865.00.00 is missing important data.
Case number 1864.10.02 is missing important data.
Case number 1864.09.18.R is missing important data.
Case number 1864.09.00 is missing important data.
Case number 1864.08.12 is missing important data.
Case number 1864.08.00 is missing important data.
Case number 1864.07.25 is missing time data.
Case number 1864.05 is missing important data.
Case number 1864.04.09 is missing important data.
Case number 1864.04.00 is missing important data.
Case number 1864.01.27.R is missing important data.
Case number 1864.01.16.R is missing important data.
Case number 1864.01.02 is missing important data.
parse error: time data '1864.00.00 16h00' does not match format '%Y.%m.%d %Hh%M'
Case number 1864.00.00.R has invalid time data.
Case number 1864.00.00 is missing important data.
Case number 1863.12.14 is missing time data.
Case number 1863.09.13.R is missing important data.
Case number 1863.07.09 is missing important data.
Case number 1863.04.00 is missing important data.
Case number 1863.03.05 is too old for OpenMeteo.
Case number 1863.02.05 is missing important data.
Case number 1863.01.10 is missing time data.
Case number 1863.00.00.R4 is missing important data.
Case number 1863.00.00.R3 is missing important data.
Case number 1863.00.00.R2 is missing important data.
Case number 1863.00.00.R is missing important data.
Case number 1862.12.22 is too old for OpenMeteo.
Case number 1862.12.19.R is missing important data.
Case number 1862.12.04 is missing important data.
Case number 1862.08.15.R is missing important data.
Case number 1862.08.02.R is missing important data.
Case number 1862.07.25 is missing important data.
Case number 1862.07.14 is missing important data.
Case number 1862.07.13 is too old for OpenMeteo.
Case number 1862.06.03 is missing important data.
Case number 1862.05.05 is missing important data.
Case number 1862.00.00.b is missing important data.
Case number 1862.00.00.a is missing important data.
Case number 1861.11.10 is missing important data.
Case number 1861.09.25.R is missing important data.
Case number 1861.03.00 is missing important data.
Case number 1861.02.12.R is missing important data.
Case number 1861.01.15.R is missing important data.
Case number 1860.12.26 is missing important data.
Case number 1860.10.00 is missing time data.
Case number 1860.08.01 is missing time data.
Case number 1860.04.00.b is missing important data.
Case number 1860.04.00.a is missing important data.
Case number 1860.03.27 is missing important data.
Case number 1860.03.11 is missing important data.
Case number 1859.03.16 is missing important data.
Case number 1858.08.23 is missing important data.
Case number 1858.08.17 is missing important data.
Case number 1858.04.04 is missing important data.
Case number 1858.03.14 is too old for OpenMeteo.
Case number 1858.01.14.R is missing important data.
Case number 1858.01.09.R is missing important data.
Case number 1857.05.05 is missing important data.
Case number 1856.11.25.R is missing important data.
Case number 1856.11.20.R is missing important data.
Case number 1856.06.21.R is missing important data.
Case number 1856.02.06 is missing important data.
Case number 1855.11.11 is missing important data.
Case number 1855.09.30 is missing important data.
Case number 1855.07.28 is missing important data.
Case number 1855.04.09.R is missing important data.
Case number 1855.03.28 is missing important data.
Case number 1855.02.12.R is missing important data.
Case number 1855.00.00 is missing important data.
Case number 1853.11.08 is missing important data.
Case number 1853.09.28 is missing important data.
Case number 1853.07.13.R is missing important data.
Case number 1853,94.29 is missing important data.
Case number 1853.00.00.d is missing important data.
Case number 1853.00.00.c is missing important data.
Case number 1853.00.00.b is missing important data.
Case number 1853.00.00.a is missing important data.
Case number 1852.12.19 is missing important data.
Case number 1852.10.23.R is missing important data.
Case number 1852.10.09.R is missing important data.
Case number 1852.08.07 is missing important data.
Case number 1852.08.00 is missing important data.
Case number 1852.07.28 is missing important data.
Case number 1852.05.24 is missing important data.
Case number 1852.02.26 is too old for OpenMeteo.
Case number 1852.01.22 is missing important data.
Case number 1852.00.00 is missing important data.
Case number 1851.06.16.R is missing important data.
Case number 1851.03.08.R is missing important data.
Case number 1851.00.00 is missing important data.
Case number 1850.10.21 is missing important data.
Case number 1850.00.00 is missing important data.
Case number 1849.12.09 is missing important data.
Case number 1849.12.01 is missing time data.
Case number 1849.10.04 is missing important data.
Case number 1849.09.19 is missing important data.
Case number 1849.06.08.b is missing important data.
Case number 1849.06.08.a is missing important data.
Case number 1849.01.27 is missing important data.
Case number 1848.08.31 is missing important data.
Case number 1848.07.17.R is missing important data.
Case number 1848.07.00 is missing important data.
Case number 1847.11.30 is missing important data.
Case number 1847.09.10 is missing important data.
Case number 1847.07.19 is missing important data.
Case number 1847.07.03.R is missing important data.
Case number 1847.03.11 is missing important data.
Case number 1847.02.12 is missing important data.
Case number 1847.00.00.c is missing important data.
Case number 1847.00.00.b is missing important data.
Case number 1847.00.00.a is missing important data.
Case number 1846.12.08 is missing important data.
Case number 1846.09.30.R is missing important data.
Case number 1846.08.20.R is missing important data.
Case number 1845.12.26 is missing important data.
Case number 1845.11.04 is missing important data.
Case number 1845.09.16.R is missing important data.
Case number 1845.09.10.R is missing important data.
Case number 1845.07.31.R is missing important data.
Case number 1845.00.00.R is missing important data.
Case number 1844.07.20. is missing important data.
Case number 1844.07.16.R is missing important data.
Case number 1844.05.24 is missing important data.
Case number 1844.00.00 is missing important data.
Case number 1842.07.13 is missing important data.
Case number 1842.07.06 is missing important data.
Case number 1842.00.00.b is missing important data.
Case number 1842.00.00.a is missing important data.
Case number 1841.03.27 is too old for OpenMeteo.
Case number 1840.12.00 is missing important data.
Case number 1840.09.18.R is missing important data.
Case number 1840.07.22.R is missing important data.
Case number 1840.04.09.R is missing important data.
Case number 1840.02.00 is missing important data.
Case number 1839.11.17 is missing important data.
Case number 1839.04.14 is missing important data.
Case number 1839.00.00.b is missing important data.
Case number 1839.00.00.a is missing important data.
Case number 1837.09.03 is missing important data.
Case number 1837.07.00 is missing time data.
Case number 1837.01.17 is missing time data.
Case number 1837.00.00.a is missing important data.
Case number 1836.08.19.R is missing important data.
Case number 1836.07.26.R is missing important data.
Case number 1836.00.00.a is missing important data.
Case number 1835.02.21.R is missing important data.
Case number 1835.01.06 is missing important data.
Case number 1834.07.15.R is missing important data.
Case number 1832.06.04 is missing important data.
Case number 1832.01.23.R is missing important data.
Case number 1831.08.24 is missing important data.
Case number 1831.01.22.R is missing important data.
Case number 1830.07.26 is missing important data.
Case number 1830.07.02.R is missing time data.
Case number 1830.04.30 is too old for OpenMeteo.
Case number 1830.04.22.R is missing important data.
Case number 1829.07.03.R is missing important data.
Case number 1829.06.10 is missing time data.
Case number 1829.00.00 is missing important data.
Case number 1828.09.28 is missing important data.
Case number 1828.00.00 is missing important data.
Case number 1827.06.00.b is missing important data.
Case number 1827.06.00.a is missing important data.
Case number 1827.00.00 is missing important data.
Case number 1826.12.00 is missing important data.
Case number 1826.11.00 is missing important data.
Case number 1826.08.28 is missing important data.
Case number 1826.08.15.R is missing important data.
Case number 1826.05.20.R is missing important data.
Case number 1825.00.00.b is missing important data.
Case number 1825.00.00 is missing important data.
Case number 1823.12.30.R is missing important data.
Case number 1822.04.15 is missing important data.
Case number 1819.07.08.R is missing important data.
Case number 1818.05.22.R is missing important data.
Case number 1817.06.24 is missing important data.
Case number 1817.06.15 is missing time data.
Case number 1817.05.11 is missing time data.
Case number 1817.02.22 is too old for OpenMeteo.
Case number 1816.09.03.R is missing important data.
Case number 1815.10.00 is missing important data.
Case number 1812.07.00 is missing important data.
Case number 1811.03.01 is missing important data.
Case number 1810.09.15 is missing important data.
Case number 1808.12.25.R is missing important data.
Case number 1808.06.01.R is missing important data.
Case number 1808.02.07.R is missing important data.
Case number 1807.01.12 is missing important data.
Case number 1806.04.24 is missing important data.
Case number 1805.09.00 is missing important data.
Case number 1804.02.26.R is missing important data.
Case number 1803.05.17 is missing important data.
Case number 1803.03.00 is missing important data.
Case number 1802.04.13.R is missing important data.
Case number 1801.12.18.R is missing important data.
Case number 1800.00.00 is missing important data.
Case number 1797.05.28.R is missing important data.
Case number 1792.09.12 is missing important data.
Case number 1791.00.00 is missing important data.
Case number 1788.05.10 is missing important data.
Case number 1787.07.05 is missing important data.
Case number 1786.08.10.R is missing important data.
Case number 1785.09.26.R is missing important data.
Case number 1784.12.12 is too old for OpenMeteo.
Case number 1783.03.02 is too old for OpenMeteo.
Case number 1780.08.08 is missing important data.
Case number 1779.00.00 is missing important data.
Case number 1776.00.00.R is missing important data.
Case number 1776.00.00.b is missing important data.
Case number 1771.07.12.R is missing important data.
Case number 1767.00.00 is missing important data.
Case number 1764.00.00 is missing important data.
Case number 1758.00.00 is missing important data.
Case number 1753.10.27.R is missing important data.
Case number 1751.07.27 is missing important data.
Case number 1749.00.00 is missing important data.
Case number 1755.00.00 is missing important data.
Case number 1748.00.00 is missing important data.
Case number 1742.12.17 is missing important data.
Case number 1738.04.06.R is missing important data.
Case number 1733.00.00 is missing important data.
Case number 1723.00.00 is missing important data.
Case number 1721.06.00 is missing important data.
Case number 1703.03.26 is missing time data.
Case number 1700.00.00.c is missing important data.
Case number 1700.00.00.b is missing important data.
Case number 1700.00.00.a is missing important data.
Case number 1642.00.00.b is missing important data.
Case number 1638.00.00.R is missing important data.
Case number 1637.00.00.R is missing important data.
Case number 1617.00.00.R is missing important data.
Case number 1642.00.00 is missing important data.
Case number 1595.00.00 is missing important data.
Case number 1580.01.10.R is missing important data.
Case number 1555.00.00 is missing important data.
Case number 1554.00.00 is missing important data.
Case number 1543.00.00 is missing important data.
Case number 0500.00.00 is missing important data.
Case number 0077.00.00 is missing important data.
Case number 0005.00.00 is missing important data.
Case number 0.0214 is missing important data.
Case number 0.0336 is missing important data.
Case number 0.0493 is missing important data.
Case number 0.0725 is missing important data.
Case number ND-0154 is missing important data.
Case number ND-0153 is missing important data.
Case number ND-0152 is missing important data.
Case number ND-0151 is missing important data.
Case number ND-0150 is missing important data.
Case number ND-0149 is missing important data.
Case number ND-0148 is missing important data.
Case number ND-1940 is missing important data.
Case number ND-0139 is missing important data.
Case number ND-0138 is missing important data.
Case number ND-0136 is missing important data.
Case number ND-0135 is missing important data.
Case number ND-0134 is missing important data.
Case number ND-0133 is missing important data.
Case number ND-0132 is missing important data.
Case number ND-0130 is missing important data.
Case number ND-0129 is missing important data.
Case number ND-0127 is missing important data.
Case number ND-0124 is missing important data.
Case number ND-0123 is missing important data.
Case number ND-0122 is missing important data.
Case number ND-0119 is missing important data.
Case number ND-0118 is missing important data.
Case number ND-0116 is missing important data.
Case number ND-0115 is missing important data.
Case number ND-0114 is missing important data.
Case number ND-0113 is missing important data.
Case number ND-0111 is missing important data.
Case number ND.0110 is missing important data.
Case number ND-0109 is missing important data.
Case number ND-0108 is missing important data.
Case number ND-0107 is missing important data.
Case number ND-0106 is missing important data.
Case number ND.0104 is missing important data.
Case number ND.0102 is missing important data.
Case number ND.0100 is missing important data.
Case number ND.0097 is missing important data.
Case number ND.0096 is missing important data.
Case number ND.0095 is missing important data.
Case number ND.0094 is missing important data.
Case number ND.0093 is missing important data.
Case number ND.0091 is missing important data.
Case number ND.0090 is missing important data.
Case number ND.0089 is missing important data.
Case number ND.0088 is missing important data.
Case number ND.0087 is missing important data.
Case number ND.0086 is missing important data.
Case number ND.0085 is missing important data.
Case number ND.0084 is missing important data.
Case number ND.0083 is missing important data.
Case number ND.0082 is missing important data.
Case number ND.0081 is missing important data.
Case number ND.0078 is missing important data.
Case number ND.0076 is missing important data.
Case number ND.0075 is missing important data.
Case number ND.0074 is missing important data.
Case number ND.0073 is missing important data.
Case number ND.0069 is missing important data.
Case number ND.0068 is missing important data.
Case number ND.0066 is missing important data.
Case number ND.0065 is missing time data.
Case number ND.0064 is missing time data.
Case number ND.0063 is missing time data.
Case number ND.0062 is missing important data.
Case number ND.0060 is missing important data.
Case number ND.0059 is missing important data.
Case number ND.0058 is missing important data.
Case number ND.0057 is missing important data.
Case number ND.0056 is missing important data.
Case number ND.0055 is missing important data.
Case number ND.0054 is missing important data.
Case number ND.0053 is missing important data.
Case number ND.0052 is missing important data.
Case number ND.0051 is missing important data.
Case number ND.0049 is missing important data.
Case number ND.0048 is missing important data.
Case number ND.0047 is missing important data.
Case number ND.0046 is missing important data.
Case number ND.0044 is missing important data.
Case number ND.0043 is missing important data.
Case number ND.0042 is missing important data.
Case number ND.0041 is missing important data.
Case number ND.0040 is missing important data.
Case number ND.0039 is missing important data.
Case number ND.0038 is missing time data.
Case number ND.0037 is missing important data.
Case number ND.0036 is missing important data.
Case number ND.0035 is missing important data.
Case number ND.0034 is missing important data.
Case number ND.0033 is missing important data.
Case number ND.0032 is missing important data.
Case number ND.0031 is missing important data.
Case number ND.0030 is missing important data.
Case number ND.0028 is missing important data.
Case number ND.0027 is missing important data.
Case number ND.0026 is missing important data.
Case number ND.0025 is missing important data.
Case number ND.0024 is missing important data.
Case number ND.0023 is missing important data.
Case number ND.0022 is missing important data.
Case number ND.0021 is missing important data.
Case number ND.0020 is missing important data.
Case number ND.0019 is missing important data.
Case number ND.0018 is missing important data.
Case number ND.0017 is missing important data.
Case number ND.0016 is missing important data.
Case number ND.0015 is missing important data.
Case number ND.0014 is missing important data.
Case number ND.0013 is missing important data.
Case number ND.0012 is missing important data.
Case number ND.0011 is missing important data.
Case number ND.0010 is missing important data.
Case number ND.0009 is missing important data.
Case number ND.0008 is missing important data.
Case number ND.0007 is missing important data.
Case number ND.0006 is missing important data.
Case number ND.0005 is missing important data.
Case number ND.0004 is missing important data.
Case number ND.0003 is missing important data.
Case number ND.0002 is missing important data.
Case number ND.0001 is missing important data.
Got coordinates for case number 1970.09.28. Lat: 6.500000, Long: 154.000000
Got coordinates for case number 1970.12.07. Lat: 8.581944, Long: 150.407222
Got coordinates for case number 1970.09.05. Lat: 28.320007, Long: -80.607551
Got timezone for case number 1971.09.07. Timezone: Europe/Zagreb
Got coordinates for case number 1970.06.15. Lat: -29.824851, Long: 31.029633
Got coordinates for case number 1970.06.13.b. Lat: 12.124261, Long: -61.623856
Got timezone for case number 1971.10.02. Timezone: America/Los_Angeles
Got timezone for case number 1971.08.21. Timezone: Australia/Sydney
Got timezone for case number 1971.06.30. Timezone: Africa/Johannesburg
Got timezone for case number 1971.04.11. Timezone: Africa/Johannesburg
Got timezone for case number 1971.03.30. Timezone: Pacific/Auckland
Got coordinates for case number 1970.04.04. Lat: 12.124261, Long: -61.623856
Got timezone for case number 1971.04.06. Timezone: America/Mexico_City
Got timezone for case number 1970.12.17. Timezone: Africa/Maputo
Got coordinates for case number 1970.06.13.a. Lat: 12.124261, Long: -61.623856
Got timezone for case number 1970.09.28. Timezone: UTC
Got timezone for case number 1970.12.07. Timezone: UTC
Got timezone for case number 1970.09.05. Timezone: America/New_York
Got timezone for case number 1970.06.15. Timezone: Africa/Johannesburg
Got timezone for case number 1970.06.13.b. Timezone: America/Grenada
Got timezone for case number 1970.04.04. Timezone: America/Grenada
Got timezone for case number 1970.06.13.a. Timezone: America/Grenada
Timezone Australia/Sydney
Timezone Pacific/Auckland
Timezone America/New_York
Timezone Asia/Bangkok
Timezone Australia/Brisbane
Timezone Australia/Perth
Timezone Australia/Perth
Timezone Australia/Brisbane
Timezone Indian/Mahe
Timezone Pacific/Port_Moresby
Timezone Africa/Johannesburg
Timezone America/Los_Angeles
Timezone Australia/Perth
Timezone Pacific/Honolulu
Timezone Australia/Brisbane
Timezone America/Mexico_City
Fetching weather data for case number 2020.01.17.
Fetching weather data for case number 2020.01.13.
Fetching weather data for case number 2020.01.05.
Fetching weather data for case number 2020.01.02.
Fetching weather data for case number 2020.01.12.
Fetching weather data for case number 2019.12.26.b.
Fetching weather data for case number 2019.12.26.a.
Fetching weather data for case number 2019.11.23.R.
Fetching weather data for case number 2020.01.16.
Fetching weather data for case number 2020.01.07.
Fetching weather data for case number 2019.11.30.a.
Fetching weather data for case number 2019.12.28.
Fetching weather data for case number 2019.12.30.
Fetching weather data for case number 2019.12.06.
Fetching weather data for case number 2019.12.21.
Fetching weather data for case number 2019.12.03.
Got weather data for case number 2020.01.12.
Timezone Africa/Johannesburg
Fetching weather data for case number 2019.11.09.
Got weather data for case number 2019.12.03.
Timezone Australia/Brisbane
Fetching weather data for case number 2019.10.29.
Got weather data for case number 2019.12.30.
Timezone America/New_York
Fetching weather data for case number 2019.10.27.
Got weather data for case number 2019.12.21.
Timezone Pacific/Tahiti
Got weather data for case number 2020.01.07.
Timezone Australia/Brisbane
Fetching weather data for case number 2019.10.17.
Got weather data for case number 2019.11.23.R.
Timezone America/New_York
Fetching weather data for case number 2019.10.08.
Got weather data for case number 2019.12.26.b.
Timezone Australia/Sydney
Fetching weather data for case number 2019.10.05.b.
Got weather data for case number 2019.12.06.
Timezone America/New_York
Fetching weather data for case number 2019.10.08.
Got weather data for case number 2020.01.13.
Timezone Pacific/Honolulu
Fetching weather data for case number 2019.09.26.
Got weather data for case number 2019.11.30.a.
Timezone America/New_York
Fetching weather data for case number 2019.09.24.b.
Got weather data for case number 2019.12.28.
Timezone America/New_York
Fetching weather data for case number 2019.09.24.a.
Got weather data for case number 2020.01.17.
Timezone Pacific/Honolulu
Fetching weather data for case number 2019.09.18.
Got weather data for case number 2020.01.05.Got weather data for case number 2020.01.02.
Timezone Australia/Perth
Fetching weather data for case number 2019.09.07.
Got weather data for case number 2019.12.26.a.
Timezone America/New_York
Fetching weather data for case number 2019.08.27.

Timezone America/New_York
Fetching weather data for case number 2019.08.21.
Got weather data for case number 2020.01.16.
Timezone Pacific/Honolulu
Fetching weather data for case number 2019.08.20.
Fetching weather data for case number 2019.10.21.
Got weather data for case number 2019.11.09.
Timezone America/New_York
Fetching weather data for case number 2019.08.16.
Got weather data for case number 2019.10.08.
Timezone Pacific/Honolulu
Fetching weather data for case number 2019.08.11.
Got weather data for case number 2019.10.27.
Timezone America/New_York
Fetching weather data for case number 2019.08.04.
Got weather data for case number 2019.10.17.
Timezone America/New_York
Fetching weather data for case number 2019.08.03.c.
Got weather data for case number 2019.10.29.
Timezone America/New_York
Fetching weather data for case number 2019.08.03.b.
Got weather data for case number 2019.09.26.
Timezone America/New_York
Fetching weather data for case number 2019.07.29.
Got weather data for case number 2019.10.08.
Timezone Australia/Brisbane
Fetching weather data for case number 2019.07.28.
Got weather data for case number 2019.09.24.a.
Timezone America/New_York
Fetching weather data for case number 2019.07.27.b.
Got weather data for case number 2019.08.27.
Timezone America/New_York
Fetching weather data for case number 2019.07.22.
Got weather data for case number 2019.10.05.b.
Timezone America/New_York
Fetching weather data for case number 2019.07.16.
Got weather data for case number 2019.09.18.
Timezone America/New_York
Fetching weather data for case number 2019.07.12.
Got weather data for case number 2019.09.07.
Timezone Africa/Johannesburg
Fetching weather data for case number 2019.07.10.
Got weather data for case number 2019.08.20.
Timezone Australia/Brisbane
Fetching weather data for case number 2019.07.09.
Got weather data for case number 2019.10.21.
Timezone America/Nassau
Got weather data for case number 2019.09.24.b.
Timezone America/New_York
Fetching weather data for case number 2019.06.30.
Got weather data for case number 2019.08.21.
Timezone America/Nassau
Fetching weather data for case number 2019.06.26.
Fetching weather data for case number 2019.07.04.
Got weather data for case number 2019.08.16.
Timezone America/New_York
Fetching weather data for case number 2019.06.16.b.
Got weather data for case number 2019.08.04.
Timezone America/New_York
Fetching weather data for case number 2019.06.16.a.
Got weather data for case number 2019.08.11.
Timezone America/New_York
Fetching weather data for case number 2019.06.10.
Got weather data for case number 2019.08.03.b.
Timezone Australia/Sydney
Fetching weather data for case number 2019.06.05.
Got weather data for case number 2019.08.03.c.
Timezone America/New_York
Fetching weather data for case number 2019.06.02.
Got weather data for case number 2019.07.28.
Timezone Pacific/Honolulu
Fetching weather data for case number 2019.05.25.b.
Got weather data for case number 2019.07.29.
Timezone Pacific/Noumea
Got weather data for case number 2019.07.27.b.
Timezone Pacific/Honolulu
Fetching weather data for case number 2019.05.14.b.
Got weather data for case number 2019.07.16.
Timezone Australia/Brisbane
Fetching weather data for case number 2019.05.14.a.
Got weather data for case number 2019.07.22.
Timezone Indian/Reunion
Fetching weather data for case number 2019.05.25.a.
Fetching weather data for case number 2019.05.09.
Got weather data for case number 2019.07.12.
Timezone America/New_York
Fetching weather data for case number 2019.05.01.
Got weather data for case number 2019.07.09.
Timezone Australia/Sydney
Fetching weather data for case number 2019.04.27.R.
Got weather data for case number 2019.07.10.
Timezone Pacific/Honolulu
Fetching weather data for case number 2019.04.23.
Got weather data for case number 2019.06.30.
Timezone America/New_York
Fetching weather data for case number 2019.04.21.
Got weather data for case number 2019.07.04.
Timezone America/New_York
Fetching weather data for case number 2019.04.12.
Got weather data for case number 2019.06.26.
Timezone UTC
Fetching weather data for case number 2019.04.06.a.
Got weather data for case number 2019.06.10.
Timezone Pacific/Honolulu
Fetching weather data for case number 2019.03.26.
Got weather data for case number 2019.06.16.b.
Timezone UTC
Fetching weather data for case number 2019.03.25.
Got weather data for case number 2019.06.02.
Timezone America/New_York
Fetching weather data for case number 2019.03.22.
Got weather data for case number 2019.06.05.
Timezone America/Mexico_City
Fetching weather data for case number 2019.03.21.
Got weather data for case number 2019.05.25.b.
Timezone America/New_York
Fetching weather data for case number 2019.03.12.
Got weather data for case number 2019.05.14.b.
Timezone America/Los_Angeles
Fetching weather data for case number 2019.03.05.b.
Got weather data for case number 2019.06.16.a.
Timezone Africa/Johannesburg
Fetching weather data for case number 2019.03.05.a.
Got weather data for case number 2019.05.14.a.
Timezone Australia/Sydney
Fetching weather data for case number 2019.02.17.
Got weather data for case number 2019.05.09.
Timezone America/Noronha
Got weather data for case number 2019.05.01.
Timezone Pacific/Honolulu
Fetching weather data for case number 2019.02.04.b.
Got weather data for case number 2019.05.25.a.
Timezone Australia/Sydney
Fetching weather data for case number 2019.02.04.a.
Fetching weather data for case number 2019.02.14.
Got weather data for case number 2019.04.27.R.
Timezone America/New_York
Fetching weather data for case number 2019.02.02.a.
Got weather data for case number 2019.04.12.
Timezone Indian/Reunion
Fetching weather data for case number 2019.01.30.
Got weather data for case number 2019.04.23.
Timezone Australia/Perth
Fetching weather data for case number 2019.01.14.
Got weather data for case number 2019.04.06.a.
Timezone Australia/Brisbane
Fetching weather data for case number 2019.01.10.
Got weather data for case number 2019.04.21.
Timezone America/Los_Angeles
Fetching weather data for case number 2019.01.08.
Got weather data for case number 2019.03.26.
Timezone America/Hermosillo
Got weather data for case number 2019.03.25.
Timezone Pacific/Auckland
Fetching weather data for case number 2018.12.15.a.
Got weather data for case number 2019.03.21.
Timezone Pacific/Auckland
Fetching weather data for case number 2018.12.09.b.
Got weather data for case number 2019.03.22.
Timezone Australia/Sydney
Fetching weather data for case number 2018.12.09.a.
Got weather data for case number 2019.03.05.a.
Timezone Australia/Darwin
Got weather data for case number 2019.03.12.
Timezone Australia/Sydney
Fetching weather data for case number 2018.11.17.
Got weather data for case number 2019.03.05.b.
Timezone Australia/Perth
Fetching weather data for case number 2018.11.11.a.
Got weather data for case number 2019.02.04.b.
Timezone America/Nassau
Fetching weather data for case number 2018.11.09.
Got weather data for case number 2019.02.17.
Timezone Australia/Sydney
Fetching weather data for case number 2018.11.07.a.
Fetching weather data for case number 2018.12.18.
Fetching weather data for case number 2018.11.18.
Got weather data for case number 2019.02.04.a.
Timezone UTC
Fetching weather data for case number 2018.11.05.
Got weather data for case number 2019.02.14.
Timezone Australia/Perth
Fetching weather data for case number 2018.10.24.
Got weather data for case number 2019.02.02.a.
Timezone Australia/Sydney
Fetching weather data for case number 2018.10.19.b.
Got weather data for case number 2019.01.30.
Timezone Pacific/Auckland
Fetching weather data for case number 2018.10.19.a.
Got weather data for case number 2019.01.14.
Timezone Australia/Perth
Fetching weather data for case number 2018.10.13.
Got weather data for case number 2019.01.08.
Timezone America/New_York
Fetching weather data for case number 2018.08.05.
Got weather data for case number 2019.01.10.
Timezone Africa/Cairo
Fetching weather data for case number 2018.08.03.
Got weather data for case number 2018.12.09.a.
Timezone America/New_York
Fetching weather data for case number 2018.07.18.b.
Got weather data for case number 2018.12.15.a.
Timezone America/New_York
Fetching weather data for case number 2018.07.18.a.
Got weather data for case number 2018.12.09.b.
Timezone America/Chicago
Got weather data for case number 2018.11.11.a.
Timezone America/Los_Angeles
Fetching weather data for case number 2018.07.14.b.
Got weather data for case number 2018.11.17.
Timezone America/New_York
Fetching weather data for case number 2018.07.14.a.
Got weather data for case number 2018.11.09.
Timezone America/New_York
Fetching weather data for case number 2018.07.11.b.
Got weather data for case number 2018.11.07.a.
Timezone America/New_York
Fetching weather data for case number 2018.07.13.a.
Got weather data for case number 2018.11.18.
Timezone America/New_York
Fetching weather data for case number 2018.07.11.
Got weather data for case number 2018.12.18.
Timezone America/New_York
Fetching weather data for case number 2018.07.07.
Got weather data for case number 2018.11.05.
Timezone America/New_York
Fetching weather data for case number 2018.07.02.
Got weather data for case number 2018.10.19.b.
Timezone America/Los_Angeles
Fetching weather data for case number 2018.06.25.
Got weather data for case number 2018.10.24.
Timezone America/New_York
Fetching weather data for case number 2018.06.18.a.
Got weather data for case number 2018.10.19.a.
Timezone Pacific/Honolulu
Fetching weather data for case number 2018.06.09.
Fetching weather data for case number 2018.07.16.R.
Got weather data for case number 2018.08.05.
Timezone America/New_York
Fetching weather data for case number 2018.05.26.b.
Got weather data for case number 2018.10.13.
Timezone America/New_York
Fetching weather data for case number 2018.05.26.a.
Got weather data for case number 2018.08.03.
Timezone America/New_York
Fetching weather data for case number 2018.05.13.b.
Got weather data for case number 2018.07.18.a.
Timezone Europe/London
Got weather data for case number 2018.07.18.b.
Timezone Africa/Johannesburg
Fetching weather data for case number 2018.05.12.
Got weather data for case number 2018.07.14.b.
Timezone Australia/Sydney
Fetching weather data for case number 2018.05.09.
Got weather data for case number 2018.07.14.a.
Timezone America/Costa_Rica
Got weather data for case number 2018.07.11.b.
Timezone Australia/Perth
Fetching weather data for case number 2018.04.28.a.
Got weather data for case number 2018.07.11.
Timezone Australia/Sydney
Fetching weather data for case number 2018.04.25.b.
Got weather data for case number 2018.07.07.
Timezone Australia/Perth
Fetching weather data for case number 2018.04.25.a.
Got weather data for case number 2018.07.02.
Timezone Indian/Maldives
Fetching weather data for case number 2018.04.28.b.
Fetching weather data for case number 2018.05.13.a.
Got weather data for case number 2018.06.25.
Timezone Africa/Johannesburg
Fetching weather data for case number 2018.04.22.
Got weather data for case number 2018.07.16.R.
Timezone Australia/Perth
Fetching weather data for case number 2018.04.15.a.
Fetching weather data for case number 2018.04.23.
Got weather data for case number 2018.05.26.b.
Timezone America/Nassau
Fetching weather data for case number 2018.04.14.
Got weather data for case number 2018.06.18.a.
Timezone Pacific/Noumea
Fetching weather data for case number 2018.04.09.
Got weather data for case number 2018.06.09.
Timezone America/Nassau
Fetching weather data for case number 2018.04.05.
Got weather data for case number 2018.05.13.b.
Timezone Africa/Johannesburg
Fetching weather data for case number 2018.04.03.
Got weather data for case number 2018.05.26.a.
Timezone Pacific/Honolulu
Fetching weather data for case number 2018.03.31.
Got weather data for case number 2018.07.13.a.
Timezone Australia/Perth
Fetching weather data for case number 2018.03.14.
Got weather data for case number 2018.04.25.b.
Timezone Australia/Melbourne
Got weather data for case number 2018.05.09.
Timezone Australia/Melbourne
Got weather data for case number 2018.04.28.a.
Timezone Australia/Sydney
Fetching weather data for case number 2018.02.23.
Got weather data for case number 2018.05.12.
Timezone Australia/Sydney
Fetching weather data for case number 2018.02.15.
Got weather data for case number 2018.04.25.a.
Timezone Australia/Brisbane
Fetching weather data for case number 2018.02.14.
Got weather data for case number 2018.05.13.a.
Timezone Australia/Perth
Fetching weather data for case number 2018.01.28.
Got weather data for case number 2018.04.28.b.
Timezone Pacific/Noumea
Fetching weather data for case number 2018.01.21.
Got weather data for case number 2018.04.22.
Timezone Australia/Brisbane
Fetching weather data for case number 2018.01.14.
Got weather data for case number 2018.04.14.
Timezone Pacific/Honolulu
Fetching weather data for case number 2017.12.31.
Got weather data for case number 2018.04.15.a.
Timezone America/Los_Angeles
Fetching weather data for case number 2017.12.30.
Got weather data for case number 2018.04.23.
Timezone America/Los_Angeles
Fetching weather data for case number 2017.11.24.
Got weather data for case number 2018.04.05.
Timezone Australia/Sydney
Fetching weather data for case number 2017.11.13.
Fetching weather data for case number 2018.03.09.a.
Fetching weather data for case number 2018.03.09.b.
Got weather data for case number 2018.04.09.
Timezone America/Havana
Fetching weather data for case number 2017.11.04.
Got weather data for case number 2018.03.14.
Timezone Pacific/Honolulu
Fetching weather data for case number 2017.11.02.
Got weather data for case number 2018.04.03.
Timezone Australia/Sydney
Fetching weather data for case number 2017.10.28.
Got weather data for case number 2018.03.31.
Timezone Pacific/Honolulu
Fetching weather data for case number 2017.10.26.
Got weather data for case number 2018.02.23.
Timezone America/New_York
Fetching weather data for case number 2017.10.23.b.
Got weather data for case number 2018.02.15.
Timezone America/New_York
Fetching weather data for case number 2017.10.23.a.
Got weather data for case number 2018.01.28.
Timezone Pacific/Auckland
Fetching weather data for case number 2017.10.21.
Got weather data for case number 2018.02.14.
Timezone America/New_York
Fetching weather data for case number 2017.10.18.
Got weather data for case number 2018.01.14.
Timezone Pacific/Honolulu
Fetching weather data for case number 2017.10.09.
Got weather data for case number 2018.03.09.b.
Timezone Pacific/Honolulu
Fetching weather data for case number 2017.10.05.
Got weather data for case number 2017.12.30.
Timezone America/New_York
Fetching weather data for case number 2019.07.22.
Got weather data for case number 2017.12.31.
Timezone Australia/Perth
Fetching weather data for case number 2017.09.25.a.
Got weather data for case number 2018.03.09.a.
Timezone America/New_York
Fetching weather data for case number 2017.09.24.b.
Got weather data for case number 2017.11.24.
Timezone America/New_York
Fetching weather data for case number 2017.09.24.a.
Got weather data for case number 2018.01.21.
Timezone America/New_York
Fetching weather data for case number 2017.09.16.a.
Got weather data for case number 2017.11.13.
Timezone America/New_York
Fetching weather data for case number 2017.09.13.
Got weather data for case number 2017.10.28.
Timezone Australia/Perth
Fetching weather data for case number 2017.09.10.b.
Got weather data for case number 2017.11.02.
Timezone Australia/Sydney
Fetching weather data for case number 2017.09.10.a.
Got weather data for case number 2017.10.26.
Timezone Asia/Tokyo
Got weather data for case number 2017.11.04.
Timezone America/New_York
Fetching weather data for case number 2017.09.02.a.
Fetching weather data for case number 2017.09.03.a.
Got weather data for case number 2017.10.23.b.
Timezone Australia/Melbourne
Fetching weather data for case number 2017.08.29.
Got weather data for case number 2017.10.21.
Timezone America/New_York
Fetching weather data for case number 2017.08.27.
Got weather data for case number 2017.10.23.a.
Timezone America/New_York
Fetching weather data for case number 2017.08.23.
Got weather data for case number 2017.10.09.
Timezone America/New_York
Fetching weather data for case number 2017.08.10.
Got weather data for case number 2017.10.05.
Timezone America/New_York
Fetching weather data for case number 2017.08.03.
Got weather data for case number 2017.09.25.a.
Timezone America/Los_Angeles
Fetching weather data for case number 2017.08.01.
Got weather data for case number 2017.10.18.
Timezone America/New_York
Fetching weather data for case number 2017.07.31.
Got weather data for case number 2017.09.16.a.
Timezone America/New_York
Fetching weather data for case number 2017.07.29.c.
Got weather data for case number 2017.09.24.a.
Timezone Atlantic/St_Helena
Got weather data for case number 2017.09.24.b.
Timezone America/New_York
Fetching weather data for case number 2017.07.22.
Got weather data for case number 2019.07.22.
Timezone America/Los_Angeles
Fetching weather data for case number 2017.07.20.b.
Got weather data for case number 2017.09.13.
Timezone America/Los_Angeles
Fetching weather data for case number 2017.07.20.a.
Got weather data for case number 2017.09.10.b.
Timezone America/Los_Angeles
Fetching weather data for case number 2017.07.14.b.
Got weather data for case number 2017.09.10.a.
Timezone Australia/Perth
Fetching weather data for case number 2017.07.14.a.
Got weather data for case number 2017.09.02.a.
Timezone America/Los_Angeles
Fetching weather data for case number 2017.07.11.
Fetching weather data for case number 2017.07.24.
Got weather data for case number 2017.09.03.a.
Timezone America/New_York
Fetching weather data for case number 2017.07.09.
Got weather data for case number 2017.08.10.
Timezone Africa/Johannesburg
Fetching weather data for case number 2017.07.07.
Got weather data for case number 2017.08.29.
Timezone America/New_York
Fetching weather data for case number 2017.06.29.
Got weather data for case number 2017.08.27.
Timezone Indian/Reunion
Fetching weather data for case number 2017.06.18.a.
Got weather data for case number 2017.08.01.
Timezone Europe/Madrid
Got weather data for case number 2017.07.31.
Timezone Australia/Perth
Fetching weather data for case number 2017.06.11.
Got weather data for case number 2017.08.23.
Timezone Australia/Melbourne
Fetching weather data for case number 2017.06.10.b.
Got weather data for case number 2017.08.03.
Timezone America/New_York
Fetching weather data for case number 2017.06.10.a.
Got weather data for case number 2017.07.29.c.
Timezone America/Nassau
Fetching weather data for case number 2017.06.02.
Got weather data for case number 2017.07.22.
Timezone America/Mazatlan
Got weather data for case number 2017.07.20.a.
Timezone America/Los_Angeles
Fetching weather data for case number 2017.05.03.
Got weather data for case number 2017.07.14.b.
Timezone America/Los_Angeles
Fetching weather data for case number 2017.04.29.d.
Got weather data for case number 2017.07.20.b.
Timezone Africa/Johannesburg
Fetching weather data for case number 2017.04.29.c.
Got weather data for case number 2017.07.14.a.
Timezone America/New_York
Fetching weather data for case number 2017.04.29.b.
Got weather data for case number 2017.07.11.
Timezone Indian/Reunion
Fetching weather data for case number 2017.04.29.a.
Got weather data for case number 2017.07.24.
Timezone Pacific/Auckland
Fetching weather data for case number 2017.04.27.
Fetching weather data for case number 2017.05.06.
Fetching weather data for case number 2017.06.17.
Got weather data for case number 2017.07.09.
Timezone Atlantic/St_Helena
Fetching weather data for case number 2017.04.22.
Got weather data for case number 2017.07.07.
Timezone America/New_York
Fetching weather data for case number 2017.04.20.
Got weather data for case number 2017.06.18.a.
Timezone Australia/Perth
Fetching weather data for case number 2017.04.17.a.
Got weather data for case number 2017.06.29.
Timezone Pacific/Honolulu
Fetching weather data for case number 2017.04.14.
Got weather data for case number 2017.06.02.
Timezone America/New_York
Fetching weather data for case number 2017.04.13.
Got weather data for case number 2017.06.11.
Timezone America/New_York
Fetching weather data for case number 2017.04.12.b.
Got weather data for case number 2017.06.10.b.
Timezone America/New_York
Fetching weather data for case number 2017.04.11.
Got weather data for case number 2017.06.10.a.
Timezone America/New_York
Fetching weather data for case number 2017.04.10.b.
Got weather data for case number 2017.05.03.
Timezone America/New_York
Fetching weather data for case number 2017.04.10.a.
Got weather data for case number 2017.04.29.d.
Timezone America/New_York
Fetching weather data for case number 2017.04.05.
Got weather data for case number 2017.04.29.c.
Timezone America/Chicago
Fetching weather data for case number 2017.04.02.a.
Got weather data for case number 2017.06.17.
Timezone America/New_York
Fetching weather data for case number 2017.03.27.
Got weather data for case number 2017.04.27.
Timezone Australia/Sydney
Fetching weather data for case number 2017.03.19.
Got weather data for case number 2017.04.29.a.
Timezone America/Los_Angeles
Fetching weather data for case number 2017.03.18.
Got weather data for case number 2017.05.06.
Timezone Australia/Brisbane
Fetching weather data for case number 2017.02.17.
Got weather data for case number 2017.04.29.b.
Timezone America/New_York
Fetching weather data for case number 2017.02.11.
Got weather data for case number 2017.04.22.
Timezone America/Recife
Fetching weather data for case number 2017.01.24.
Got weather data for case number 2017.04.20.
Timezone America/New_York
Fetching weather data for case number 2017.01.22.
Got weather data for case number 2017.04.14.
Timezone Australia/Brisbane
Fetching weather data for case number 2017.01.21.
Got weather data for case number 2017.04.13.
Timezone Australia/Brisbane
Fetching weather data for case number 2017.01.13.b.
Got weather data for case number 2017.04.11.
Timezone Asia/Makassar
Got weather data for case number 2017.04.17.a.
Timezone America/New_York
Fetching weather data for case number 2017.01.05.
Got weather data for case number 2017.04.12.b.
Timezone Australia/Sydney
Fetching weather data for case number 2017.01.03.
Fetching weather data for case number 2017.01.09.
Got weather data for case number 2017.03.27.
Timezone America/New_York
Fetching weather data for case number 2016.12.27.
Got weather data for case number 2017.04.05.
Timezone Africa/Johannesburg
Fetching weather data for case number 2016.12.19.
Got weather data for case number 2017.04.10.a.
Timezone Australia/Perth
Fetching weather data for case number 2016.12.14.
Got weather data for case number 2017.04.02.a.
Timezone Australia/Sydney
Fetching weather data for case number 2016.12.06.
Got weather data for case number 2017.03.19.
Timezone Australia/Sydney
Fetching weather data for case number 2016.12.01.
Got weather data for case number 2017.02.17.
Timezone Australia/Melbourne
Fetching weather data for case number 2016.11.28.
Got weather data for case number 2017.04.10.b.
Timezone Pacific/Honolulu
Fetching weather data for case number 2016.11.14.
Got weather data for case number 2017.01.24.
Timezone Australia/Sydney
Fetching weather data for case number 2016.10.24.
Got weather data for case number 2017.03.18.
Timezone Pacific/Honolulu
Fetching weather data for case number 2016.10.21.
Got weather data for case number 2017.02.11.
Timezone Australia/Brisbane
Fetching weather data for case number 2016.10.15.
Got weather data for case number 2017.01.22.
Timezone Pacific/Honolulu
Fetching weather data for case number 2016.10.14.
Got weather data for case number 2017.01.13.b.
Timezone Australia/Sydney
Fetching weather data for case number 2016.10.12.
Got weather data for case number 2017.01.05.
Timezone America/Los_Angeles
Fetching weather data for case number 2016.10.10.
Got weather data for case number 2017.01.21.
Timezone America/New_York
Fetching weather data for case number 2016.10.02.
Got weather data for case number 2017.01.09.
Timezone America/New_York
Fetching weather data for case number 2016.10.01.
Got weather data for case number 2017.01.03.
Timezone America/New_York
Fetching weather data for case number 2016.09.18.c.
Got weather data for case number 2016.12.27.
Timezone America/New_York
Fetching weather data for case number 2016.09.18.b.
Got weather data for case number 2016.12.19.
Timezone America/New_York
Fetching weather data for case number 2016.09.18.a.
Got weather data for case number 2016.12.14.
Timezone America/New_York
Fetching weather data for case number 2016.09.11.
Got weather data for case number 2016.12.01.
Timezone Pacific/Honolulu
Fetching weather data for case number 2016.09.07.
Got weather data for case number 2016.11.28.
Timezone Pacific/Noumea
Fetching weather data for case number 2016.09.06.
Got weather data for case number 2016.11.14.
Timezone America/New_York
Fetching weather data for case number 2016.08.29.b.
Got weather data for case number 2016.12.06.
Timezone America/New_York
Fetching weather data for case number 2016.08.29.a.
Got weather data for case number 2016.10.24.
Timezone Indian/Reunion
Fetching weather data for case number 2016.08.27.
Got weather data for case number 2016.10.15.
Timezone America/New_York
Fetching weather data for case number 2016.08.25.
Got weather data for case number 2016.10.21.
Timezone Pacific/Honolulu
Fetching weather data for case number 2016.08.06.
Got weather data for case number 2016.10.12.
Timezone Europe/Madrid
Fetching weather data for case number 2016.07.29.
Got weather data for case number 2016.10.02.
Timezone Australia/Sydney
Fetching weather data for case number 2016.07.26.
Got weather data for case number 2016.10.10.
Timezone Asia/Tokyo
Fetching weather data for case number 2016.07.24.
Got weather data for case number 2016.10.01.
Timezone America/New_York
Fetching weather data for case number 2016.07.16.a.
Got weather data for case number 2016.10.14.
Timezone America/Los_Angeles
Fetching weather data for case number 2016.07.15.b.
Got weather data for case number 2016.09.18.a.
Timezone America/New_York
Fetching weather data for case number 2016.07.07.b.
Got weather data for case number 2016.09.18.b.
Timezone America/New_York
Fetching weather data for case number 2016.07.06.
Got weather data for case number 2016.09.18.c.
Timezone Australia/Brisbane
Fetching weather data for case number 2016.07.04.
Got weather data for case number 2016.09.11.
Timezone America/New_York
Fetching weather data for case number 2016.06.27.
Got weather data for case number 2016.09.06.
Timezone America/New_York
Fetching weather data for case number 2016.06.25.
Got weather data for case number 2016.09.07.
Timezone America/New_York
Fetching weather data for case number 2016.06.21.b.
Got weather data for case number 2016.08.29.b.
Timezone America/New_York
Fetching weather data for case number 2016.06.21.a.
Got weather data for case number 2016.08.27.
Timezone Pacific/Honolulu
Fetching weather data for case number 2016.06.15.b.
Got weather data for case number 2016.08.25.
Timezone America/Chicago
Fetching weather data for case number 2016.06.14.
Got weather data for case number 2016.08.06.
Timezone America/New_York
Fetching weather data for case number 2016.06.11.
Got weather data for case number 2016.08.29.a.
Timezone America/New_York
Fetching weather data for case number 2016.06.07.
Got weather data for case number 2016.07.26.
Timezone America/New_York
Fetching weather data for case number 2016.06.05.b.
Got weather data for case number 2016.07.15.b.
Timezone Australia/Perth
Fetching weather data for case number 2016.06.05.a.
Got weather data for case number 2016.07.29.
Timezone Australia/Perth
Fetching weather data for case number 2016.05.31.
Got weather data for case number 2016.07.16.a.
Timezone America/Los_Angeles
Fetching weather data for case number 2016.05.29.b.
Got weather data for case number 2016.07.24.
Timezone America/New_York
Fetching weather data for case number 2016.05.29.a.
Got weather data for case number 2016.07.07.b.
Timezone America/New_York
Fetching weather data for case number 2016.05.22.
Got weather data for case number 2016.07.06.
Timezone America/New_York
Fetching weather data for case number 2016.05.21.b.
Got weather data for case number 2016.07.04.
Timezone America/New_York
Fetching weather data for case number 2016.05.21.a.
Got weather data for case number 2016.06.21.b.
Timezone America/New_York
Fetching weather data for case number 2016.05.15.
Got weather data for case number 2016.06.27.
Timezone Pacific/Honolulu
Fetching weather data for case number 2016.05.03.
Got weather data for case number 2016.06.15.b.
Timezone Asia/Makassar
Fetching weather data for case number 2016.04.25.
Got weather data for case number 2016.06.21.a.
Timezone America/New_York
Fetching weather data for case number 2016.04.23.
Got weather data for case number 2016.06.25.
Timezone Africa/Johannesburg
Fetching weather data for case number 2016.04.22.
Got weather data for case number 2016.06.14.
Timezone Australia/Sydney
Fetching weather data for case number 2016.04.19.
Got weather data for case number 2016.06.07.
Timezone Pacific/Noumea
Fetching weather data for case number 2016.04.09.
Got weather data for case number 2016.06.11.
Timezone Pacific/Honolulu
Fetching weather data for case number 2016.03.31.
Got weather data for case number 2016.06.05.a.
Timezone Australia/Sydney
Fetching weather data for case number 2016.03.30.
Got weather data for case number 2016.06.05.b.
Timezone Australia/Sydney
Fetching weather data for case number 2016.03.28.a.
Got weather data for case number 2016.05.29.a.
Timezone America/New_York
Fetching weather data for case number 2016.03.11.
Got weather data for case number 2016.05.31.
Timezone Pacific/Noumea
Fetching weather data for case number 2016.02.22.
Got weather data for case number 2016.05.22.
Timezone Pacific/Noumea
Fetching weather data for case number 2016.02.19.
Got weather data for case number 2016.05.29.b.
Timezone America/Santo_Domingo
Got weather data for case number 2016.05.21.a.
Timezone Australia/Hobart
Got weather data for case number 2016.05.21.b.
Timezone Australia/Brisbane
Fetching weather data for case number 2016.02.05.
Got weather data for case number 2016.05.03.
Timezone Pacific/Honolulu
Fetching weather data for case number 2016.01.28.
Got weather data for case number 2016.05.15.
Timezone Pacific/Honolulu
Fetching weather data for case number 2016.01.25.
Got weather data for case number 2016.04.23.
Timezone America/Chicago
Fetching weather data for case number 2016.01.24.b.
Got weather data for case number 2016.04.22.
Timezone Australia/Brisbane
Fetching weather data for case number 2016.01.02.
Got weather data for case number 2016.04.19.
Timezone Australia/Sydney
Fetching weather data for case number 2015.12.21.b.
Got weather data for case number 2016.04.25.
Timezone Australia/Sydney
Fetching weather data for case number 2015.12.13.
Got weather data for case number 2016.03.31.
Timezone Pacific/Galapagos
Got weather data for case number 2016.04.09.
Timezone America/New_York
Fetching weather data for case number 2015.11.15.b.
Fetching weather data for case number 2016.02.10.
Fetching weather data for case number 2015.11.20.
Fetching weather data for case number 2016.02.12.
Got weather data for case number 2016.03.30.
Timezone Australia/Sydney
Fetching weather data for case number 2015.11.10.
Got weather data for case number 2016.02.19.
Timezone America/New_York
Fetching weather data for case number 2015.12.23.
Got weather data for case number 2016.02.22.
Timezone Pacific/Honolulu
Fetching weather data for case number 2015.11.03.
Got weather data for case number 2016.03.11.
Timezone America/New_York
Fetching weather data for case number 2015.11.01.b.
Got weather data for case number 2016.03.28.a.
Timezone Africa/Maputo
Fetching weather data for case number 2015.11.01.a.
Got weather data for case number 2016.01.28.
Timezone Pacific/Honolulu
Fetching weather data for case number 2015.10.28.a.
Got weather data for case number 2016.02.05.
Timezone Africa/Johannesburg
Fetching weather data for case number 2015.10.25.
Got weather data for case number 2016.01.24.b.
Timezone America/New_York
Fetching weather data for case number 2015.10.21.
Got weather data for case number 2016.01.25.
TimezoneGot weather data for case number 2016.01.02.
Timezone Pacific/Honolulu
Fetching weather data for case number 2015.10.17.b.
Got weather data for case number 2015.12.21.b.
Timezone Pacific/Honolulu
Fetching weather data for case number 2015.10.17.a.
 America/New_York
Fetching weather data for case number 2015.10.19.
Got weather data for case number 2015.12.13.
Timezone America/Los_Angeles
Fetching weather data for case number 2015.10.13.
Got weather data for case number 2015.11.15.b.
Timezone America/New_York
Fetching weather data for case number 2015.10.09.b.
Got weather data for case number 2016.02.12.
Timezone Pacific/Honolulu
Fetching weather data for case number 2015.10.09.a.
Got weather data for case number 2016.02.10.
Timezone Australia/Perth
Fetching weather data for case number 2015.10.07.
Got weather data for case number 2015.11.20.
Timezone America/New_York
Fetching weather data for case number 2015.10.05.b.
Got weather data for case number 2015.11.10.
Timezone America/Chicago
Fetching weather data for case number 2015.10.05.a.
Got weather data for case number 2015.12.23.
Timezone America/New_York
Fetching weather data for case number 2015.10.04.
Got weather data for case number 2015.11.01.b.
Timezone America/New_York
Fetching weather data for case number 2015.09.29.
Got weather data for case number 2015.11.01.a.
Timezone America/Los_Angeles
Fetching weather data for case number 2015.09.24.
Got weather data for case number 2015.10.28.a.
Timezone America/New_York
Fetching weather data for case number 2015.09.20.d.
Got weather data for case number 2015.11.03.
Timezone Pacific/Honolulu
Fetching weather data for case number 2015.09.20.c.
Got weather data for case number 2015.10.25.
Timezone America/New_York
Fetching weather data for case number 2015.09.20.b.
Got weather data for case number 2015.10.17.b.
Timezone America/New_York
Fetching weather data for case number 2015.09.20.a.
Got weather data for case number 2015.10.21.
Timezone America/New_York
Fetching weather data for case number 2015.09.18.
Got weather data for case number 2015.10.13.
Timezone America/New_York
Fetching weather data for case number 2015.09.17.
Got weather data for case number 2015.10.17.a.
Timezone Australia/Sydney
Fetching weather data for case number 2015.09.08.
Got weather data for case number 2015.10.09.b.
Timezone America/Los_Angeles
Fetching weather data for case number 2015.09.06.
Got weather data for case number 2015.10.19.
Timezone America/Los_Angeles
Fetching weather data for case number 2015.09.05.
Got weather data for case number 2015.10.07.
Timezone Australia/Sydney
Fetching weather data for case number 2015.09.04.
Got weather data for case number 2015.10.09.a.
Timezone America/New_York
Fetching weather data for case number 2015.09.03.
Got weather data for case number 2015.10.05.b.
Timezone Asia/Bangkok
Fetching weather data for case number 2015.09.01.
Got weather data for case number 2015.10.04.
Timezone America/Los_Angeles
Fetching weather data for case number 2015.08.29.b.
Got weather data for case number 2015.10.05.a.
Timezone America/Los_Angeles
Fetching weather data for case number 2015.08.29.a.
Got weather data for case number 2015.09.20.d.
Timezone America/New_York
Fetching weather data for case number 2015.08.22.b.
Got weather data for case number 2015.09.20.b.
Timezone Australia/Sydney
Fetching weather data for case number 2015.08.22.a.
Got weather data for case number 2015.09.24.
Timezone America/New_York
Fetching weather data for case number 2015.08.20.
Got weather data for case number 2015.09.20.c.
Timezone America/New_York
Fetching weather data for case number 2015.08.19.
Got weather data for case number 2015.09.29.
Timezone America/Los_Angeles
Fetching weather data for case number 2015.08.18.b.
Got weather data for case number 2015.09.18.
Timezone Europe/Madrid
Fetching weather data for case number 2015.08.18.a.
Got weather data for case number 2015.09.08.
Timezone America/Los_Angeles
Fetching weather data for case number 2015.08.10.
Got weather data for case number 2015.09.05.
Timezone Australia/Sydney
Fetching weather data for case number 2015.07.31.
Got weather data for case number 2015.09.06.
Timezone America/New_York
Fetching weather data for case number 2015.07.26.b.
Got weather data for case number 2015.09.04.
Timezone America/New_York
Fetching weather data for case number 2015.07.26.a.
Got weather data for case number 2015.09.17.
Timezone Australia/Hobart
Fetching weather data for case number 2015.07.25.
Got weather data for case number 2015.09.20.a.
Timezone Australia/Sydney
Fetching weather data for case number 2015.07.03.
Got weather data for case number 2015.09.01.
Timezone Australia/Sydney
Fetching weather data for case number 2015.07.02.
Got weather data for case number 2015.09.03.
Timezone America/New_York
Fetching weather data for case number 2015.07.01.
Got weather data for case number 2015.08.29.b.
Timezone America/New_York
Fetching weather data for case number 2015.06.30.a.
Got weather data for case number 2015.08.29.a.
Timezone America/New_York
Fetching weather data for case number 2015.06.27.b.
Got weather data for case number 2015.08.22.b.
Timezone Africa/Johannesburg
Fetching weather data for case number 2015.06.27.a.
Got weather data for case number 2015.08.20.
Timezone America/New_York
Fetching weather data for case number 2015.06.26.c.
Got weather data for case number 2015.08.18.b.
Timezone Africa/Johannesburg
Fetching weather data for case number 2015.06.26.b.
Got weather data for case number 2015.08.22.a.
Timezone America/New_York
Fetching weather data for case number 2015.06.26.a.
Got weather data for case number 2015.08.18.a.
Timezone America/New_York
Fetching weather data for case number 2015.06.25.
Got weather data for case number 2015.08.19.
Timezone America/New_York
Fetching weather data for case number 2015.06.24.b.
Got weather data for case number 2015.08.10.
Timezone Australia/Perth
Fetching weather data for case number 2015.06.24.a.
Got weather data for case number 2015.07.31.
Timezone America/New_York
Fetching weather data for case number 2015.06.17.
Got weather data for case number 2015.07.26.b.
Timezone America/New_York
Fetching weather data for case number 2015.06.14.b.
Got weather data for case number 2015.07.26.a.
Timezone America/New_York
Fetching weather data for case number 2015.06.14.a.
Got weather data for case number 2015.07.25.
Timezone America/New_York
Fetching weather data for case number 2015.06.11.
Got weather data for case number 2015.07.02.
Timezone America/New_York
Fetching weather data for case number 2015.06.07.
Got weather data for case number 2015.07.03.
Timezone Indian/Reunion
Fetching weather data for case number 2015.06.01.
Got weather data for case number 2015.07.01.
Timezone America/New_York
Fetching weather data for case number 2015.05.29.b.
Got weather data for case number 2015.06.30.a.
Timezone America/New_York
Fetching weather data for case number 2015.05.29.a.
Got weather data for case number 2015.06.27.b.
Timezone Pacific/Tahiti
Fetching weather data for case number 2015.05.25.
Got weather data for case number 2015.06.27.a.
Timezone America/New_York
Fetching weather data for case number 2015.05.20.
Got weather data for case number 2015.06.26.c.
Timezone America/New_York
Fetching weather data for case number 2015.05.15.
Got weather data for case number 2015.06.25.
Timezone America/New_York
Fetching weather data for case number 2015.05.07.
Got weather data for case number 2015.06.26.b.
Timezone Australia/Sydney
Fetching weather data for case number 2015.05.03.
Got weather data for case number 2015.06.26.a.
Timezone Africa/Johannesburg
Fetching weather data for case number 2015.05.02.
Got weather data for case number 2015.06.17.
Timezone Pacific/Honolulu
Fetching weather data for case number 2015.04.29.
Got weather data for case number 2015.06.24.a.
Timezone America/New_York
Fetching weather data for case number 2015.04.26.
Got weather data for case number 2015.06.24.b.
Timezone Australia/Adelaide
Got weather data for case number 2015.06.14.b.
Timezone Australia/Sydney
Fetching weather data for case number 2015.04.24.c.
Fetching weather data for case number 2015.04.25.
Got weather data for case number 2015.06.14.a.
Timezone Indian/Reunion
Fetching weather data for case number 2015.04.12.
Got weather data for case number 2015.06.11.
Timezone Australia/Sydney
Fetching weather data for case number 2015.04.11.
Got weather data for case number 2015.06.07.
Timezone America/Recife
Fetching weather data for case number 2015.03.31.
Got weather data for case number 2015.05.29.b.
Timezone Pacific/Honolulu
Fetching weather data for case number 2015.03.18.
Got weather data for case number 2015.06.01.
Timezone Pacific/Tahiti
Fetching weather data for case number 2015.03.16.
Got weather data for case number 2015.05.20.
Timezone America/Mazatlan
Fetching weather data for case number 2015.03.10.
Got weather data for case number 2015.05.25.
Timezone Indian/Reunion
Fetching weather data for case number 2015.02.14.
Got weather data for case number 2015.05.29.a.
Timezone Australia/Sydney
Fetching weather data for case number 2015.02.09.
Got weather data for case number 2015.05.07.
Timezone Australia/Sydney
Fetching weather data for case number 2015.02.08.
Got weather data for case number 2015.05.03.
Timezone Australia/Brisbane
Fetching weather data for case number 2015.01.30.
Got weather data for case number 2015.05.15.
Timezone Pacific/Honolulu
Fetching weather data for case number 2015.01.27.
Got weather data for case number 2015.05.02.
Timezone Australia/Sydney
Fetching weather data for case number 2015.01.17.
Got weather data for case number 2015.04.29.
Timezone America/Nassau
Fetching weather data for case number 2015.01.06.
Got weather data for case number 2015.04.24.c.
Timezone Africa/Johannesburg
Fetching weather data for case number 2015.01.03.
Got weather data for case number 2015.04.12.
Timezone America/Los_Angeles
Fetching weather data for case number 2014.12.28.b.
Got weather data for case number 2015.04.25.
Timezone UTC
Fetching weather data for case number 2014.12.15.
Got weather data for case number 2015.04.26.
Timezone Europe/Madrid
Fetching weather data for case number 2014.12.03.R.
Got weather data for case number 2015.04.11.
Timezone Australia/Perth
Fetching weather data for case number 2014.11.29.
Got weather data for case number 2015.03.31.
Timezone America/New_York
Fetching weather data for case number 2014.11.16.
Got weather data for case number 2015.03.18.
Timezone Pacific/Honolulu
Fetching weather data for case number 2014.11.13.
Got weather data for case number 2015.03.16.
Timezone Australia/Sydney
Fetching weather data for case number 2014.11.10.
Got weather data for case number 2015.02.08.
Timezone America/New_York
Fetching weather data for case number 2014.11.08.
Got weather data for case number 2015.01.30.
Timezone Pacific/Honolulu
Fetching weather data for case number 2014.10.31.
Got weather data for case number 2015.01.27.
Timezone Australia/Sydney
Fetching weather data for case number 2014.10.30.
Got weather data for case number 2015.03.10.
Timezone Pacific/Honolulu
Fetching weather data for case number 2014.10.22.
Got weather data for case number 2015.02.09.
Timezone Pacific/Honolulu
Fetching weather data for case number 2014.10.20.
Got weather data for case number 2015.02.14.
Timezone Pacific/Honolulu
Fetching weather data for case number 2014.10.18.
Got weather data for case number 2014.12.28.b.
Timezone Australia/Sydney
Fetching weather data for case number 2014.10.17.
Got weather data for case number 2015.01.03.
Timezone America/New_York
Fetching weather data for case number 2014.10.12.
Got weather data for case number 2015.01.17.
Timezone Australia/Perth
Fetching weather data for case number 2014.10.11.
Got weather data for case number 2015.01.06.
Timezone America/New_York
Fetching weather data for case number 2014.10.05.b.
Got weather data for case number 2014.11.29.
Timezone America/New_York
Fetching weather data for case number 2014.10.05.a.
Got weather data for case number 2014.12.15.
Timezone America/Los_Angeles
Fetching weather data for case number 2014.10.03.b.
Got weather data for case number 2014.12.03.R.
Timezone America/Los_Angeles
Fetching weather data for case number 2014.10.03.a.
Got weather data for case number 2014.11.16.
Timezone America/Los_Angeles
Fetching weather data for case number 2014.10.02.b.
Got weather data for case number 2014.11.13.
Timezone Australia/Perth
Fetching weather data for case number 2014.10.02.a.
Got weather data for case number 2014.11.10.
Timezone America/New_York
Fetching weather data for case number 2014.09.21.
Got weather data for case number 2014.10.30.
Timezone America/Los_Angeles
Fetching weather data for case number 2014.09.13.
Got weather data for case number 2014.10.20.
Timezone Australia/Sydney
Fetching weather data for case number 2014.09.09.
Got weather data for case number 2014.10.22.
Timezone America/Chicago
Fetching weather data for case number 2014.09.06.
Got weather data for case number 2014.11.08.
Timezone America/New_York
Fetching weather data for case number 2014.09.03.
Got weather data for case number 2014.10.17.
Timezone America/New_York
Fetching weather data for case number 2014.09.02.
Got weather data for case number 2014.10.12.
Timezone America/New_York
Fetching weather data for case number 2014.08.31.
Got weather data for case number 2014.10.05.b.
Timezone America/New_York
Fetching weather data for case number 2014.08.29.a.
Got weather data for case number 2014.10.31.
Timezone America/New_York
Fetching weather data for case number 2014.08.27.a.
Got weather data for case number 2014.10.11.
Timezone America/Chicago
Fetching weather data for case number 2014.08.12.
Got weather data for case number 2014.10.18.
Timezone America/New_York
Fetching weather data for case number 2014.08.09.
Got weather data for case number 2014.10.03.b.
Timezone America/New_York
Fetching weather data for case number 2014.08.06.
Got weather data for case number 2014.10.05.a.
Timezone America/New_York
Fetching weather data for case number 2014.08.02.
Got weather data for case number 2014.10.03.a.
Timezone Africa/Johannesburg
Fetching weather data for case number 2014.08.01.
Got weather data for case number 2014.10.02.b.
Timezone Pacific/Honolulu
Fetching weather data for case number 2014.07.16.
Got weather data for case number 2014.10.02.a.
Timezone America/Chicago
Fetching weather data for case number 2014.07.14.
Got weather data for case number 2014.09.21.
Timezone America/New_York
Fetching weather data for case number 2014.07.09.
Got weather data for case number 2014.09.09.
Timezone America/Los_Angeles
Fetching weather data for case number 2014.07.05.b.
Got weather data for case number 2014.09.13.
Timezone America/Los_Angeles
Fetching weather data for case number 2014.07.05.a.
Got weather data for case number 2014.09.03.
Timezone America/New_York
Fetching weather data for case number 2014.07.03.
Got weather data for case number 2014.08.31.
Timezone Australia/Adelaide
Fetching weather data for case number 2014.06.18.b.
Got weather data for case number 2014.09.02.
Timezone Australia/Adelaide
Fetching weather data for case number 2014.06.18.a.
Got weather data for case number 2014.09.06.
Timezone America/New_York
Fetching weather data for case number 2014.06.09.b.
Got weather data for case number 2014.08.27.a.
Timezone Australia/Adelaide
Fetching weather data for case number 2014.06.09.a.
Got weather data for case number 2014.08.29.a.
Timezone America/New_York
Fetching weather data for case number 2014.06.01.c.
Got weather data for case number 2014.08.12.
Timezone America/New_York
Fetching weather data for case number 2014.05.15.
Got weather data for case number 2014.08.02.
Timezone Australia/Adelaide
Fetching weather data for case number 2014.05.14.
Got weather data for case number 2014.08.01.
Timezone America/New_York
Fetching weather data for case number 2014.05.13.
Got weather data for case number 2014.08.09.
Timezone America/New_York
Fetching weather data for case number 2014.05.06.
Got weather data for case number 2014.08.06.
Timezone America/New_York
Fetching weather data for case number 2014.05.01.
Got weather data for case number 2014.07.16.
Timezone America/New_York
Fetching weather data for case number 2014.04.22.
Got weather data for case number 2014.07.14.
Timezone America/New_York
Fetching weather data for case number 2014.04.15.
Got weather data for case number 2014.07.09.
Timezone America/New_York
Fetching weather data for case number 2014.04.04.b.
Got weather data for case number 2014.07.05.a.
Timezone America/New_York
Fetching weather data for case number 2014.04.04.a.
Got weather data for case number 2014.06.09.b.
Timezone Australia/Sydney
Fetching weather data for case number 2014.04.03.
Got weather data for case number 2014.07.03.
Timezone Australia/Perth
Fetching weather data for case number 2014.03.29.
Got weather data for case number 2014.06.18.b.
Timezone Africa/Johannesburg
Fetching weather data for case number 2014.03.22.b.
Got weather data for case number 2014.06.09.a.
Timezone Australia/Sydney
Fetching weather data for case number 2014.03.18.
Got weather data for case number 2014.07.05.b.
Timezone Australia/Sydney
Fetching weather data for case number 2014.03.12.
Got weather data for case number 2014.06.18.a.
Timezone Pacific/Tahiti
Fetching weather data for case number 2014.02.20.
Got weather data for case number 2014.05.15.
Timezone Australia/Adelaide
Fetching weather data for case number 2014.02.08.
Got weather data for case number 2014.06.01.c.
Timezone Pacific/Auckland
Fetching weather data for case number 2014.02.07.
Got weather data for case number 2014.05.14.
Timezone Pacific/Noumea
Fetching weather data for case number 2013.12.25.
Got weather data for case number 2014.05.13.
Timezone Africa/Johannesburg
Fetching weather data for case number 2013.12.16.
Got weather data for case number 2014.05.06.
Timezone Pacific/Honolulu
Fetching weather data for case number 2013.12.11.
Got weather data for case number 2014.04.22.
Timezone America/New_York
Fetching weather data for case number 2013.12.10.
Got weather data for case number 2014.05.01.
Timezone Australia/Sydney
Fetching weather data for case number 2013.12.05.
Got weather data for case number 2014.04.15.
Timezone Pacific/Honolulu
Fetching weather data for case number 2013.12.02.
Got weather data for case number 2014.04.04.b.
Timezone Australia/Sydney
Fetching weather data for case number 2013.11.30.
Got weather data for case number 2014.04.03.
Timezone Pacific/Honolulu
Fetching weather data for case number 2013.11.29.
Got weather data for case number 2014.04.04.a.
Timezone Australia/Perth
Fetching weather data for case number 2013.11.23.a.
Got weather data for case number 2014.03.22.b.
Timezone America/Los_Angeles
Fetching weather data for case number 2013.11.22.
Got weather data for case number 2014.03.12.
Timezone Australia/Perth
Fetching weather data for case number 2013.11.12.
Got weather data for case number 2014.03.18.
Timezone America/Nassau
Fetching weather data for case number 2013.11.10.
Got weather data for case number 2014.02.08.
Timezone Pacific/Honolulu
Fetching weather data for case number 2013.10.31.
Got weather data for case number 2014.03.29.
Timezone Indian/Reunion
Fetching weather data for case number 2013.10.26.b.
Got weather data for case number 2014.02.20.
Timezone Australia/Perth
Fetching weather data for case number 2013.10.26.a.
Got weather data for case number 2013.12.25.
Timezone Australia/Sydney
Fetching weather data for case number 2013.10.24.
Got weather data for case number 2013.12.16.
Timezone Pacific/Honolulu
Fetching weather data for case number 2013.10.23.
Got weather data for case number 2013.12.10.
Timezone Pacific/Honolulu
Fetching weather data for case number 2013.10.20.
Got weather data for case number 2013.12.05.
Timezone Africa/Johannesburg
Fetching weather data for case number 2013.10.11.
Got weather data for case number 2014.02.07.
Timezone Australia/Perth
Fetching weather data for case number 2013.10.08.
Got weather data for case number 2013.11.30.
Timezone America/Los_Angeles
Fetching weather data for case number 2013.10.05.
Got weather data for case number 2013.12.02.
Timezone America/Chicago
Fetching weather data for case number 2013.10.05.
Got weather data for case number 2013.12.11.
Timezone America/New_York
Fetching weather data for case number 2013.09.29.b.
Got weather data for case number 2013.11.22.
Timezone Asia/Jerusalem
Got weather data for case number 2013.11.23.a.
Timezone America/Chicago
Fetching weather data for case number 2013.09.25.
Got weather data for case number 2013.11.10.
Timezone America/New_York
Fetching weather data for case number 2013.09.21.b.
Got weather data for case number 2013.11.12.
Timezone America/Chicago
Fetching weather data for case number 2013.09.14.
Got weather data for case number 2013.10.31.
Timezone America/New_York
Fetching weather data for case number 2013.09.12.
Got weather data for case number 2013.10.26.b.
Timezone America/New_York
Fetching weather data for case number 2013.09.07.b.
Got weather data for case number 2013.10.24.
Timezone America/New_York
Fetching weather data for case number 2013.09.07.a.
Got weather data for case number 2013.10.26.a.
Timezone America/New_York
Fetching weather data for case number 2013.09.02.
Got weather data for case number 2013.11.29.
Timezone America/New_York
Fetching weather data for case number 2013.09.01.a.
Got weather data for case number 2013.10.23.
Timezone America/Los_Angeles
Fetching weather data for case number 2013.08.31.a.
Got weather data for case number 2013.10.20.
Timezone America/New_York
Fetching weather data for case number 2013.08.25.b.
Fetching weather data for case number 2013.09.29.a.
Got weather data for case number 2013.10.08.
Timezone Australia/Sydney
Fetching weather data for case number 2013.08.25.
Got weather data for case number 2013.10.05.
Timezone Pacific/Honolulu
Fetching weather data for case number 2013.08.18.
Got weather data for case number 2013.10.11.
Timezone America/Los_Angeles
Fetching weather data for case number 2013.08.17.
Got weather data for case number 2013.09.29.b.
Timezone Pacific/Honolulu
Fetching weather data for case number 2013.08.14.
Got weather data for case number 2013.10.05.
Timezone Pacific/Honolulu
Fetching weather data for case number 2013.08.13.
Got weather data for case number 2013.09.25.
Timezone America/New_York
Fetching weather data for case number 2013.08.11.
Got weather data for case number 2013.09.14.
Timezone America/New_York
Fetching weather data for case number 2013.08.05.
Got weather data for case number 2013.09.12.
Timezone Pacific/Honolulu
Fetching weather data for case number 2013.07.31.
Got weather data for case number 2013.09.07.a.
Timezone America/Nassau
Fetching weather data for case number 2013.07.29.c.
Got weather data for case number 2013.09.07.b.
Timezone Pacific/Honolulu
Fetching weather data for case number 2013.07.29.a.
Got weather data for case number 2013.09.21.b.
Timezone America/Nassau
Fetching weather data for case number 2013.07.28.b.
Got weather data for case number 2013.08.25.b.
Timezone America/Nassau
Fetching weather data for case number 2013.07.28.a.
Got weather data for case number 2013.08.31.a.
Timezone America/Recife
Fetching weather data for case number 2013.07.22.
Got weather data for case number 2013.08.25.
Timezone America/Chicago
Fetching weather data for case number 2013.07.19.
Got weather data for case number 2013.08.17.
Timezone Indian/Reunion
Fetching weather data for case number 2013.07.15.
Got weather data for case number 2013.08.14.
Timezone America/New_York
Fetching weather data for case number 2013.07.11.
Got weather data for case number 2013.08.18.
Timezone America/Los_Angeles
Fetching weather data for case number 2013.06.25.c.
Got weather data for case number 2013.09.29.a.
Timezone America/New_York
Fetching weather data for case number 2013.06.25.a.
Got weather data for case number 2013.09.02.
Timezone Pacific/Honolulu
Fetching weather data for case number 2013.06.18.
Got weather data for case number 2013.09.01.a.
Timezone America/Chicago
Fetching weather data for case number 2013.06.17.
Got weather data for case number 2013.08.13.
Timezone Australia/Sydney
Fetching weather data for case number 2013.06.06.a.
Got weather data for case number 2013.08.11.
Timezone Pacific/Galapagos
Fetching weather data for case number 2013.05.14.
Got weather data for case number 2013.08.05.
TimezoneGot weather data for case number 2013.07.31.
Timezone America/New_York
Fetching weather data for case number 2013.05.04.a.
 Indian/Reunion
Fetching weather data for case number 2013.05.08.a.
Got weather data for case number 2013.07.29.c.
Timezone America/Cancun
Got weather data for case number 2013.07.22.
Timezone Australia/Sydney
Fetching weather data for case number 2013.04.21.
Got weather data for case number 2013.07.29.a.
Timezone America/New_York
Fetching weather data for case number 2013.04.17.
Fetching weather data for case number 2013.04.24.
Got weather data for case number 2013.07.19.
Timezone America/New_York
Fetching weather data for case number 2013.04.13.b.
Got weather data for case number 2013.07.28.a.
Timezone UTC
Fetching weather data for case number 2013.04.10.
Got weather data for case number 2013.06.25.c.
Timezone Pacific/Honolulu
Fetching weather data for case number 2013.04.02.a.
Got weather data for case number 2013.06.25.a.
Timezone Africa/Johannesburg
Fetching weather data for case number 2013.03.16.b.
Got weather data for case number 2013.06.17.
Timezone America/Jamaica
Fetching weather data for case number 2013.03.12.
Got weather data for case number 2013.07.28.b.
Timezone Australia/Perth
Fetching weather data for case number 2013.03.10.b.
Got weather data for case number 2013.07.11.
Timezone Pacific/Auckland
Fetching weather data for case number 2013.02.27.
Got weather data for case number 2013.06.18.
Timezone Pacific/Honolulu
Fetching weather data for case number 2013.02.21.b.
Got weather data for case number 2013.07.15.
Timezone Pacific/Honolulu
Fetching weather data for case number 2013.02.21.a.
Got weather data for case number 2013.06.06.a.
Timezone America/New_York
Fetching weather data for case number 2013.02.10.
Got weather data for case number 2013.05.14.
Timezone Pacific/Tahiti
Fetching weather data for case number 2013.02.09.
Got weather data for case number 2013.05.08.a.
Timezone Pacific/Honolulu
Fetching weather data for case number 2013.01.16.
Got weather data for case number 2013.05.04.a.
Timezone Australia/Perth
Fetching weather data for case number 2013.01.05.
Got weather data for case number 2013.04.17.
Timezone America/New_York
Fetching weather data for case number 2012.12.31.
Got weather data for case number 2013.04.21.
Timezone Australia/Sydney
Fetching weather data for case number 2012.12.30.
Got weather data for case number 2013.04.13.b.
Timezone Australia/Sydney
Fetching weather data for case number 2012.12.28.
Got weather data for case number 2013.04.24.
Timezone Pacific/Honolulu
Fetching weather data for case number 2012.12.05.
Got weather data for case number 2013.04.10.
Timezone Australia/Sydney
Fetching weather data for case number 2012.12.02.
Got weather data for case number 2013.04.02.a.
Timezone Pacific/Honolulu
Fetching weather data for case number 2012.11.30.
Got weather data for case number 2013.03.16.b.
Timezone Australia/Brisbane
Fetching weather data for case number 2012.11.27.
Got weather data for case number 2013.03.12.
Timezone America/Mazatlan
Fetching weather data for case number 2012.11.22.
Got weather data for case number 2013.03.10.b.
Timezone America/New_York
Fetching weather data for case number 2012.11.19.
Got weather data for case number 2013.02.27.
Timezone Pacific/Honolulu
Fetching weather data for case number 2012.11.04.b.
Got weather data for case number 2013.02.21.b.
Timezone Pacific/Honolulu
Fetching weather data for case number 2012.11.04.a.
Got weather data for case number 2013.02.10.
Timezone America/Los_Angeles
Fetching weather data for case number 2012.10.30.
Got weather data for case number 2013.02.21.a.
Timezone Pacific/Honolulu
Fetching weather data for case number 2012.10.27.
Got weather data for case number 2013.01.16.
Timezone America/Los_Angeles
Fetching weather data for case number 2012.10.23.
Got weather data for case number 2012.12.30.
Timezone America/New_York
Fetching weather data for case number 2012.10.18.b.
Got weather data for case number 2012.12.31.
Timezone Pacific/Honolulu
Fetching weather data for case number 2012.10.18.a.
Got weather data for case number 2013.02.09.
Timezone America/New_York
Fetching weather data for case number 2012.10.16.
Got weather data for case number 2013.01.05.
Timezone America/Los_Angeles
Fetching weather data for case number 2012.10.07.
Got weather data for case number 2012.12.28.
Timezone Australia/Perth
Fetching weather data for case number 2012.10.02.
Got weather data for case number 2012.12.05.
Timezone America/New_York
Fetching weather data for case number 2012.09.25.
Got weather data for case number 2012.11.27.
Timezone America/New_York
Fetching weather data for case number 2012.09.16.
Got weather data for case number 2012.11.30.
Timezone America/New_York
Fetching weather data for case number 2012.09.09.
Got weather data for case number 2012.12.02.
Timezone America/New_York
Fetching weather data for case number 2012.09.08.b.
Got weather data for case number 2012.11.22.
Timezone America/New_York
Fetching weather data for case number 2012.09.06.a.
Got weather data for case number 2012.11.04.b.
Timezone America/New_York
Fetching weather data for case number 2012.09.04.
Got weather data for case number 2012.11.19.
Timezone America/New_York
Fetching weather data for case number 2012.09.02.b.
Got weather data for case number 2012.11.04.a.
Timezone Pacific/Honolulu
Fetching weather data for case number 2012.09.02.b.
Got weather data for case number 2012.10.27.
Timezone America/New_York
Fetching weather data for case number 2012.09.02.a.
Got weather data for case number 2012.10.30.
Timezone Australia/Perth
Fetching weather data for case number 2012.08.28.
Got weather data for case number 2012.10.18.a.
Timezone Australia/Perth
Fetching weather data for case number 2012.08.11.
Got weather data for case number 2012.10.23.
Timezone America/Los_Angeles
Fetching weather data for case number 2012.07.31.b.
Got weather data for case number 2012.10.07.
Timezone Australia/Adelaide
Fetching weather data for case number 2012.07.31.a.
Got weather data for case number 2012.10.16.
Timezone Pacific/Honolulu
Fetching weather data for case number 2012.07.30.b.
Got weather data for case number 2012.10.18.b.
Timezone America/New_York
Fetching weather data for case number 2012.07.30.a.
Got weather data for case number 2012.10.02.
Timezone America/New_York
Fetching weather data for case number 2012.07.24.
Got weather data for case number 2012.09.16.
Timezone Australia/Perth
Fetching weather data for case number 2012.07.14.
Got weather data for case number 2012.09.25.
Timezone America/New_York
Fetching weather data for case number 2012.07.08.
Got weather data for case number 2012.09.08.b.
Timezone Australia/Melbourne
Fetching weather data for case number 2012.07.07.b.
Got weather data for case number 2012.09.04.
Timezone America/Los_Angeles
Fetching weather data for case number 2012.07.07.a.
Got weather data for case number 2012.09.06.a.
Timezone Africa/Johannesburg
Fetching weather data for case number 2012.07.06.
Got weather data for case number 2012.09.02.b.
Timezone America/New_York
Fetching weather data for case number 2012.06.26.c.
Got weather data for case number 2012.09.09.
Timezone America/New_York
Fetching weather data for case number 2012.06.26.b.
Got weather data for case number 2012.08.28.
Timezone Pacific/Honolulu
Fetching weather data for case number 2012.06.26.a.
Got weather data for case number 2012.09.02.a.
Timezone America/New_York
Fetching weather data for case number 2012.06.22.a.
Got weather data for case number 2012.09.02.b.
Timezone Australia/Perth
Fetching weather data for case number 2012.06.20.
Got weather data for case number 2012.08.11.
Timezone America/New_York
Fetching weather data for case number 2012.06.18.
Got weather data for case number 2012.07.30.a.
Timezone America/New_York
Fetching weather data for case number 2012.06.15.
Got weather data for case number 2012.07.31.b.
Timezone America/New_York
Fetching weather data for case number 2012.06.14.a.
Got weather data for case number 2012.07.08.
Timezone Australia/Sydney
Fetching weather data for case number 2012.06.03.
Got weather data for case number 2012.07.24.Got weather data for case number 2012.07.30.b.
Timezone America/New_York
Fetching weather data for case number 2012.06.02.a.
Got weather data for case number 2012.07.07.b.
Timezone America/New_York
Fetching weather data for case number 2012.05.31.
Got weather data for case number 2012.07.07.a.
Timezone America/Mexico_City
Fetching weather data for case number 2012.05.29.

Timezone America/New_York
Fetching weather data for case number 2012.05.23.
Got weather data for case number 2012.07.31.a.
Timezone America/Los_Angeles
Fetching weather data for case number 2012.05.12.
Got weather data for case number 2012.07.06.
Timezone America/New_York
Fetching weather data for case number 2012.05.09.
Got weather data for case number 2012.06.26.c.
Timezone America/Los_Angeles
Fetching weather data for case number 2012.05.06.
Got weather data for case number 2012.07.14.
Timezone America/New_York
Fetching weather data for case number 2012.04.19.b.
Got weather data for case number 2012.06.26.a.
Timezone Africa/Johannesburg
Fetching weather data for case number 2012.04.19.a.
Got weather data for case number 2012.06.26.b.
Timezone Pacific/Honolulu
Fetching weather data for case number 2012.04.03.
Got weather data for case number 2012.06.22.a.
Timezone Australia/Perth
Fetching weather data for case number 2012.03.31.
Got weather data for case number 2012.06.20.
Timezone America/New_York
Fetching weather data for case number 2012.03.24.
Got weather data for case number 2012.06.18.
Timezone Australia/Perth
Fetching weather data for case number 2012.03.22.
Got weather data for case number 2012.06.15.
Timezone Australia/Brisbane
Fetching weather data for case number 2012.03.20.
Got weather data for case number 2012.06.03.
Timezone America/New_York
Fetching weather data for case number 2012.03.15.
Got weather data for case number 2012.06.14.a.
Timezone America/New_York
Fetching weather data for case number 2012.03.14.b.
Got weather data for case number 2012.06.02.a.
Timezone America/New_York
Fetching weather data for case number 2012.03.14.a.
Got weather data for case number 2012.05.31.
Timezone Pacific/Auckland
Fetching weather data for case number 2012.03.06.b.
Got weather data for case number 2012.05.23.
Timezone Australia/Melbourne
Fetching weather data for case number 2012.03.06.a.
Got weather data for case number 2012.05.29.
Timezone Indian/Reunion
Fetching weather data for case number 2012.03.05.
Got weather data for case number 2012.05.12.
Timezone America/New_York
Fetching weather data for case number 2012.03.04.
Got weather data for case number 2012.05.09.
Timezone America/New_York
Fetching weather data for case number 2012.02.26.
Got weather data for case number 2012.04.03.
Timezone Australia/Sydney
Fetching weather data for case number 2012.02.25.
Got weather data for case number 2012.04.19.a.
Timezone Australia/Brisbane
Fetching weather data for case number 2012.02.06.
Got weather data for case number 2012.03.31.
Timezone Pacific/Honolulu
Fetching weather data for case number 2012.01.27.
Got weather data for case number 2012.04.19.b.
Timezone Australia/Sydney
Fetching weather data for case number 2012.01.18.a.
Got weather data for case number 2012.03.24.
Timezone Africa/Johannesburg
Fetching weather data for case number 2012.01.15.
Got weather data for case number 2012.05.06.
Timezone Australia/Sydney
Fetching weather data for case number 2012.01.03.
Got weather data for case number 2012.03.22.
Timezone Australia/Sydney
Fetching weather data for case number 2012.01.02.
Got weather data for case number 2012.03.20.
Timezone America/New_York
Fetching weather data for case number 2011.12.31.
Got weather data for case number 2012.03.15.
Timezone America/Guayaquil
Got weather data for case number 2012.03.14.a.
Timezone America/New_York
Fetching weather data for case number 2011.12.23.
Got weather data for case number 2012.03.06.a.
Timezone Australia/Sydney
Fetching weather data for case number 2011.12.11.
Got weather data for case number 2012.03.06.b.
Timezone America/Los_Angeles
Fetching weather data for case number 2011.12.06.
Got weather data for case number 2012.03.05.
Timezone Australia/Sydney
Fetching weather data for case number 2011.12.02.
Got weather data for case number 2012.02.26.
Timezone Asia/Makassar
Fetching weather data for case number 2011.11.29.
Got weather data for case number 2012.03.04.
Timezone Australia/Perth
Fetching weather data for case number 2011.10.22.
Got weather data for case number 2012.02.25.
Timezone Australia/Melbourne
Fetching weather data for case number 2011.10.19.
Got weather data for case number 2012.03.14.b.
Timezone Australia/Perth
Fetching weather data for case number 2011.10.09.
Got weather data for case number 2012.01.18.a.
Timezone Indian/Reunion
Fetching weather data for case number 2011.10.05.
Got weather data for case number 2012.01.27.
Timezone America/Puerto_Rico
Got weather data for case number 2012.02.06.
Timezone Africa/Johannesburg
Fetching weather data for case number 2011.09.28.a.
Got weather data for case number 2012.01.03.
Timezone America/New_York
Fetching weather data for case number 2011.09.24.b.
Got weather data for case number 2012.01.15.
Timezone America/New_York
Fetching weather data for case number 2011.09.24.a.
Fetching weather data for case number 2011.12.25.
Fetching weather data for case number 2011.09.30.
Got weather data for case number 2011.10.22.
Timezone Pacific/Honolulu
Fetching weather data for case number 2011.09.20.
Got weather data for case number 2011.12.23.
Timezone Indian/Reunion
Fetching weather data for case number 2011.09.19.
Got weather data for case number 2012.01.02.
Timezone America/New_York
Fetching weather data for case number 2011.09.16.
Got weather data for case number 2011.12.31.
Timezone America/Los_Angeles
Fetching weather data for case number 2011.09.11.b.
Got weather data for case number 2011.12.06.
Timezone Pacific/Honolulu
Fetching weather data for case number 2011.09.04.b.
Got weather data for case number 2011.12.11.
Timezone Australia/Perth
Fetching weather data for case number 2011.09.04.a.
Got weather data for case number 2011.10.05.
Timezone America/New_York
Fetching weather data for case number 2011.09.02.
Got weather data for case number 2011.11.29.
Timezone America/New_York
Fetching weather data for case number 2011.08.31.
Got weather data for case number 2011.09.30.
Timezone Australia/Brisbane
Fetching weather data for case number 2011.08.28.b.
Got weather data for case number 2011.12.02.
Timezone America/Chicago
Fetching weather data for case number 2011.08.28.a.
Got weather data for case number 2011.09.24.b.
Timezone America/New_York
Fetching weather data for case number 2011.08.24.a.
Got weather data for case number 2011.09.24.a.
Timezone Africa/Johannesburg
Fetching weather data for case number 2011.08.23.
Got weather data for case number 2011.10.09.
Timezone America/New_York
Fetching weather data for case number 2011.08.17.c..
Got weather data for case number 2011.12.25.
Timezone America/New_York
Fetching weather data for case number 2011.08.17.b..
Got weather data for case number 2011.10.19.
Timezone Pacific/Tahiti
Fetching weather data for case number 2011.08.16.c.
Got weather data for case number 2011.09.28.a.
Timezone Indian/Mahe
Fetching weather data for case number 2011.08.16.a.
Got weather data for case number 2011.09.20.
Timezone America/New_York
Fetching weather data for case number 2011.08.11.
Got weather data for case number 2011.09.19.
Timezone Indian/Mahe
Fetching weather data for case number 2011.08.01.
Got weather data for case number 2011.09.16.
Timezone Africa/Johannesburg
Fetching weather data for case number 2011.07.22.
Got weather data for case number 2011.09.04.b.
Timezone America/New_York
Fetching weather data for case number 2011.07.19.
Got weather data for case number 2011.09.11.b.
Timezone Indian/Reunion
Fetching weather data for case number 2011.07.15.
Got weather data for case number 2011.08.31.
Timezone America/Chicago
Fetching weather data for case number 2011.07.13.b.
Got weather data for case number 2011.09.04.a.
Timezone America/Nassau
Fetching weather data for case number 2011.07.13.a.
Got weather data for case number 2011.09.02.
Timezone America/Chicago
Fetching weather data for case number 2011.07.07.b.
Got weather data for case number 2011.08.28.a.
Timezone Indian/Reunion
Fetching weather data for case number 2011.07.06.
Got weather data for case number 2011.08.28.b.
Timezone America/Bogota
Got weather data for case number 2011.08.23.
Timezone America/Grand_Turk
Got weather data for case number 2011.08.17.b..
Timezone America/Recife
Fetching weather data for case number 2011.06.29.
Got weather data for case number 2011.08.16.c.
Timezone Africa/Johannesburg
Fetching weather data for case number 2011.06.28.
Got weather data for case number 2011.08.16.a.
Timezone America/Los_Angeles
Fetching weather data for case number 2011.06.24.
Got weather data for case number 2011.08.24.a.
Timezone America/Costa_Rica
Fetching weather data for case number 2011.06.19.a.
Got weather data for case number 2011.08.17.c..
Timezone Indian/Reunion
Fetching weather data for case number 2011.06.15.
Fetching weather data for case number 2011.07.05.
Fetching weather data for case number 2011.06.30.
Got weather data for case number 2011.08.01.
Timezone America/New_York
Fetching weather data for case number 2011.06.12.
Got weather data for case number 2011.07.15.
Timezone America/New_York
Fetching weather data for case number 2011.06.06.a.
Got weather data for case number 2011.07.22.
Timezone America/Chicago
Fetching weather data for case number 2011.05.30.
Got weather data for case number 2011.08.11.
Timezone Pacific/Honolulu
Fetching weather data for case number 2011.05.25.
Got weather data for case number 2011.07.13.b.
Timezone Pacific/Honolulu
Fetching weather data for case number 2011.05.22.
Got weather data for case number 2011.07.13.a.
Timezone America/New_York
Fetching weather data for case number 2011.05.13.b.
Got weather data for case number 2011.07.19.
Timezone Pacific/Noumea
Fetching weather data for case number 2011.05.21.a.
Got weather data for case number 2011.07.06.
Timezone America/New_York
Fetching weather data for case number 2011.05.13.a.
Got weather data for case number 2011.07.07.b.
Timezone Australia/Perth
Fetching weather data for case number 2011.04.23.
Got weather data for case number 2011.06.29.
Timezone America/New_York
Fetching weather data for case number 2011.04.22.
Got weather data for case number 2011.06.15.
Timezone Australia/Sydney
Fetching weather data for case number 2011.03.23.
Got weather data for case number 2011.06.24.
Timezone Pacific/Fiji
Got weather data for case number 2011.06.28.
Timezone Australia/Sydney
Fetching weather data for case number 2011.03.16.
Got weather data for case number 2011.06.30.
Timezone Australia/Brisbane
Fetching weather data for case number 2011.02.28.R.
Fetching weather data for case number 2011.03.21.a.
Got weather data for case number 2011.06.19.a.
Timezone Indian/Reunion
Fetching weather data for case number 2011.02.19.
Got weather data for case number 2011.07.05.
Timezone Australia/Adelaide
Fetching weather data for case number 2011.02.17.
Got weather data for case number 2011.05.30.
Timezone Australia/Brisbane
Fetching weather data for case number 2011.02.13.
Got weather data for case number 2011.05.25.
Timezone America/Cancun
Fetching weather data for case number 2011.01.31.
Got weather data for case number 2011.06.12.
Timezone America/Nassau
Fetching weather data for case number 2011.01.26.
Got weather data for case number 2011.05.22.
Timezone Australia/Sydney
Fetching weather data for case number 2011.01.20.
Got weather data for case number 2011.06.06.a.
Timezone Africa/Johannesburg
Fetching weather data for case number 2011.01.15.
Got weather data for case number 2011.05.21.a.
Timezone Australia/Perth
Fetching weather data for case number 2011.01.03.
Got weather data for case number 2011.05.13.a.
Timezone Pacific/Honolulu
Fetching weather data for case number 2010.12.26.
Got weather data for case number 2011.05.13.b.
Timezone Pacific/Honolulu
Fetching weather data for case number 2010.12.11.
Got weather data for case number 2011.04.23.
Timezone Africa/Cairo
Fetching weather data for case number 2010.12.05.
Got weather data for case number 2011.04.22.
Timezone Africa/Cairo
Fetching weather data for case number 2010.12.01.b.
Got weather data for case number 2011.03.23.
Timezone Africa/Cairo
Fetching weather data for case number 2010.12.01.a.
Got weather data for case number 2011.03.16.
Timezone Africa/Cairo
Fetching weather data for case number 2010.11.30.b.
Got weather data for case number 2011.02.28.R.
Timezone Africa/Cairo
Fetching weather data for case number 2010.11.30.a.
Got weather data for case number 2011.03.21.a.
Timezone Australia/Perth
Fetching weather data for case number 2010.10.30.
Got weather data for case number 2011.02.17.
Timezone America/Los_Angeles
Fetching weather data for case number 2010.10.28.
Got weather data for case number 2011.02.19.
Timezone America/Los_Angeles
Fetching weather data for case number 2010.10.22.
Got weather data for case number 2011.02.13.
Timezone Australia/Sydney
Fetching weather data for case number 2010.10.09.
Got weather data for case number 2011.01.31.
Timezone America/Nassau
Fetching weather data for case number 2010.10.02.a.
Got weather data for case number 2011.01.15.
Timezone Africa/Johannesburg
Fetching weather data for case number 2010.10.01.
Got weather data for case number 2011.01.26.
Timezone America/Los_Angeles
Fetching weather data for case number 2010.09.27.
Got weather data for case number 2011.01.20.
Timezone America/New_York
Fetching weather data for case number 2010.09.24.
Got weather data for case number 2011.01.03.
Timezone Australia/Sydney
Fetching weather data for case number 2010.09.13.
Got weather data for case number 2010.12.01.b.
Timezone America/New_York
Fetching weather data for case number 2010.09.03.b.
Got weather data for case number 2010.11.30.a.
Timezone America/New_York
Fetching weather data for case number 2010.09.03.a.
Got weather data for case number 2010.12.05.
Timezone America/New_York
Fetching weather data for case number 2010.08.18.
Got weather data for case number 2010.12.01.a.
Timezone Australia/Perth
Fetching weather data for case number 2010.08.17.
Got weather data for case number 2010.11.30.b.
Timezone Australia/Brisbane
Fetching weather data for case number 2010.08.10.b.
Got weather data for case number 2010.12.11.
Timezone Australia/Sydney
Fetching weather data for case number 2010.08.08.
Got weather data for case number 2010.12.26.
Timezone America/New_York
Fetching weather data for case number 2010.08.07.b.
Got weather data for case number 2010.10.30.
Timezone America/New_York
Fetching weather data for case number 2010.08.05.
Got weather data for case number 2010.10.28.
Timezone America/Los_Angeles
Fetching weather data for case number 2010.08.02.b.
Got weather data for case number 2010.10.22.
Timezone America/New_York
Fetching weather data for case number 2010.08.02.a.
Got weather data for case number 2010.10.09.
Timezone America/New_York
Fetching weather data for case number 2010.07.23.
Got weather data for case number 2010.10.01.
Timezone America/New_York
Fetching weather data for case number 2010.07.19.
Got weather data for case number 2010.10.02.a.
Timezone America/New_York
Fetching weather data for case number 2010.07.17.b.
Got weather data for case number 2010.09.24.
Timezone Atlantic/Canary
Got weather data for case number 2010.09.13.
Timezone America/New_York
Fetching weather data for case number 2010.07.03.
Fetching weather data for case number 2010.07.16.b.
Got weather data for case number 2010.09.27.
Timezone America/Los_Angeles
Fetching weather data for case number 2010.07.02.a.
Got weather data for case number 2010.09.03.b.
Timezone America/New_York
Fetching weather data for case number 2010.06.25.a.
Got weather data for case number 2010.08.18.
Timezone Asia/Saigon
Got weather data for case number 2010.09.03.a.
Timezone America/New_York
Fetching weather data for case number 2010.06.10.
Got weather data for case number 2010.08.17.
Timezone Australia/Perth
Fetching weather data for case number 2010.06.06.
Fetching weather data for case number 2010.06.15.
Got weather data for case number 2010.08.08.
Timezone America/New_York
Fetching weather data for case number 2010.05.30.
Got weather data for case number 2010.08.05.
Timezone Asia/Saigon
Fetching weather data for case number 2010.05.18.c.
Got weather data for case number 2010.08.07.b.
Timezone Asia/Saigon
Fetching weather data for case number 2010.05.18.b.
Got weather data for case number 2010.08.02.b.
Timezone Australia/Sydney
Fetching weather data for case number 2010.05.18.a.
Got weather data for case number 2010.08.02.a.
Timezone Indian/Antananarivo
Fetching weather data for case number 2010.05.03.
Got weather data for case number 2010.08.10.b.
Timezone America/New_York
Fetching weather data for case number 2010.05.01.
Got weather data for case number 2010.07.03.
Timezone Pacific/Honolulu
Fetching weather data for case number 2010.04.19.
Got weather data for case number 2010.07.17.b.
Timezone Africa/Johannesburg
Fetching weather data for case number 2010.04.13.
Got weather data for case number 2010.07.16.b.
Timezone Africa/Cairo
Fetching weather data for case number 2010.04.04.
Got weather data for case number 2010.07.23.
Timezone Indian/Reunion
Fetching weather data for case number 2010.03.27.
Got weather data for case number 2010.07.19.
Timezone Africa/Johannesburg
Fetching weather data for case number 2010.02.16.
Got weather data for case number 2010.07.02.a.
Timezone Pacific/Fiji
Fetching weather data for case number 2010.02.15.
Got weather data for case number 2010.06.25.a.
Timezone Australia/Brisbane
Fetching weather data for case number 2010.02.13.
Got weather data for case number 2010.06.10.
Timezone Australia/Sydney
Fetching weather data for case number 2010.02.11.
Got weather data for case number 2010.06.06.
Timezone Australia/Sydney
Fetching weather data for case number 2010.02.06.b.
Got weather data for case number 2010.05.30.
Timezone America/New_York
Fetching weather data for case number 2010.02.06.a.
Got weather data for case number 2010.05.18.b.
Timezone Pacific/Guam
Got weather data for case number 2010.05.18.c.
Timezone America/New_York
Fetching weather data for case number 2010.02.03.
Got weather data for case number 2010.06.15.
Timezone Pacific/Auckland
Fetching weather data for case number 2010.02.01.
Got weather data for case number 2010.05.18.a.
Timezone Australia/Brisbane
Fetching weather data for case number 2010.01.27.
Fetching weather data for case number 2010.02.04.
Got weather data for case number 2010.05.01.
Timezone Australia/Melbourne
Fetching weather data for case number 2010.01.22.a.
Got weather data for case number 2010.05.03.
Timezone Africa/Johannesburg
Fetching weather data for case number 2010.01.12.
Got weather data for case number 2010.04.13.
Timezone Asia/Saigon
Fetching weather data for case number 2010.01.09.b.
Got weather data for case number 2010.04.04.
Timezone Asia/Saigon
Fetching weather data for case number 2010.01.09.a.
Got weather data for case number 2010.02.15.
Timezone America/New_York
Fetching weather data for case number 2010.01.06.
Got weather data for case number 2010.02.16.
Timezone Africa/Johannesburg
Fetching weather data for case number 2009.12.29.
Got weather data for case number 2010.04.19.
Timezone Australia/Sydney
Fetching weather data for case number 2009.12.26.
Got weather data for case number 2010.03.27.
Timezone Africa/Maputo
Fetching weather data for case number 2009.12.22.
Got weather data for case number 2010.02.13.
Timezone Australia/Brisbane
Fetching weather data for case number 2009.12.20.b.
Got weather data for case number 2010.02.11.
Timezone UTC
Fetching weather data for case number 2009.12.20.a.
Got weather data for case number 2010.02.06.b.
Timezone Africa/Johannesburg
Fetching weather data for case number 2009.12.18.
Got weather data for case number 2010.02.06.a.
Timezone Australia/Sydney
Fetching weather data for case number 2009.12.13.
Got weather data for case number 2010.02.03.
Timezone Australia/Sydney
Fetching weather data for case number 2009.12.12.
Got weather data for case number 2010.01.27.
Timezone America/New_York
Fetching weather data for case number 2009.12.06.
Got weather data for case number 2010.02.04.
Timezone America/Los_Angeles
Fetching weather data for case number 2009.11.25.
Got weather data for case number 2010.01.22.a.
Timezone America/Los_Angeles
Fetching weather data for case number 2009.11.16.b.
Got weather data for case number 2010.02.01.
Timezone America/New_York
Fetching weather data for case number 2009.11.16.a.
Got weather data for case number 2010.01.12.
Timezone America/New_York
Fetching weather data for case number 2009.11.13.
Got weather data for case number 2010.01.09.a.
Timezone Australia/Adelaide
Fetching weather data for case number 2009.11.08.
Got weather data for case number 2010.01.09.b.
Timezone Australia/Sydney
Fetching weather data for case number 2009.10.28.
Got weather data for case number 2010.01.06.
Timezone America/Los_Angeles
Fetching weather data for case number 2009.10.24.
Got weather data for case number 2009.12.13.
Timezone Pacific/Honolulu
Fetching weather data for case number 2009.10.19.
Got weather data for case number 2009.12.26.
Timezone America/Panama
Got weather data for case number 2009.12.22.
Timezone Europe/London
Fetching weather data for case number 2009.10.17.
Got weather data for case number 2009.12.29.
Timezone America/Los_Angeles
Fetching weather data for case number 2009.10.09.
Got weather data for case number 2009.12.18.
Timezone Europe/London
Fetching weather data for case number 2009.10.02.
Got weather data for case number 2009.12.20.b.
Timezone America/New_York
Fetching weather data for case number 2009.09.26.
Fetching weather data for case number 2009.10.18.
Got weather data for case number 2009.12.20.a.
Timezone America/New_York
Fetching weather data for case number 2009.09.12.
Got weather data for case number 2009.12.12.
Timezone America/Los_Angeles
Fetching weather data for case number 2009.08.30.
Got weather data for case number 2009.12.06.
Timezone Africa/Johannesburg
Fetching weather data for case number 2009.08.29.
Got weather data for case number 2009.11.25.
Timezone America/Los_Angeles
Fetching weather data for case number 2009.08.25.
Got weather data for case number 2009.11.16.b.
Timezone America/New_York
Fetching weather data for case number 2009.08.10.
Got weather data for case number 2009.11.13.
Timezone Pacific/Honolulu
Fetching weather data for case number 2009.08.06.
Got weather data for case number 2009.11.16.a.
Timezone America/Chicago
Fetching weather data for case number 2009.08.01.
Got weather data for case number 2009.11.08.
Timezone Australia/Sydney
Fetching weather data for case number 2009.07.30.
Got weather data for case number 2009.10.28.
Timezone Asia/Saigon
Fetching weather data for case number 2009.07.29.
Got weather data for case number 2009.10.24.
Timezone Europe/Madrid
Fetching weather data for case number 2009.07.24.a.
Got weather data for case number 2009.10.09.
Timezone America/New_York
Fetching weather data for case number 2009.07.22.b.
Got weather data for case number 2009.09.26.
Timezone America/New_York
Fetching weather data for case number 2009.07.22.a.
Got weather data for case number 2009.09.12.
Timezone America/Los_Angeles
Fetching weather data for case number 2009.07.11.a.
Got weather data for case number 2009.08.30.
Timezone Africa/Johannesburg
Fetching weather data for case number 2009.07.07.
Got weather data for case number 2009.08.29.
Timezone America/New_York
Fetching weather data for case number 2009.07.05.
Got weather data for case number 2009.08.25.
Timezone Australia/Sydney
Fetching weather data for case number 2009.06.27.
Got weather data for case number 2009.10.02.
Timezone America/New_York
Fetching weather data for case number 2009.06.16.
Got weather data for case number 2009.10.17.
Timezone Asia/Taipei
Got weather data for case number 2009.08.10.
Timezone America/New_York
Fetching weather data for case number 2009.05.25.
Fetching weather data for case number 2009.05.31.
Got weather data for case number 2009.10.18.
Timezone America/New_York
Fetching weather data for case number 2009.05.17.
Got weather data for case number 2009.10.19.
Timezone America/New_York
Fetching weather data for case number 2009.05.16.b.
Got weather data for case number 2009.08.01.
Timezone America/New_York
Fetching weather data for case number 2009.05.16.a.
Got weather data for case number 2009.08.06.
Timezone America/New_York
Fetching weather data for case number 2009.04.28.
Got weather data for case number 2009.07.30.
Timezone America/Los_Angeles
Fetching weather data for case number 2009.04.25.R.
Got weather data for case number 2009.07.29.
Timezone America/New_York
Fetching weather data for case number 2009.04.19.
Got weather data for case number 2009.07.24.a.
Timezone America/New_York
Fetching weather data for case number 2009.04.17..
Got weather data for case number 2009.07.22.b.
Timezone Australia/Sydney
Fetching weather data for case number 2009.04.12.
Got weather data for case number 2009.07.22.a.
Timezone America/Los_Angeles
Fetching weather data for case number 2009.04.06.a.
Got weather data for case number 2009.07.11.a.
Timezone America/New_York
Fetching weather data for case number 2009.04.03.
Got weather data for case number 2009.07.07.
Timezone Australia/Sydney
Fetching weather data for case number 2009.03.20.
Got weather data for case number 2009.07.05.
Timezone Australia/Sydney
Fetching weather data for case number 2009.03.19.a.
Got weather data for case number 2009.06.27.
Timezone America/New_York
Fetching weather data for case number 2009.03.18.a.
Got weather data for case number 2009.06.16.
Timezone UTC
Fetching weather data for case number 2009.03.17.
Got weather data for case number 2009.05.25.
Timezone Pacific/Noumea
Fetching weather data for case number 2009.03.06.
Got weather data for case number 2009.05.31.
Timezone Africa/Johannesburg
Fetching weather data for case number 2009.03.02.
Got weather data for case number 2009.05.17.
Timezone Australia/Sydney
Fetching weather data for case number 2009.03.01.a.
Got weather data for case number 2009.05.16.b.
Timezone UTC
Fetching weather data for case number 2009.02.22.
Got weather data for case number 2009.05.16.a.
Timezone Australia/Sydney
Fetching weather data for case number 2009.02.18.
Got weather data for case number 2009.04.28.
Timezone Australia/Sydney
Fetching weather data for case number 2009.02.12.
Got weather data for case number 2009.04.25.R.
Timezone Australia/Sydney
Fetching weather data for case number 2009.02.11.
Got weather data for case number 2009.04.19.
Timezone Australia/Sydney
Fetching weather data for case number 2009.02.07.b.
Got weather data for case number 2009.04.17..
Timezone Australia/Sydney
Fetching weather data for case number 2009.02.07.a.
Got weather data for case number 2009.04.12.
Timezone America/Havana
Fetching weather data for case number 2009.01.25.
Got weather data for case number 2009.04.06.a.
Timezone Pacific/Auckland
Fetching weather data for case number 2009.01.24.c.
Got weather data for case number 2009.04.03.
Timezone Australia/Sydney
Fetching weather data for case number 2009.01.24.b.
Got weather data for case number 2009.03.20.
Timezone Africa/Johannesburg
Fetching weather data for case number 2009.01.24.a.
Got weather data for case number 2009.03.19.a.
Timezone Australia/Melbourne
Fetching weather data for case number 2009.01.18.
Got weather data for case number 2009.03.18.a.
Timezone Australia/Sydney
Fetching weather data for case number 2009.01.12.
Got weather data for case number 2009.03.17.
Timezone Australia/Hobart
Fetching weather data for case number 2009.01.11.b.
Got weather data for case number 2009.03.02.
Timezone Australia/Sydney
Fetching weather data for case number 2009.01.11.a.
Got weather data for case number 2009.03.06.
Timezone Pacific/Auckland
Fetching weather data for case number 2009.01.06.
Got weather data for case number 2009.03.01.a.
Timezone Australia/Perth
Fetching weather data for case number 2008.12.30.
Got weather data for case number 2009.02.12.
Timezone Australia/Sydney
Fetching weather data for case number 2008.12.27.b.
Got weather data for case number 2009.02.18.
Timezone Australia/Perth
Fetching weather data for case number 2008.12.27.a.
Got weather data for case number 2009.02.22.
Timezone America/Los_Angeles
Fetching weather data for case number 2008.12.20.
Got weather data for case number 2009.02.11.
Timezone Africa/Johannesburg
Fetching weather data for case number 2008.12.10.
Got weather data for case number 2009.02.07.b.
Timezone Asia/Manila
Got weather data for case number 2009.02.07.a.
Timezone Australia/Sydney
Fetching weather data for case number 2008.10.22.
Fetching weather data for case number 2008.11.06.
Got weather data for case number 2009.01.25.
Timezone Australia/Sydney
Fetching weather data for case number 2008.10.11.
Got weather data for case number 2009.01.24.c.
Timezone America/Chicago
Fetching weather data for case number 2008.10.08.
Got weather data for case number 2009.01.24.b.
Timezone Europe/Zagreb
Fetching weather data for case number 2008.10.06.
Got weather data for case number 2009.01.24.a.
Timezone America/New_York
Fetching weather data for case number 2008.09.28.b.
Got weather data for case number 2009.01.18.
Timezone America/New_York
Fetching weather data for case number 2008.09.28.a.
Got weather data for case number 2009.01.12.
Timezone Australia/Darwin
Fetching weather data for case number 2008.09.15.
Got weather data for case number 2009.01.11.a.
Timezone America/New_York
Fetching weather data for case number 2008.09.14.
Got weather data for case number 2009.01.11.b.
Timezone Pacific/Honolulu
Fetching weather data for case number 2008.09.09.
Got weather data for case number 2009.01.06.
Timezone America/Los_Angeles
Fetching weather data for case number 2008.09.08.
Got weather data for case number 2008.12.20.
Timezone Australia/Sydney
Fetching weather data for case number 2008.09.07.
Got weather data for case number 2008.12.27.b.
Timezone America/New_York
Fetching weather data for case number 2008.09.06.b.
Got weather data for case number 2008.12.30.
Timezone America/New_York
Fetching weather data for case number 2008.09.06.a.
Got weather data for case number 2008.12.27.a.
Timezone America/New_York
Fetching weather data for case number 2008.09.01.
Got weather data for case number 2008.10.22.
Timezone Pacific/Honolulu
Fetching weather data for case number 2008.08.30.b.
Got weather data for case number 2008.12.10.
Timezone America/New_York
Fetching weather data for case number 2008.08.28.
Got weather data for case number 2008.10.11.
Timezone America/New_York
Fetching weather data for case number 2008.08.27.
Got weather data for case number 2008.10.06.
Timezone America/New_York
Fetching weather data for case number 2008.08.24.
Got weather data for case number 2008.10.08.
Timezone America/New_York
Fetching weather data for case number 2008.08.22.
Got weather data for case number 2008.09.28.b.
Timezone America/New_York
Fetching weather data for case number 2008.08.20.
Got weather data for case number 2008.09.28.a.
Timezone America/New_York
Fetching weather data for case number 2008.08.12.
Got weather data for case number 2008.11.06.
Timezone Pacific/Honolulu
Fetching weather data for case number 2008.08.11.
Got weather data for case number 2008.09.14.
Timezone Australia/Darwin
Fetching weather data for case number 2008.07.30.R.
Got weather data for case number 2008.09.15.
Timezone America/Panama
Fetching weather data for case number 2008.07.27.
Got weather data for case number 2008.09.09.
Timezone Pacific/Honolulu
Fetching weather data for case number 2008.07.26.a.
Got weather data for case number 2008.09.08.
Timezone America/New_York
Fetching weather data for case number 2008.07.25.b.
Got weather data for case number 2008.09.07.
Timezone Pacific/Honolulu
Fetching weather data for case number 2008.07.25.a.
Got weather data for case number 2008.09.06.b.
Timezone America/New_York
Fetching weather data for case number 2008.07.24.a.
Got weather data for case number 2008.09.06.a.
Timezone America/New_York
Fetching weather data for case number 2008.07.23.
Got weather data for case number 2008.09.01.
Timezone America/New_York
Fetching weather data for case number 2008.07.19.
Got weather data for case number 2008.08.30.b.
Timezone America/New_York
Fetching weather data for case number 2008.07.11.
Got weather data for case number 2008.08.28.
Timezone America/New_York
Fetching weather data for case number 2008.07.09.
Got weather data for case number 2008.08.27.
Timezone America/New_York
Fetching weather data for case number 2008.07.05.
Got weather data for case number 2008.08.24.
Timezone Africa/Johannesburg
Fetching weather data for case number 2008.06.28.a.
Got weather data for case number 2008.08.22.
Timezone America/New_York
Fetching weather data for case number 2008.06.26.a.
Got weather data for case number 2008.08.20.
Timezone America/Los_Angeles
Fetching weather data for case number 2008.06.21.
Got weather data for case number 2008.08.12.
Timezone America/New_York
Fetching weather data for case number 2008.06.20.
Got weather data for case number 2008.08.11.
Timezone America/New_York
Fetching weather data for case number 2008.06.01.b.
Got weather data for case number 2008.07.30.R.
Timezone America/Recife
Fetching weather data for case number 2008.06.01.a.
Got weather data for case number 2008.07.26.a.
Timezone America/New_York
Fetching weather data for case number 2008.05.26.
Got weather data for case number 2008.07.25.b.
Timezone Australia/Perth
Fetching weather data for case number 2008.05.10.
Got weather data for case number 2008.07.24.a.
Timezone Pacific/Noumea
Fetching weather data for case number 2008.05.07.b.
Got weather data for case number 2008.07.27.
Timezone America/New_York
Fetching weather data for case number 2008.04.28.a.
Got weather data for case number 2008.07.25.a.
Timezone America/New_York
Fetching weather data for case number 2008.04.27.
Got weather data for case number 2008.07.23.
Timezone America/New_York
Fetching weather data for case number 2008.04.26.a.
Got weather data for case number 2008.07.19.
Timezone America/Los_Angeles
Fetching weather data for case number 2008.04.25.
Got weather data for case number 2008.07.09.
Timezone America/New_York
Fetching weather data for case number 2008.04.20.b.
Got weather data for case number 2008.07.11.
Timezone Australia/Sydney
Fetching weather data for case number 2008.04.17.
Got weather data for case number 2008.07.05.
Timezone America/New_York
Fetching weather data for case number 2008.04.15.
Got weather data for case number 2008.06.28.a.
Timezone Australia/Sydney
Fetching weather data for case number 2008.04.08.
Got weather data for case number 2008.06.26.a.
Timezone America/New_York
Fetching weather data for case number 2008.04.03.
Got weather data for case number 2008.06.20.
Timezone America/New_York
Fetching weather data for case number 2008.03.28.b.
Got weather data for case number 2008.06.21.
Timezone America/New_York
Fetching weather data for case number 2008.03.23.
Got weather data for case number 2008.06.01.b.
Timezone America/New_York
Fetching weather data for case number 2008.03.21.
Got weather data for case number 2008.06.01.a.
Timezone America/Los_Angeles
Fetching weather data for case number 2008.03.07.
Got weather data for case number 2008.05.26.
Timezone America/Nassau
Fetching weather data for case number 2008.02.24.
Got weather data for case number 2008.05.10.
Timezone America/New_York
Fetching weather data for case number 2008.02.15.
Got weather data for case number 2008.05.07.b.
Timezone Australia/Brisbane
Fetching weather data for case number 2008.01.27.
Got weather data for case number 2008.04.28.a.
Timezone Pacific/Auckland
Fetching weather data for case number 2008.01.14.
Got weather data for case number 2008.04.27.
Timezone Australia/Sydney
Fetching weather data for case number 2007.12.18.
Got weather data for case number 2008.04.25.
Timezone Australia/Sydney
Fetching weather data for case number 2007.12.14.
Got weather data for case number 2008.04.26.a.
Timezone Pacific/Honolulu
Fetching weather data for case number 2007.12.10.
Got weather data for case number 2008.04.20.b.
Timezone Australia/Sydney
Fetching weather data for case number 2007.11.08.
Got weather data for case number 2008.04.17.
Timezone Africa/Johannesburg
Fetching weather data for case number 2007.11.07.
Got weather data for case number 2008.04.15.
Timezone America/New_York
Fetching weather data for case number 2007.11.06.
Got weather data for case number 2008.04.08.
Timezone America/New_York
Fetching weather data for case number 2007.11.04.
Got weather data for case number 2008.04.03.
Timezone Africa/Johannesburg
Fetching weather data for case number 2007.11.03.
Got weather data for case number 2008.03.23.
Timezone Pacific/Honolulu
Fetching weather data for case number 2007.10.29.
Got weather data for case number 2008.03.28.b.
Timezone Australia/Sydney
Fetching weather data for case number 2007.10.15.
Got weather data for case number 2008.03.21.
Timezone Australia/Brisbane
Fetching weather data for case number 2007.10.13.
Got weather data for case number 2008.03.07.
Timezone America/Los_Angeles
Fetching weather data for case number 2007.10.07.
Got weather data for case number 2008.02.15.
Timezone America/New_York
Fetching weather data for case number 2007.10.06.
Got weather data for case number 2008.02.24.
Timezone America/Los_Angeles
Fetching weather data for case number 2007.09.30.c.
Got weather data for case number 2008.01.27.
Timezone Asia/Manila
Fetching weather data for case number 2007.09.30.b.
Got weather data for case number 2008.01.14.
Timezone America/Nassau
Fetching weather data for case number 2007.09.28.
Got weather data for case number 2007.12.14.
Timezone America/Los_Angeles
Fetching weather data for case number 2007.09.27.b.
Got weather data for case number 2007.12.18.
Timezone UTC
Fetching weather data for case number 2007.09.27.a.
Got weather data for case number 2007.12.10.
Timezone America/New_York
Fetching weather data for case number 2007.09.20.
Got weather data for case number 2007.11.08.
Timezone America/New_York
Fetching weather data for case number 2007.09.16.b.
Got weather data for case number 2007.11.07.
Timezone America/New_York
Fetching weather data for case number 2007.09.13.
Got weather data for case number 2007.11.06.
Timezone America/New_York
Fetching weather data for case number 2007.09.08.
Got weather data for case number 2007.11.04.
Timezone America/New_York
Fetching weather data for case number 2007.09.05.
Got weather data for case number 2007.11.03.
Timezone America/New_York
Fetching weather data for case number 2007.09.04.
Got weather data for case number 2007.10.29.
Timezone America/New_York
Fetching weather data for case number 2007.09.03.a.
Got weather data for case number 2007.10.15.
Timezone Pacific/Honolulu
Fetching weather data for case number 2007.08.28.b.
Got weather data for case number 2007.10.07.
Timezone America/Los_Angeles
Fetching weather data for case number 2007.08.28.a.
Got weather data for case number 2007.10.13.
Timezone America/New_York
Fetching weather data for case number 2007.08.26.
Got weather data for case number 2007.10.06.
Timezone America/New_York
Fetching weather data for case number 2007.08.20.
Got weather data for case number 2007.09.30.c.
Timezone America/New_York
Fetching weather data for case number 2007.08.19.c.
Got weather data for case number 2007.09.28.
Timezone America/New_York
Fetching weather data for case number 2007.08.19.b.
Got weather data for case number 2007.09.30.b.
Timezone America/New_York
Fetching weather data for case number 2007.08.19.a..
Got weather data for case number 2007.09.27.b.
Timezone America/New_York
Fetching weather data for case number 2007.08.12.
Got weather data for case number 2007.09.27.a.
Timezone America/New_York
Fetching weather data for case number 2007.08.11.
Got weather data for case number 2007.09.20.
Timezone America/New_York
Fetching weather data for case number 2007.08.09.b.
Got weather data for case number 2007.09.13.
Timezone America/New_York
Fetching weather data for case number 2007.08.09.a.
Got weather data for case number 2007.09.16.b.
Timezone America/Los_Angeles
Fetching weather data for case number 2007.07.28.
Got weather data for case number 2007.09.08.
Timezone America/Los_Angeles
Fetching weather data for case number 2007.07.21.
Got weather data for case number 2007.09.05.
Timezone Pacific/Honolulu
Fetching weather data for case number 2007.07.19.b.
Got weather data for case number 2007.09.04.
Timezone Indian/Cocos
Fetching weather data for case number 2007.07.19.a.
Got weather data for case number 2007.08.28.b.
Timezone America/New_York
Fetching weather data for case number 2007.07.18.b.
Got weather data for case number 2007.09.03.a.
Timezone America/Los_Angeles
Fetching weather data for case number 2007.07.17.b.
Got weather data for case number 2007.08.28.a.
Timezone America/New_York
Fetching weather data for case number 2007.07.17.a.
Got weather data for case number 2007.08.26.
Timezone America/Nassau
Fetching weather data for case number 2007.07.10.
Got weather data for case number 2007.08.20.
Timezone America/New_York
Fetching weather data for case number 2007.07.05.
Got weather data for case number 2007.08.19.c.
Timezone Indian/Reunion
Fetching weather data for case number 2007.07.04.
Got weather data for case number 2007.08.19.b.
Timezone America/Los_Angeles
Fetching weather data for case number 2007.06.30.a.
Got weather data for case number 2007.08.19.a..
Timezone America/New_York
Fetching weather data for case number 2007.06.25.
Got weather data for case number 2007.08.12.
Timezone Pacific/Honolulu
Fetching weather data for case number 2007.06.24.
Got weather data for case number 2007.08.11.
Timezone America/New_York
Fetching weather data for case number 2007.06.17.
Got weather data for case number 2007.08.09.b.
Timezone America/New_York
Fetching weather data for case number 2007.06.12.
Got weather data for case number 2007.07.28.
Timezone America/New_York
Fetching weather data for case number 2007.05.26.
Got weather data for case number 2007.08.09.a.
Timezone Australia/Perth
Fetching weather data for case number 2007.05.16.
Got weather data for case number 2007.07.21.
Timezone Australia/Melbourne
Fetching weather data for case number 2007.05.12.
Got weather data for case number 2007.07.19.b.
Timezone America/New_York
Fetching weather data for case number 2007.05.10.
Got weather data for case number 2007.07.18.b.
Timezone Australia/Sydney
Fetching weather data for case number 2007.05.08.
Got weather data for case number 2007.07.17.b.
Timezone Pacific/Honolulu
Fetching weather data for case number 2007.05.07.b.
Got weather data for case number 2007.07.17.a.
Timezone America/New_York
Fetching weather data for case number 2007.05.07.a.
Got weather data for case number 2007.07.10.
Timezone Australia/Brisbane
Fetching weather data for case number 2007.04.26.
Got weather data for case number 2007.07.05.
Timezone America/New_York
Fetching weather data for case number 2007.04.22.
Got weather data for case number 2007.07.04.
Timezone America/New_York
Fetching weather data for case number 2007.04.20.
Got weather data for case number 2007.07.19.a.
Timezone Pacific/Noumea
Fetching weather data for case number 2007.04.09.
Got weather data for case number 2007.06.30.a.
Timezone America/New_York
Fetching weather data for case number 2007.04.01.
Got weather data for case number 2007.06.25.
Timezone America/New_York
Fetching weather data for case number 2007.03.31.b.
Got weather data for case number 2007.06.24.
Timezone America/New_York
Fetching weather data for case number 2007.03.31.a.
Got weather data for case number 2007.06.17.
Timezone Australia/Sydney
Fetching weather data for case number 2007.03.20.
Got weather data for case number 2007.06.12.
Timezone Australia/Brisbane
Fetching weather data for case number 2007.03.12.
Got weather data for case number 2007.05.26.
Timezone America/New_York
Fetching weather data for case number 2007.03.11.
Got weather data for case number 2007.05.16.
Timezone Australia/Sydney
Fetching weather data for case number 2007.02.03.
Got weather data for case number 2007.05.12.
Timezone Pacific/Noumea
Fetching weather data for case number 2007.01.25.b.
Got weather data for case number 2007.05.10.
Timezone America/New_York
Fetching weather data for case number 2007.01.25.a.
Got weather data for case number 2007.05.08.
Timezone Australia/Sydney
Fetching weather data for case number 2007.01.23.
Got weather data for case number 2007.05.07.b.
Timezone Australia/Sydney
Fetching weather data for case number 2007.01.09.
Got weather data for case number 2007.04.26.
Timezone America/New_York
Fetching weather data for case number 2007.01.07.
Got weather data for case number 2007.05.07.a.
Timezone Pacific/Honolulu
Fetching weather data for case number 2007.01.05.
Got weather data for case number 2007.04.22.
Timezone Australia/Melbourne
Fetching weather data for case number 2006.12.18.
Got weather data for case number 2007.04.20.
Timezone Pacific/Auckland
Fetching weather data for case number 2006.12.11.
Got weather data for case number 2007.04.09.
Timezone America/Los_Angeles
Fetching weather data for case number 2006.12.10.
Got weather data for case number 2007.04.01.
Timezone Australia/Perth
Fetching weather data for case number 2006.12.02.
Got weather data for case number 2007.03.31.b.
Timezone Asia/Manila
Fetching weather data for case number 2006.11.25.
Got weather data for case number 2007.03.20.
Timezone Pacific/Honolulu
Fetching weather data for case number 2006.11.11.
Got weather data for case number 2007.03.31.a.
Timezone America/New_York
Fetching weather data for case number 2006.10.10.
Got weather data for case number 2007.03.12.
Timezone America/New_York
Fetching weather data for case number 2006.10.05.
Got weather data for case number 2007.03.11.
Timezone America/New_York
Fetching weather data for case number 2006.09.14.
Got weather data for case number 2007.02.03.
Timezone UTC
Fetching weather data for case number 2006.09.04.
Got weather data for case number 2007.01.25.b.
Timezone America/New_York
Fetching weather data for case number 2006.09.03.a.
Got weather data for case number 2007.01.25.a.
Timezone America/New_York
Fetching weather data for case number 2006.09.02.
Got weather data for case number 2007.01.23.
Timezone Australia/Adelaide
Fetching weather data for case number 2006.08.29.a.
Got weather data for case number 2007.01.09.
Timezone Indian/Reunion
Fetching weather data for case number 2006.08.27.
Got weather data for case number 2007.01.07.
Timezone Indian/Reunion
Fetching weather data for case number 2006.08.20.a.
Got weather data for case number 2007.01.05.
Timezone Africa/Johannesburg
Fetching weather data for case number 2006.08.13.
Got weather data for case number 2006.12.18.
Timezone America/Los_Angeles
Fetching weather data for case number 2006.07.31.a.
Got weather data for case number 2006.12.02.
Timezone Africa/Johannesburg
Fetching weather data for case number 2006.07.28.
Got weather data for case number 2006.12.11.
Timezone America/New_York
Fetching weather data for case number 2006.07.25.
Got weather data for case number 2006.12.10.
Timezone America/New_York
Fetching weather data for case number 2006.07.17.
Got weather data for case number 2006.11.11.
Timezone America/New_York
Fetching weather data for case number 2006.07.12.
Got weather data for case number 2006.10.10.
Timezone America/New_York
Fetching weather data for case number 2006.07.09.b.
Got weather data for case number 2006.10.05.
Timezone America/New_York
Fetching weather data for case number 2006.07.09.a.
Got weather data for case number 2006.11.25.
Timezone America/New_York
Fetching weather data for case number 2006.07.08.b.
Got weather data for case number 2006.09.14.
Timezone America/New_York
Fetching weather data for case number 2006.07.08.a.
Got weather data for case number 2006.09.03.a.
Timezone America/New_York
Fetching weather data for case number 2006.06.27.
Got weather data for case number 2006.09.02.
Timezone America/Nassau
Fetching weather data for case number 2006.06.24.
Got weather data for case number 2006.08.29.a.
Timezone America/New_York
Fetching weather data for case number 2006.06.20.
Got weather data for case number 2006.09.04.
Timezone America/Recife
Fetching weather data for case number 2006.06.18.
Got weather data for case number 2006.08.27.
Timezone America/Los_Angeles
Fetching weather data for case number 2006.06.17.
Got weather data for case number 2006.08.20.a.
Timezone America/New_York
Fetching weather data for case number 2006.06.15.
Got weather data for case number 2006.08.13.
Timezone America/New_York
Fetching weather data for case number 2006.06.07.
Got weather data for case number 2006.07.28.
Timezone Australia/Adelaide
Fetching weather data for case number 2006.06.05.
Got weather data for case number 2006.07.25.
Timezone Pacific/Honolulu
Fetching weather data for case number 2006.05.31.
Got weather data for case number 2006.07.31.a.
Timezone Pacific/Honolulu
Fetching weather data for case number 2006.05.27.
Got weather data for case number 2006.07.17.
Timezone Pacific/Honolulu
Fetching weather data for case number 2006.05.24.
Got weather data for case number 2006.07.12.
Timezone America/Recife
Fetching weather data for case number 2006.05.21.
Got weather data for case number 2006.07.09.b.
Timezone Pacific/Guam
Fetching weather data for case number 2006.05.19.
Got weather data for case number 2006.07.09.a.
Timezone America/New_York
Fetching weather data for case number 2006.05.10.
Got weather data for case number 2006.07.08.b.
Timezone America/New_York
Fetching weather data for case number 2006.05.04.
Got weather data for case number 2006.07.08.a.
Timezone Australia/Brisbane
Fetching weather data for case number 2006.05.02.
Got weather data for case number 2006.06.27.
Timezone America/New_York
Fetching weather data for case number 2006.04.19.
Got weather data for case number 2006.06.24.
Timezone Australia/Sydney
Fetching weather data for case number 2006.04.11.
Got weather data for case number 2006.06.20.
Timezone Africa/Johannesburg
Fetching weather data for case number 2006.04.09.b.
Got weather data for case number 2006.06.17.
Timezone America/New_York
Fetching weather data for case number 2006.04.03.
Got weather data for case number 2006.06.15.
Timezone Pacific/Honolulu
Fetching weather data for case number 2006.03.23.
Got weather data for case number 2006.06.07.
Timezone Pacific/Fiji
Fetching weather data for case number 2006.03.19.
Got weather data for case number 2006.06.18.
Timezone Australia/Sydney
Fetching weather data for case number 2006.03.15.
Got weather data for case number 2006.06.05.
Timezone Pacific/Honolulu
Fetching weather data for case number 2006.02.27.
Got weather data for case number 2006.05.31.
Timezone Australia/Brisbane
Fetching weather data for case number 2006.02.13.
Got weather data for case number 2006.05.24.
Timezone Australia/Adelaide
Fetching weather data for case number 2006.02.12.a.
Got weather data for case number 2006.05.27.
Timezone Pacific/Tongatapu
Fetching weather data for case number 2006.02.01.b.
Got weather data for case number 2006.05.21.
Timezone Africa/Johannesburg
Fetching weather data for case number 2006.01.25.
Got weather data for case number 2006.05.19.
Timezone America/Los_Angeles
Fetching weather data for case number 2006.01.18.
Got weather data for case number 2006.05.10.
Timezone Australia/Perth
Fetching weather data for case number 2006.01.15.
Got weather data for case number 2006.05.04.
Timezone Australia/Brisbane
Fetching weather data for case number 2006.01.07.
Got weather data for case number 2006.04.19.
Timezone America/New_York
Fetching weather data for case number 2006.01.04.
Got weather data for case number 2006.04.09.b.
Timezone America/Los_Angeles
Fetching weather data for case number 2005.12.24.
Got weather data for case number 2006.05.02.
Timezone Pacific/Honolulu
Fetching weather data for case number 2005.12.21.
Got weather data for case number 2006.04.03.
Timezone UTC
Fetching weather data for case number 2005.12.11.
Got weather data for case number 2006.04.11.
Timezone Australia/Adelaide
Fetching weather data for case number 2005.12.05.R.
Got weather data for case number 2006.03.23.
Timezone America/New_York
Fetching weather data for case number 2005.11.27.
Got weather data for case number 2006.03.15.
Timezone Australia/Melbourne
Fetching weather data for case number 2005.11.25.b.
Got weather data for case number 2006.03.19.
Timezone Africa/Johannesburg
Fetching weather data for case number 2005.11.25.a.
Got weather data for case number 2006.02.27.
Timezone Pacific/Noumea
Fetching weather data for case number 2005.11.24.
Got weather data for case number 2006.02.13.
Timezone America/New_York
Fetching weather data for case number 2005.11.20.
Got weather data for case number 2006.02.12.a.
Timezone Africa/Johannesburg
Fetching weather data for case number 2005.11.15.
Got weather data for case number 2006.02.01.b.
Timezone America/New_York
Fetching weather data for case number 2005.11.12.
Got weather data for case number 2006.01.25.
Timezone America/Los_Angeles
Fetching weather data for case number 2005.11.02.b.
Got weather data for case number 2006.01.18.
Timezone America/Los_Angeles
Fetching weather data for case number 2005.11.02.a.
Got weather data for case number 2006.01.07.
Timezone America/Curacao
Fetching weather data for case number 2005.10.25.
Got weather data for case number 2006.01.15.
Timezone America/Los_Angeles
Fetching weather data for case number 2005.10.21.
Got weather data for case number 2006.01.04.
Timezone America/Los_Angeles
Fetching weather data for case number 2005.10.19.
Got weather data for case number 2005.12.24.
Timezone America/New_York
Fetching weather data for case number 2005.10.15.
Got weather data for case number 2005.11.27.
Timezone Pacific/Honolulu
Fetching weather data for case number 2005.10.13.
Got weather data for case number 2005.11.25.b.
Timezone America/Cayman
Got weather data for case number 2005.12.05.R.
Timezone America/New_York
Fetching weather data for case number 2005.10.06.
Got weather data for case number 2005.12.21.
Timezone Africa/Johannesburg
Fetching weather data for case number 2005.10.01.
Fetching weather data for case number 2005.10.11.
Got weather data for case number 2005.11.20.
Timezone Australia/Adelaide
Fetching weather data for case number 2005.09.24.
Got weather data for case number 2005.11.25.a.
Timezone America/New_York
Fetching weather data for case number 2005.09.22.
Got weather data for case number 2005.11.15.
Timezone America/New_York
Fetching weather data for case number 2005.09.20.
Got weather data for case number 2005.11.12.
Timezone America/New_York
Fetching weather data for case number 2005.09.11.
Got weather data for case number 2005.11.24.
Timezone America/New_York
Fetching weather data for case number 2005.09.05.
Got weather data for case number 2005.12.11.
Timezone Australia/Adelaide
Fetching weather data for case number 2005.09.04.a.
Got weather data for case number 2005.11.02.b.
Timezone America/New_York
Fetching weather data for case number 2005.09.02.b.
Got weather data for case number 2005.11.02.a.
Timezone Australia/Adelaide
Fetching weather data for case number 2005.08.24.b.
Got weather data for case number 2005.10.25.
Timezone America/Los_Angeles
Fetching weather data for case number 2005.08.24.a.
Got weather data for case number 2005.10.21.
Timezone America/Chicago
Fetching weather data for case number 2005.08.19.
Got weather data for case number 2005.10.19.
Timezone America/New_York
Fetching weather data for case number 2005.08.12.
Got weather data for case number 2005.10.15.
Timezone America/New_York
Fetching weather data for case number 2005.08.06.
Got weather data for case number 2005.10.13.
Timezone America/New_York
Fetching weather data for case number 2005.07.27.
Got weather data for case number 2005.10.06.
Timezone America/New_York
Fetching weather data for case number 2005.07.23.
Got weather data for case number 2005.10.01.
Timezone America/New_York
Fetching weather data for case number 2005.07.22.
Got weather data for case number 2005.10.11.
Timezone America/New_York
Fetching weather data for case number 2005.07.15.
Got weather data for case number 2005.09.24.
Timezone America/Chicago
Fetching weather data for case number 2005.07.13.
Got weather data for case number 2005.09.22.
Timezone America/New_York
Fetching weather data for case number 2005.07.01.
Got weather data for case number 2005.09.20.
Timezone America/Chicago
Fetching weather data for case number 2005.06.27.
Got weather data for case number 2005.09.11.
Timezone America/Chicago
Fetching weather data for case number 2005.06.25.
Got weather data for case number 2005.09.05.
Timezone America/Tijuana
Fetching weather data for case number 2005.06.21.
Got weather data for case number 2005.09.04.a.
Timezone Pacific/Honolulu
Fetching weather data for case number 2005.06.18.
Got weather data for case number 2005.09.02.b.
Timezone America/New_York
Fetching weather data for case number 2005.06.07.
Got weather data for case number 2005.08.24.b.
Timezone America/New_York
Fetching weather data for case number 2005.06.05.
Got weather data for case number 2005.08.24.a.
Timezone Africa/Johannesburg
Fetching weather data for case number 2005.06.04.
Got weather data for case number 2005.08.19.
Timezone America/New_York
Fetching weather data for case number 2005.05.28.
Got weather data for case number 2005.08.12.
Timezone America/New_York
Fetching weather data for case number 2005.05.27.
Got weather data for case number 2005.08.06.
Timezone Africa/Johannesburg
Fetching weather data for case number 2005.05.25.
Got weather data for case number 2005.07.27.
Timezone Pacific/Honolulu
Fetching weather data for case number 2005.05.14.
Got weather data for case number 2005.07.22.
Timezone Pacific/Honolulu
Fetching weather data for case number 2005.05.02.
Got weather data for case number 2005.07.23.
Timezone Australia/Sydney
Fetching weather data for case number 2005.04.25.
Got weather data for case number 2005.07.15.
Timezone Australia/Sydney
Fetching weather data for case number 2005.04.16.a.
Got weather data for case number 2005.07.13.
Timezone America/Chicago
Fetching weather data for case number 2005.04.07.
Got weather data for case number 2005.07.01.
Timezone Africa/Johannesburg
Fetching weather data for case number 2005.03.28.
Got weather data for case number 2005.06.27.
Timezone America/Caracas
Got weather data for case number 2005.06.25.
Timezone Australia/Perth
Fetching weather data for case number 2005.03.19.
Fetching weather data for case number 2005.03.25.
Got weather data for case number 2005.06.21.
Timezone America/Denver
Fetching weather data for case number 2005.03.12.
Got weather data for case number 2005.06.18.
Timezone Pacific/Auckland
Fetching weather data for case number 2005.03.09.
Got weather data for case number 2005.06.07.
Timezone Pacific/Honolulu
Fetching weather data for case number 2005.02.16.
Got weather data for case number 2005.06.05.
Timezone Australia/Melbourne
Fetching weather data for case number 2005.01.14.
Got weather data for case number 2005.06.04.
Timezone Pacific/Auckland
Fetching weather data for case number 2005.01.08.
Got weather data for case number 2005.05.28.
Timezone Australia/Adelaide
Fetching weather data for case number 2004.12.16.
Got weather data for case number 2005.05.27.
Timezone Australia/Brisbane
Fetching weather data for case number 2004.12.11.
Got weather data for case number 2005.05.25.
Timezone Africa/Johannesburg
Fetching weather data for case number 2004.11.27.
Got weather data for case number 2005.05.14.
Timezone Africa/Johannesburg
Fetching weather data for case number 2004.11.15.
Got weather data for case number 2005.05.02.
Timezone America/Los_Angeles
Fetching weather data for case number 2004.11.11.b.
Got weather data for case number 2005.04.25.
Timezone Pacific/Efate
Fetching weather data for case number 2004.11.11.a.
Got weather data for case number 2005.04.07.
Timezone America/Havana
Fetching weather data for case number 2004.10.31.
Got weather data for case number 2005.03.28.
Timezone America/Los_Angeles
Fetching weather data for case number 2004.10.10.
Got weather data for case number 2005.04.16.a.
Timezone Pacific/Honolulu
Fetching weather data for case number 2004.10.09.b.
Got weather data for case number 2005.03.12.
Timezone Indian/Reunion
Fetching weather data for case number 2004.10.06.
Got weather data for case number 2005.03.19.
Timezone America/Los_Angeles
Fetching weather data for case number 2004.10.02.
Got weather data for case number 2005.03.09.
Timezone America/Los_Angeles
Fetching weather data for case number 2004.10.01.
Got weather data for case number 2005.02.16.
Timezone UTC
Fetching weather data for case number 2004.09.25.
Got weather data for case number 2005.03.25.
Timezone America/Los_Angeles
Fetching weather data for case number 2004.09.20.
Got weather data for case number 2005.01.08.
Timezone America/Chicago
Fetching weather data for case number 2004.09.10.
Got weather data for case number 2005.01.14.
Timezone America/New_York
Fetching weather data for case number 2004.09.04.
Got weather data for case number 2004.12.16.
Timezone America/New_York
Fetching weather data for case number 2004.08.29.
Got weather data for case number 2004.12.11.
Timezone America/Recife
Fetching weather data for case number 2004.08.21.
Got weather data for case number 2004.11.15.
Timezone America/Los_Angeles
Fetching weather data for case number 2004.08.20.
Got weather data for case number 2004.11.11.b.
Timezone America/Los_Angeles
Fetching weather data for case number 2004.08.15.
Got weather data for case number 2004.10.10.
Timezone America/New_York
Fetching weather data for case number 2004.08.06.
Got weather data for case number 2004.11.27.
Timezone Australia/Sydney
Fetching weather data for case number 2004.08.03.
Got weather data for case number 2004.11.11.a.
Timezone America/New_York
Fetching weather data for case number 2004.07.31.
Got weather data for case number 2004.10.09.b.
Timezone America/New_York
Fetching weather data for case number 2004.07.28.
Got weather data for case number 2004.10.31.
Timezone America/New_York
Fetching weather data for case number 2004.07.27.b.
Got weather data for case number 2004.10.06.
Timezone America/Chicago
Fetching weather data for case number 2004.07.27.a.
Got weather data for case number 2004.10.02.
Timezone America/Chicago
Fetching weather data for case number 2004.07.25.
Got weather data for case number 2004.10.01.
Timezone Australia/Perth
Fetching weather data for case number 2004.07.10.
Got weather data for case number 2004.09.25.
Timezone America/Chicago
Fetching weather data for case number 2004.07.02.a.
Got weather data for case number 2004.09.10.
Timezone America/Los_Angeles
Fetching weather data for case number 2004.06.26.b.
Got weather data for case number 2004.09.20.
Timezone America/New_York
Fetching weather data for case number 2004.06.10.a.
Got weather data for case number 2004.09.04.
Timezone Africa/Johannesburg
Fetching weather data for case number 2004.06.02.
Got weather data for case number 2004.08.29.
Timezone America/Chicago
Fetching weather data for case number 2004.05.29.
Got weather data for case number 2004.08.20.
Timezone America/Recife
Fetching weather data for case number 2004.05.23.b.
Got weather data for case number 2004.08.15.
Timezone America/Los_Angeles
Fetching weather data for case number 2004.05.28.
Got weather data for case number 2004.08.21.
Timezone America/New_York
Fetching weather data for case number 2004.05.23.a.
Got weather data for case number 2004.08.06.
Timezone America/Recife
Fetching weather data for case number 2004.05.22.a.
Got weather data for case number 2004.08.03.
Timezone America/Nassau
Fetching weather data for case number 2004.05.18.
Got weather data for case number 2004.07.31.
Timezone America/Chicago
Fetching weather data for case number 2004.05.04.
Got weather data for case number 2004.07.28.
Timezone Pacific/Honolulu
Fetching weather data for case number 2004.04.07.
Got weather data for case number 2004.07.27.b.
Timezone Africa/Johannesburg
Fetching weather data for case number 2004.04.05.
Got weather data for case number 2004.07.27.a.
Timezone America/New_York
Fetching weather data for case number 2004.03.31.a.
Got weather data for case number 2004.07.25.
Timezone America/Recife
Fetching weather data for case number 2004.03.29.
Got weather data for case number 2004.07.10.
Timezone America/New_York
Fetching weather data for case number 2004.03.28.
Got weather data for case number 2004.07.02.a.
Timezone Indian/Reunion
Fetching weather data for case number 2004.03.27.b.
Got weather data for case number 2004.06.26.b.
Timezone America/New_York
Fetching weather data for case number 2004.03.27.a.
Got weather data for case number 2004.06.10.a.
Timezone Pacific/Honolulu
Fetching weather data for case number 2004.03.24.
Got weather data for case number 2004.06.02.
Timezone Pacific/Auckland
Fetching weather data for case number 2004.03.22.
Got weather data for case number 2004.05.29.
Timezone Pacific/Honolulu
Fetching weather data for case number 2004.03.16.
Got weather data for case number 2004.05.23.b.
Timezone America/Recife
Fetching weather data for case number 2004.02.29.
Got weather data for case number 2004.05.28.
Timezone Pacific/Auckland
Fetching weather data for case number 2004.02.26.
Got weather data for case number 2004.05.23.a.
Timezone Australia/Brisbane
Fetching weather data for case number 2004.02.16.
Got weather data for case number 2004.05.22.a.
Timezone Australia/Perth
Fetching weather data for case number 2004.01.25.
Got weather data for case number 2004.05.18.
Timezone America/Caracas
Fetching weather data for case number 2004.01.21.b.
Got weather data for case number 2004.05.04.
Timezone America/Caracas
Fetching weather data for case number 2004.01.21.a.
Got weather data for case number 2004.04.07.
Timezone Africa/Cairo
Fetching weather data for case number 2004.01.03.a.
Got weather data for case number 2004.04.05.
Timezone America/New_York
Fetching weather data for case number 2003.12.13.b.
Got weather data for case number 2004.03.31.a.
Timezone Australia/Melbourne
Fetching weather data for case number 2003.12.08.
Got weather data for case number 2004.03.29.
Timezone Australia/Perth
Fetching weather data for case number 2003.11.30.b.
Got weather data for case number 2004.03.28.
Timezone Australia/Perth
Fetching weather data for case number 2003.11.30.a.
Got weather data for case number 2004.03.27.b.
Timezone Africa/Johannesburg
Fetching weather data for case number 2003.11.27.
Got weather data for case number 2004.03.24.
Timezone America/New_York
Fetching weather data for case number 2003.11.22.
Got weather data for case number 2004.03.27.a.
Timezone America/New_York
Fetching weather data for case number 2003.10.31.c.
Got weather data for case number 2004.03.22.
Timezone Australia/Sydney
Fetching weather data for case number 2003.10.31.b.
Got weather data for case number 2004.03.16.
Timezone Pacific/Honolulu
Fetching weather data for case number 2003.10.31.a.
Got weather data for case number 2004.02.29.
Timezone America/New_York
Fetching weather data for case number 2003.10.27.
Got weather data for case number 2004.02.16.
Timezone Pacific/Honolulu
Fetching weather data for case number 2003.10.24.
Got weather data for case number 2004.01.25.
Timezone America/New_York
Fetching weather data for case number 2003.10.05.e.
Got weather data for case number 2004.02.26.
Timezone America/New_York
Fetching weather data for case number 2003.10.05.d.
Got weather data for case number 2004.01.03.a.
Timezone America/New_York
Fetching weather data for case number 2003.10.05.c.
Got weather data for case number 2003.12.13.b.
Timezone America/New_York
Fetching weather data for case number 2003.10.05.b.
Got weather data for case number 2004.01.21.b.
Timezone Pacific/Honolulu
Fetching weather data for case number 2003.10.05.a.
Got weather data for case number 2004.01.21.a.
Timezone America/New_York
Fetching weather data for case number 2003.09.28.
Got weather data for case number 2003.12.08.
Timezone America/New_York
Fetching weather data for case number 2003.09.21.
Got weather data for case number 2003.11.30.b.
Timezone America/New_York
Fetching weather data for case number 2003.09.19.
Got weather data for case number 2003.11.30.a.
Timezone America/New_York
Fetching weather data for case number 2003.09.17.
Got weather data for case number 2003.11.27.
Timezone America/New_York
Fetching weather data for case number 2003.09.14.c.
Got weather data for case number 2003.11.22.
Timezone Africa/Johannesburg
Fetching weather data for case number 2003.09.14.b.
Got weather data for case number 2003.10.31.c.
Timezone America/New_York
Fetching weather data for case number 2003.09.14.a.
Got weather data for case number 2003.10.31.b.
Timezone America/New_York
Fetching weather data for case number 2003.09.13.b.
Got weather data for case number 2003.10.31.a.
Timezone Africa/Johannesburg
Fetching weather data for case number 2003.09.12.
Got weather data for case number 2003.10.27.
Timezone America/Chicago
Fetching weather data for case number 2003.08.29.
Got weather data for case number 2003.10.24.
Timezone America/Los_Angeles
Fetching weather data for case number 2003.08.19.
Got weather data for case number 2003.10.05.e.
Timezone America/Los_Angeles
Fetching weather data for case number 2003.08.12.
Got weather data for case number 2003.10.05.d.
Timezone Africa/Johannesburg
Fetching weather data for case number 2003.08.08.
Got weather data for case number 2003.10.05.c.
Timezone America/New_York
Fetching weather data for case number 2003.07.20.
Got weather data for case number 2003.10.05.b.
Timezone America/New_York
Fetching weather data for case number 2003.07.15.
Got weather data for case number 2003.10.05.a.
Timezone America/Nassau
Fetching weather data for case number 2003.07.09.
Got weather data for case number 2003.09.28.
Timezone America/New_York
Fetching weather data for case number 2003.07.05.b.
Got weather data for case number 2003.09.21.
Timezone America/Nassau
Fetching weather data for case number 2003.07.04.
Got weather data for case number 2003.09.17.
Timezone America/New_York
Fetching weather data for case number 2003.06.30.
Got weather data for case number 2003.09.19.
Timezone Pacific/Honolulu
Fetching weather data for case number 2003.06.24.a.
Got weather data for case number 2003.09.14.c.
Timezone America/New_York
Fetching weather data for case number 2003.06.08.
Got weather data for case number 2003.09.14.b.
Timezone America/New_York
Fetching weather data for case number 2003.05.25.
Got weather data for case number 2003.09.14.a.
Timezone America/New_York
Fetching weather data for case number 2003.05.14.
Got weather data for case number 2003.09.13.b.
Timezone Pacific/Honolulu
Fetching weather data for case number 2003.05.10.
Got weather data for case number 2003.09.12.
Timezone America/New_York
Fetching weather data for case number 2003.05.07.
Got weather data for case number 2003.08.29.
Timezone America/New_York
Fetching weather data for case number 2003.05.03.
Got weather data for case number 2003.08.19.
Timezone America/Sao_Paulo
Fetching weather data for case number 2003.04.25.
Got weather data for case number 2003.08.12.
Timezone America/Recife
Fetching weather data for case number 2003.04.23.b.
Got weather data for case number 2003.08.08.
Timezone America/New_York
Fetching weather data for case number 2003.04.21.b.
Got weather data for case number 2003.07.20.
Timezone America/New_York
Fetching weather data for case number 2003.04.21.a.
Got weather data for case number 2003.07.15.
Timezone America/New_York
Fetching weather data for case number 2003.04.20.b.
Got weather data for case number 2003.07.09.
Timezone America/New_York
Fetching weather data for case number 2003.04.20.a.
Got weather data for case number 2003.07.05.b.
Timezone America/New_York
Fetching weather data for case number 2003.04.19.
Got weather data for case number 2003.07.04.
Timezone America/New_York
Fetching weather data for case number 2003.04.18.
Got weather data for case number 2003.06.30.
Timezone America/New_York
Fetching weather data for case number 2003.04.15.
Got weather data for case number 2003.06.24.a.
Timezone America/New_York
Fetching weather data for case number 2003.04.04.
Got weather data for case number 2003.06.08.
Timezone Pacific/Auckland
Fetching weather data for case number 2003.02.27.
Got weather data for case number 2003.05.25.
Timezone America/New_York
Fetching weather data for case number 2003.02.15.a.
Got weather data for case number 2003.05.14.
Timezone Australia/Adelaide
Fetching weather data for case number 2003.01.02.
Got weather data for case number 2003.05.10.
Timezone Africa/Johannesburg
Fetching weather data for case number 2002.12.24.
Got weather data for case number 2003.05.07.
Timezone Australia/Brisbane
Fetching weather data for case number 2002.12.16.
Got weather data for case number 2003.05.03.
Timezone America/Los_Angeles
Fetching weather data for case number 2002.11.28.a.
Got weather data for case number 2003.04.21.b.
Timezone Pacific/Honolulu
Fetching weather data for case number 2002.11.17.
Got weather data for case number 2003.04.21.a.
Timezone America/Grand_Turk
Fetching weather data for case number 2002.11.14.
Got weather data for case number 2003.04.20.b.
Timezone America/New_York
Fetching weather data for case number 2002.11.11.
Got weather data for case number 2003.04.20.a.
Timezone America/New_York
Fetching weather data for case number 2002.11.02.
Got weather data for case number 2003.04.25.
Timezone Pacific/Honolulu
Fetching weather data for case number 2002.10.30.
Got weather data for case number 2003.04.19.
Timezone America/Recife
Fetching weather data for case number 2002.10.14.
Got weather data for case number 2003.04.18.
Timezone America/New_York
Fetching weather data for case number 2002.10.05.b.
Got weather data for case number 2003.04.23.b.
Timezone America/New_York
Fetching weather data for case number 2002.10.05.a.
Got weather data for case number 2003.04.04.
Timezone America/New_York
Fetching weather data for case number 2002.10.03.
Got weather data for case number 2003.04.15.
Timezone America/New_York
Fetching weather data for case number 2002.09.30.
Got weather data for case number 2003.02.15.a.
Timezone America/New_York
Fetching weather data for case number 2002.09.29.
Got weather data for case number 2003.01.02.
Timezone Pacific/Honolulu
Fetching weather data for case number 2002.09.27.c.
Got weather data for case number 2003.02.27.
Timezone Pacific/Tongatapu
Fetching weather data for case number 2002.09.27.a.
Got weather data for case number 2002.12.24.
Timezone America/Recife
Fetching weather data for case number 2002.09.16.b.
Got weather data for case number 2002.12.16.
Timezone Pacific/Honolulu
Fetching weather data for case number 2002.09.16.a.
Got weather data for case number 2002.11.28.a.
Timezone Africa/Johannesburg
Fetching weather data for case number 2002.09.13.
Got weather data for case number 2002.11.11.
Timezone America/New_York
Fetching weather data for case number 2002.09.09.
Got weather data for case number 2002.11.02.
Timezone America/New_York
Fetching weather data for case number 2002.09.05.
Got weather data for case number 2002.10.30.
Timezone Pacific/Honolulu
Fetching weather data for case number 2002.08.28.
Got weather data for case number 2002.11.17.
Timezone America/Chicago
Fetching weather data for case number 2002.08.17.
Got weather data for case number 2002.10.05.b.
Timezone America/New_York
Fetching weather data for case number 2002.08.14.
Got weather data for case number 2002.11.14.
Timezone America/New_York
Fetching weather data for case number 2002.08.11.
Got weather data for case number 2002.10.05.a.
Timezone America/New_York
Fetching weather data for case number 2002.08.07.
Got weather data for case number 2002.10.03.
Timezone America/New_York
Fetching weather data for case number 2002.08.05.
Got weather data for case number 2002.09.30.
Timezone America/New_York
Fetching weather data for case number 2002.07.26.
Got weather data for case number 2002.10.14.
Timezone America/New_York
Fetching weather data for case number 2002.07.20.
Got weather data for case number 2002.09.29.
Timezone America/New_York
Fetching weather data for case number 2002.07.10.
Got weather data for case number 2002.09.27.c.
Timezone America/Recife
Fetching weather data for case number 2002.07.09.a.
Got weather data for case number 2002.09.16.b.
Timezone America/New_York
Fetching weather data for case number 2002.07.04.
Got weather data for case number 2002.09.27.a.
Timezone Australia/Brisbane
Fetching weather data for case number 2002.06.20.b.
Got weather data for case number 2002.09.16.a.
Timezone America/New_York
Fetching weather data for case number 2002.06.20.a.
Got weather data for case number 2002.09.13.
Timezone Pacific/Honolulu
Fetching weather data for case number 2002.06.11.b.
Got weather data for case number 2002.09.09.
Timezone America/New_York
Fetching weather data for case number 2002.06.11.a.
Got weather data for case number 2002.09.05.
Timezone America/New_York
Fetching weather data for case number 2002.06.09.b.
Got weather data for case number 2002.08.28.
Timezone America/New_York
Fetching weather data for case number 2002.06.09.a.
Got weather data for case number 2002.08.17.
Timezone America/Los_Angeles
Fetching weather data for case number 2002.05.31.b.
Got weather data for case number 2002.08.14.
Timezone America/New_York
Fetching weather data for case number 2002.05.31.a.
Got weather data for case number 2002.08.11.
Timezone America/New_York
Fetching weather data for case number 2002.05.22.b.
Got weather data for case number 2002.08.07.
Timezone America/New_York
Fetching weather data for case number 2002.05.22.a.
Got weather data for case number 2002.07.26.
Timezone America/Recife
Fetching weather data for case number 2002.05.10.
Got weather data for case number 2002.08.05.
Timezone Australia/Adelaide
Fetching weather data for case number 2002.04.30.
Got weather data for case number 2002.07.20.
Timezone America/New_York
Fetching weather data for case number 2002.04.20.
Got weather data for case number 2002.07.10.
Timezone America/New_York
Fetching weather data for case number 2002.04.18.
Got weather data for case number 2002.07.09.a.
Timezone Australia/Sydney
Fetching weather data for case number 2002.04.12.
Got weather data for case number 2002.07.04.
Timezone America/Nassau
Fetching weather data for case number 2002.04.09.
Got weather data for case number 2002.06.20.b.
Timezone America/New_York
Fetching weather data for case number 2002.04.02.
Got weather data for case number 2002.06.20.a.
Timezone America/New_York
Fetching weather data for case number 2002.04.01.
Got weather data for case number 2002.06.11.b.
Timezone Pacific/Honolulu
Fetching weather data for case number 2002.03.25.b.
Got weather data for case number 2002.06.11.a.
Timezone America/New_York
Fetching weather data for case number 2002.03.25.a.
Got weather data for case number 2002.06.09.b.
Timezone America/Recife
Fetching weather data for case number 2002.03.24.
Got weather data for case number 2002.05.31.b.
Timezone America/New_York
Fetching weather data for case number 2002.03.19.
Got weather data for case number 2002.06.09.a.
Timezone America/New_York
Fetching weather data for case number 2002.03.15.a.
Got weather data for case number 2002.05.31.a.
Timezone Australia/Brisbane
Fetching weather data for case number 2002.02.16.
Got weather data for case number 2002.05.10.
Timezone Australia/Sydney
Fetching weather data for case number 2002.02.07.
Got weather data for case number 2002.04.30.
Timezone Australia/Sydney
Fetching weather data for case number 2002.01.30.b.
Got weather data for case number 2002.05.22.a.
Timezone Africa/Johannesburg
Fetching weather data for case number 2002.01.04.
Got weather data for case number 2002.05.22.b.
Timezone Pacific/Honolulu
Fetching weather data for case number 2002.01.01.a.
Got weather data for case number 2002.04.20.
Timezone Pacific/Honolulu
Fetching weather data for case number 2001.11.14.
Got weather data for case number 2002.04.18.
Timezone Australia/Brisbane
Fetching weather data for case number 2001.10.02.
Got weather data for case number 2002.04.12.
Timezone America/New_York
Fetching weather data for case number 2001.09.24.
Got weather data for case number 2002.04.09.
Timezone America/New_York
Fetching weather data for case number 2001.09.18.
Got weather data for case number 2002.04.02.
Timezone America/New_York
Fetching weather data for case number 2001.09.16.
Got weather data for case number 2002.04.01.
Timezone America/New_York
Fetching weather data for case number 2001.09.15.b.
Got weather data for case number 2002.03.25.b.
Timezone America/New_York
Fetching weather data for case number 2001.09.15.a.
Got weather data for case number 2002.03.25.a.
Timezone America/New_York
Fetching weather data for case number 2001.09.07.b.
Got weather data for case number 2002.03.24.
Timezone America/New_York
Fetching weather data for case number 2001.09.03.b.
Got weather data for case number 2002.03.15.a.
Timezone America/New_York
Fetching weather data for case number 2001.09.03.a.Got weather data for case number 2002.03.19.
Timezone America/New_York
Fetching weather data for case number 2001.09.01.

Got weather data for case number 2002.02.07.
Timezone America/Nassau
Fetching weather data for case number 2001.08.31.
Got weather data for case number 2002.01.04.
Timezone America/New_York
Fetching weather data for case number 2001.08.29.
Got weather data for case number 2002.01.30.b.
Timezone America/New_York
Fetching weather data for case number 2001.08.27.
Got weather data for case number 2002.01.01.a.
Timezone America/New_York
Fetching weather data for case number 2001.08.26.
Got weather data for case number 2002.02.16.
Timezone America/New_York
Fetching weather data for case number 2001.08.25.
Got weather data for case number 2001.11.14.
Timezone America/New_York
Fetching weather data for case number 2001.08.22.
Got weather data for case number 2001.09.24.
Timezone America/New_York
Fetching weather data for case number 2001.08.21.
Got weather data for case number 2001.09.18.
Timezone America/New_York
Fetching weather data for case number 2001.08.19.c.
Got weather data for case number 2001.09.16.
Timezone America/New_York
Fetching weather data for case number 2001.08.19.b.
Got weather data for case number 2001.10.02.
Timezone America/New_York
Fetching weather data for case number 2001.08.19.a.
Got weather data for case number 2001.09.15.b.
Timezone America/New_York
Fetching weather data for case number 2001.08.18.c.
Got weather data for case number 2001.09.15.a.
Timezone America/New_York
Fetching weather data for case number 2001.08.18.b.
Got weather data for case number 2001.09.07.b.
Timezone America/New_York
Fetching weather data for case number 2001.08.18.a.
Got weather data for case number 2001.09.03.b.
Timezone America/Nassau
Fetching weather data for case number 2001.08.16.
Got weather data for case number 2001.09.01.
Timezone America/Nassau
Fetching weather data for case number 2001.08.04.
Got weather data for case number 2001.09.03.a.
Timezone America/New_York
Fetching weather data for case number 2001.07.25.
Got weather data for case number 2001.08.31.
Timezone America/Chicago
Fetching weather data for case number 2001.07.15.b.
Got weather data for case number 2001.08.29.
Timezone America/New_York
Fetching weather data for case number 2001.07.15.a.
Got weather data for case number 2001.08.26.
Timezone America/Los_Angeles
Fetching weather data for case number 2001.06.10.
Got weather data for case number 2001.08.27.
Timezone America/New_York
Fetching weather data for case number 2001.06.03.
Got weather data for case number 2001.08.25.
Timezone America/New_York
Fetching weather data for case number 2001.05.20.
Got weather data for case number 2001.08.22.
Timezone Australia/Sydney
Fetching weather data for case number 2001.05.04.
Got weather data for case number 2001.08.21.
Timezone America/New_York
Fetching weather data for case number 2001.05.03.
Got weather data for case number 2001.08.19.c.
Timezone America/New_York
Fetching weather data for case number 2001.04.28.
Got weather data for case number 2001.08.19.a.
Timezone America/New_York
Fetching weather data for case number 2001.04.13.b.
Got weather data for case number 2001.08.19.b.
Timezone America/New_York
Fetching weather data for case number 2001.04.13.a.
Got weather data for case number 2001.08.18.c.
Timezone America/New_York
Fetching weather data for case number 2001.04.12.e.
Got weather data for case number 2001.08.18.b.
Timezone America/New_York
Fetching weather data for case number 2001.04.12.d.
Got weather data for case number 2001.08.18.a.
Timezone America/New_York
Fetching weather data for case number 2001.04.12.c.
Got weather data for case number 2001.08.16.
Timezone America/New_York
Fetching weather data for case number 2001.04.12.b.
Got weather data for case number 2001.07.25.
Timezone America/New_York
Fetching weather data for case number 2001.04.12.a.
Got weather data for case number 2001.08.04.
Timezone America/New_York
Fetching weather data for case number 2001.04.11.c.
Got weather data for case number 2001.07.15.b.
Timezone Pacific/Honolulu
Fetching weather data for case number 2001.04.11.a.
Got weather data for case number 2001.07.15.a.
Timezone Africa/Johannesburg
Fetching weather data for case number 2001.04.08.b.
Got weather data for case number 2001.06.10.
Timezone America/New_York
Fetching weather data for case number 2001.04.05.
Got weather data for case number 2001.05.20.
Timezone Australia/Sydney
Fetching weather data for case number 2001.04.02.a.
Got weather data for case number 2001.06.03.
Timezone Pacific/Honolulu
Fetching weather data for case number 2001.03.23.
Got weather data for case number 2001.05.03.
Timezone Australia/Sydney
Fetching weather data for case number 2001.02.04.
Got weather data for case number 2001.04.28.
Timezone Pacific/Fiji
Fetching weather data for case number 2000.12.12.
Got weather data for case number 2001.04.13.b.
Timezone UTC
Fetching weather data for case number 2000.12.03.
Got weather data for case number 2001.04.13.a.
Timezone America/New_York
Fetching weather data for case number 2000.11.18.
Got weather data for case number 2001.05.04.
Timezone Australia/Perth
Fetching weather data for case number 2000.11.06.b.
Got weather data for case number 2001.04.12.e.
Timezone Australia/Perth
Fetching weather data for case number 2000.11.06.a.
Got weather data for case number 2001.04.12.d.
Timezone America/Los_Angeles
Fetching weather data for case number 2000.11.04.
Got weather data for case number 2001.04.12.c.
Timezone Australia/Brisbane
Fetching weather data for case number 2000.10.29.
Got weather data for case number 2001.04.12.b.
Timezone America/New_York
Fetching weather data for case number 2000.10.20.
Got weather data for case number 2001.04.11.c.
Timezone Pacific/Honolulu
Fetching weather data for case number 2000.10.18.
Got weather data for case number 2001.04.12.a.
Timezone America/New_York
Fetching weather data for case number 2000.10.14.
Got weather data for case number 2001.04.08.b.
Timezone America/New_York
Fetching weather data for case number 2000.10.06.b.
Got weather data for case number 2001.04.11.a.
Timezone America/New_York
Fetching weather data for case number 2000.10.06.a.
Got weather data for case number 2001.03.23.
Timezone America/New_York
Fetching weather data for case number 2000.10.02.
Got weather data for case number 2001.04.02.a.
Timezone America/Los_Angeles
Fetching weather data for case number 2000.09.29.
Got weather data for case number 2001.04.05.
Timezone Australia/Adelaide
Fetching weather data for case number 2000.09.25.
Got weather data for case number 2001.02.04.
Timezone Australia/Adelaide
Fetching weather data for case number 2000.09.24.
Got weather data for case number 2000.12.12.
Timezone Asia/Tokyo
Fetching weather data for case number 2000.09.16.b.
Got weather data for case number 2000.11.18.
Timezone America/New_York
Fetching weather data for case number 2000.09.15.
Got weather data for case number 2000.11.06.b.
Timezone America/New_York
Fetching weather data for case number 2000.09.12.
Got weather data for case number 2000.11.06.a.
Timezone America/New_York
Fetching weather data for case number 2000.09.11.
Got weather data for case number 2000.12.03.
Timezone America/New_York
Fetching weather data for case number 2000.09.10.b.
Got weather data for case number 2000.11.04.
Timezone Africa/Johannesburg
Fetching weather data for case number 2000.09.10.a.
Got weather data for case number 2000.10.20.
Timezone America/New_York
Fetching weather data for case number 2000.09.08.b.
Got weather data for case number 2000.10.29.
Timezone Indian/Reunion
Fetching weather data for case number 2000.09.08.a.
Got weather data for case number 2000.10.14.
Timezone America/New_York
Fetching weather data for case number 2000.08.31.
Got weather data for case number 2000.10.18.
Timezone America/New_York
Fetching weather data for case number 2000.08.30.
Got weather data for case number 2000.10.06.b.
Timezone Pacific/Honolulu
Fetching weather data for case number 2000.08.15.
Got weather data for case number 2000.10.06.a.
Timezone America/New_York
Fetching weather data for case number 2000.08.13.
Got weather data for case number 2000.10.02.
Timezone America/New_York
Fetching weather data for case number 2000.08.12.
Got weather data for case number 2000.09.29.
Timezone America/New_York
Fetching weather data for case number 2000.07.10.
Got weather data for case number 2000.09.25.
Timezone America/New_York
Fetching weather data for case number 2000.07.09.
Got weather data for case number 2000.09.24.
Timezone America/New_York
Fetching weather data for case number 2000.07.06.
Got weather data for case number 2000.09.16.b.
Timezone America/New_York
Fetching weather data for case number 2000.07.04.b.
Got weather data for case number 2000.09.15.
Timezone America/New_York
Fetching weather data for case number 2000.07.04.a.
Got weather data for case number 2000.09.12.
Timezone America/New_York
Fetching weather data for case number 2000.07.02.b.
Got weather data for case number 2000.09.11.
Timezone America/New_York
Fetching weather data for case number 2000.07.02.a.
Got weather data for case number 2000.09.10.b.
Timezone America/New_York
Fetching weather data for case number 2000.06.19.
Got weather data for case number 2000.09.10.a.
Timezone America/Chicago
Fetching weather data for case number 2000.06.13.
Got weather data for case number 2000.09.08.b.
Timezone America/Chicago
Fetching weather data for case number 2000.06.10.
Got weather data for case number 2000.09.08.a.
Timezone America/Chicago
Fetching weather data for case number 2000.06.09.b.
Got weather data for case number 2000.08.31.
Timezone America/Chicago
Fetching weather data for case number 2000.06.09.a.
Got weather data for case number 2000.08.30.
Timezone America/New_York
Fetching weather data for case number 2000.06.02.
Got weather data for case number 2000.08.15.
Timezone America/New_York
Fetching weather data for case number 2000.04.14.
Got weather data for case number 2000.08.13.
Timezone America/New_York
Fetching weather data for case number 2000.04.09.
Got weather data for case number 2000.08.12.
Timezone Australia/Brisbane
Fetching weather data for case number 2000.03.30.
Got weather data for case number 2000.07.09.
Timezone America/New_York
Fetching weather data for case number 2000.03.26.
Got weather data for case number 2000.07.10.
Timezone America/New_York
Fetching weather data for case number 2000.03.24.
Got weather data for case number 2000.07.06.
Timezone Australia/Sydney
Fetching weather data for case number 2000.03.14.
Got weather data for case number 2000.07.04.b.
Timezone Africa/Johannesburg
Fetching weather data for case number 2000.02.19.
Got weather data for case number 2000.07.04.a.
Timezone America/Sao_Paulo
Fetching weather data for case number 1999.12.06.
Got weather data for case number 2000.07.02.a.
Timezone America/New_York
Fetching weather data for case number 1999.12.02.
Got weather data for case number 2000.07.02.b.
Timezone America/New_York
Fetching weather data for case number 1999.11.30.
Got weather data for case number 2000.06.19.
Timezone Pacific/Honolulu
Fetching weather data for case number 1999.11.23.
Got weather data for case number 2000.06.13.
Timezone America/Sao_Paulo
Fetching weather data for case number 1999.11.06.
Got weather data for case number 2000.06.10.
Timezone America/New_York
Fetching weather data for case number 1999.10.30.b.
Got weather data for case number 2000.06.09.b.
Timezone America/New_York
Fetching weather data for case number 1999.10.30.a.
Got weather data for case number 2000.06.09.a.
Timezone Pacific/Honolulu
Fetching weather data for case number 1999.10.01.
Got weather data for case number 2000.06.02.
Timezone America/New_York
Fetching weather data for case number 1999.09.29.
Got weather data for case number 2000.03.30.
Timezone America/Los_Angeles
Fetching weather data for case number 1999.09.18.
Got weather data for case number 2000.04.14.
Timezone America/New_York
Fetching weather data for case number 1999.09.04.a.
Got weather data for case number 2000.03.24.
Timezone America/New_York
Fetching weather data for case number 1999.08.26.
Got weather data for case number 2000.04.09.
Timezone America/New_York
Fetching weather data for case number 1999.08.21.
Got weather data for case number 2000.03.26.
Timezone America/New_York
Fetching weather data for case number 1999.08.16.
Got weather data for case number 2000.03.14.
Timezone America/New_York
Fetching weather data for case number 1999.08.05.a.
Got weather data for case number 2000.02.19.
Timezone America/Nassau
Fetching weather data for case number 1999.08.05.
Got weather data for case number 1999.12.06.
Timezone Africa/Johannesburg
Fetching weather data for case number 1999.07.29.
Got weather data for case number 1999.11.30.
Timezone America/New_York
Fetching weather data for case number 1999.07.26.
Got weather data for case number 1999.12.02.
Timezone Pacific/Honolulu
Fetching weather data for case number 1999.07.21.
Got weather data for case number 1999.11.23.
Timezone Africa/Johannesburg
Fetching weather data for case number 1999.07.15.
Got weather data for case number 1999.11.06.
Timezone America/New_York
Fetching weather data for case number 1999.06.17.
Got weather data for case number 1999.10.30.a.
Timezone America/New_York
Fetching weather data for case number 1999.06.12.
Got weather data for case number 1999.10.30.b.
Timezone America/New_York
Fetching weather data for case number 1999.06.09.
Got weather data for case number 1999.10.01.
Timezone Australia/Adelaide
Fetching weather data for case number 1999.05.29.
Got weather data for case number 1999.09.29.
Timezone Indian/Mauritius
Fetching weather data for case number 1999.04.22.
Got weather data for case number 1999.09.18.
Timezone Indian/Reunion
Fetching weather data for case number 1999.04.11.
Got weather data for case number 1999.08.26.
Timezone Pacific/Honolulu
Fetching weather data for case number 1999.03.18.a.
Got weather data for case number 1999.09.04.a.
Timezone Pacific/Honolulu
Fetching weather data for case number 1999.03.05.
Got weather data for case number 1999.08.21.
Timezone America/New_York
Fetching weather data for case number 1999.02.03.
Got weather data for case number 1999.08.16.
Timezone America/New_York
Fetching weather data for case number 1998.12.24.
Got weather data for case number 1999.08.05.a.
Timezone Australia/Adelaide
Fetching weather data for case number 1998.12.22.
Got weather data for case number 1999.08.05.
Timezone Africa/Johannesburg
Fetching weather data for case number 1998.12.20.R.
Got weather data for case number 1999.07.21.
Timezone America/New_York
Fetching weather data for case number 1998.11.21.
Got weather data for case number 1999.07.26.
Timezone America/New_York
Fetching weather data for case number 1998.11.14.
Got weather data for case number 1999.07.29.
Timezone America/New_York
Fetching weather data for case number 1998.11.11.
Got weather data for case number 1999.07.15.
Timezone America/New_York
Fetching weather data for case number 1998.10.01.a.
Got weather data for case number 1999.06.17.
Timezone America/New_York
Fetching weather data for case number 1998.09.22.
Got weather data for case number 1999.06.12.
Timezone America/New_York
Fetching weather data for case number 1998.08.30.
Got weather data for case number 1999.06.09.
Timezone America/Los_Angeles
Fetching weather data for case number 1998.08.26.
Got weather data for case number 1999.05.29.
Timezone America/Nassau
Fetching weather data for case number 1998.08.15.
Got weather data for case number 1999.04.22.
Timezone Africa/Johannesburg
Fetching weather data for case number 1998.08.01.a.
Got weather data for case number 1999.04.11.
Timezone America/Recife
Fetching weather data for case number 1998.07.26.
Got weather data for case number 1999.03.05.
Timezone UTC
Fetching weather data for case number 1998.06.28.a.
Got weather data for case number 1999.03.18.a.
Timezone Africa/Johannesburg
Fetching weather data for case number 1998.06.22.
Got weather data for case number 1999.02.03.
Timezone America/New_York
Fetching weather data for case number 1998.06.08.
Got weather data for case number 1998.12.24.
Timezone America/New_York
Fetching weather data for case number 1998.05.25.
Got weather data for case number 1998.12.22.Got weather data for case number 1998.12.20.R.
Timezone America/New_York
Fetching weather data for case number 1998.05.16.c.

Timezone America/New_York
Fetching weather data for case number 1998.05.16.b.
Got weather data for case number 1998.11.21.
Timezone Africa/Johannesburg
Fetching weather data for case number 1998.05.16.a.
Got weather data for case number 1998.11.14.
Timezone Africa/Maputo
Fetching weather data for case number 1998.04.26.
Got weather data for case number 1998.11.11.
Timezone America/Los_Angeles
Fetching weather data for case number 1998.04.21.
Got weather data for case number 1998.10.01.a.
Timezone America/New_York
Fetching weather data for case number 1998.03.31.
Got weather data for case number 1998.09.22.
Timezone Africa/Johannesburg
Fetching weather data for case number 1998.03.15.
Got weather data for case number 1998.08.30.
Timezone America/New_York
Fetching weather data for case number 1998.02.23.
Got weather data for case number 1998.08.26.
Timezone Australia/Sydney
Fetching weather data for case number 1998.01.28.R.
Got weather data for case number 1998.08.15.
Timezone Africa/Maputo
Fetching weather data for case number 1998.01.14.
Got weather data for case number 1998.08.01.a.
Timezone Africa/Johannesburg
Fetching weather data for case number 1997.12.28.b.
Got weather data for case number 1998.06.28.a.
Timezone Pacific/Honolulu
Fetching weather data for case number 1997.10.28.a.
Got weather data for case number 1998.06.08.
Timezone America/New_York
Fetching weather data for case number 1997.10.24.
Got weather data for case number 1998.06.22.
Timezone America/New_York
Fetching weather data for case number 1997.10.21.
Got weather data for case number 1998.07.26.
Timezone America/New_York
Fetching weather data for case number 1997.10.04.
Got weather data for case number 1998.05.25.
Timezone America/New_York
Fetching weather data for case number 1997.09.09.
Got weather data for case number 1998.05.16.b.
Timezone America/New_York
Fetching weather data for case number 1997.09.06.
Got weather data for case number 1998.05.16.c.
Timezone America/New_York
Fetching weather data for case number 1997.08.30.
Got weather data for case number 1998.05.16.a.
Timezone America/New_York
Fetching weather data for case number 1997.08.27.
Got weather data for case number 1998.04.26.
Timezone America/Los_Angeles
Fetching weather data for case number 1997.08.24.
Got weather data for case number 1998.04.21.
Timezone America/New_York
Fetching weather data for case number 1997.08.11.c.
Got weather data for case number 1998.03.31.
Timezone America/New_York
Fetching weather data for case number 1997.08.10.
Got weather data for case number 1998.03.15.
Timezone America/New_York
Fetching weather data for case number 1997.08.09.
Got weather data for case number 1998.02.23.
Timezone America/New_York
Fetching weather data for case number 1997.08.02.b.
Got weather data for case number 1998.01.28.R.
Timezone America/New_York
Fetching weather data for case number 1997.08.02.a.
Got weather data for case number 1998.01.14.
Timezone Australia/Brisbane
Fetching weather data for case number 1997.07.27.
Got weather data for case number 1997.10.24.
Timezone Africa/Johannesburg
Fetching weather data for case number 1997.07.21.
Got weather data for case number 1997.10.04.
Timezone Pacific/Honolulu
Fetching weather data for case number 1997.06.24.
Got weather data for case number 1997.10.21.
Timezone Pacific/Fiji
Fetching weather data for case number 1997.06.15.
Got weather data for case number 1997.10.28.a.
Timezone America/New_York
Fetching weather data for case number 1997.06.09.
Got weather data for case number 1997.12.28.b.
Timezone America/New_York
Fetching weather data for case number 1997.06.02.
Got weather data for case number 1997.09.06.
Timezone America/New_York
Fetching weather data for case number 1997.05.31.b.
Got weather data for case number 1997.09.09.
Timezone America/New_York
Fetching weather data for case number 1997.05.31.a.
Got weather data for case number 1997.08.30.
Timezone Australia/Brisbane
Fetching weather data for case number 1997.01.25.
Got weather data for case number 1997.08.27.
Timezone Australia/Perth
Fetching weather data for case number 1997.01.20.
Got weather data for case number 1997.08.24.
Timezone Australia/Brisbane
Fetching weather data for case number 1996.12.29.
Got weather data for case number 1997.08.11.c.
Timezone Africa/Johannesburg
Fetching weather data for case number 1996.12.10.
Got weather data for case number 1997.08.10.
Timezone America/Los_Angeles
Fetching weather data for case number 1996.11.29.a.
Got weather data for case number 1997.08.09.
Timezone America/New_York
Fetching weather data for case number 1996.11.18.
Got weather data for case number 1997.08.02.b.
Timezone America/Los_Angeles
Fetching weather data for case number 1996.10.05..
Got weather data for case number 1997.08.02.a.
Timezone America/New_York
Fetching weather data for case number 1996.10.03.b.
Got weather data for case number 1997.07.27.
Timezone America/Los_Angeles
Fetching weather data for case number 1996.10.03.a.
Got weather data for case number 1997.07.21.
Timezone America/New_York
Fetching weather data for case number 1996.09.18.
Got weather data for case number 1997.06.24.
Timezone Pacific/Chatham
Fetching weather data for case number 1996.09.06.b.
Got weather data for case number 1997.06.09.
Timezone America/New_York
Fetching weather data for case number 1996.09.06.a.
Got weather data for case number 1997.06.02.
Timezone America/New_York
Fetching weather data for case number 1996.09.02.b.
Got weather data for case number 1997.05.31.b.
Timezone America/New_York
Fetching weather data for case number 1996.09.02.a.
Got weather data for case number 1997.05.31.a.
Timezone Africa/Johannesburg
Fetching weather data for case number 1996.09.01.a.
Got weather data for case number 1997.01.20.
Timezone Pacific/Honolulu
Fetching weather data for case number 1996.08.29.
Got weather data for case number 1997.01.25.
Timezone America/Los_Angeles
Fetching weather data for case number 1996.08.13.
Got weather data for case number 1997.06.15.
Timezone America/New_York
Fetching weather data for case number 1996.08.11.
Got weather data for case number 1996.12.29.
Timezone America/New_York
Fetching weather data for case number 1996.07.26.
Got weather data for case number 1996.11.29.a.
Timezone Africa/Cairo
Fetching weather data for case number 1996.07.23.a.
Got weather data for case number 1996.12.10.
Timezone America/New_York
Fetching weather data for case number 1996.07.20.
Got weather data for case number 1996.10.05..
Timezone America/New_York
Fetching weather data for case number 1996.07.10.
Got weather data for case number 1996.10.03.b.
Timezone America/New_York
Fetching weather data for case number 1996.07.04.b.
Got weather data for case number 1996.11.18.
Timezone Australia/Melbourne
Fetching weather data for case number 1996.06.06.
Got weather data for case number 1996.10.03.a.
Timezone Africa/Johannesburg
Fetching weather data for case number 1996.05.28.
Got weather data for case number 1996.09.18.
Timezone America/New_York
Fetching weather data for case number 1996.05.18.
Got weather data for case number 1996.09.06.a.
Timezone America/New_York
Fetching weather data for case number 1996.05.07.
Got weather data for case number 1996.09.02.b.
Timezone Australia/Brisbane
Fetching weather data for case number 1996.03.05.
Got weather data for case number 1996.09.06.b.
Timezone Pacific/Honolulu
Fetching weather data for case number 1996.01.16.
Got weather data for case number 1996.09.02.a.
Timezone Australia/Sydney
Fetching weather data for case number 1996.01.12.
Got weather data for case number 1996.09.01.a.
Timezone Indian/Reunion
Fetching weather data for case number 1996.01.10.
Got weather data for case number 1996.08.11.
Timezone Australia/Brisbane
Fetching weather data for case number 1995.10.11.
Got weather data for case number 1996.08.13.
Timezone America/New_York
Fetching weather data for case number 1995.10.01.
Got weather data for case number 1996.08.29.
Timezone America/Los_Angeles
Fetching weather data for case number 1995.09.28.
Got weather data for case number 1996.07.26.Got weather data for case number 1996.07.23.a.
Timezone America/New_York
Fetching weather data for case number 1995.09.17.

Timezone Australia/Perth
Fetching weather data for case number 1995.09.11.
Got weather data for case number 1996.07.20.
Timezone America/Los_Angeles
Fetching weather data for case number 1995.09.03.b.
Got weather data for case number 1996.07.10.
Timezone America/New_York
Fetching weather data for case number 1995.08.26/b.
Got weather data for case number 1996.06.06.
Timezone America/New_York
Fetching weather data for case number 1995.08.26.a.
Got weather data for case number 1996.07.04.b.
Timezone America/New_York
Fetching weather data for case number 1995.08.22.a.
Got weather data for case number 1996.05.28.
Timezone Pacific/Tongatapu
Fetching weather data for case number 1995.08.19.
Got weather data for case number 1996.05.18.
Timezone America/New_York
Fetching weather data for case number 1995.08.15.
Got weather data for case number 1996.05.07.
Timezone America/New_York
Fetching weather data for case number 1995.08.10.b.
Got weather data for case number 1996.03.05.
Timezone America/New_York
Fetching weather data for case number 1995.08.07.
Got weather data for case number 1996.01.16.
Timezone America/New_York
Fetching weather data for case number 1995.07.28.e.
Got weather data for case number 1996.01.12.
Timezone America/New_York
Fetching weather data for case number 1995.07.28.d.
Got weather data for case number 1996.01.10.
Timezone America/New_York
Fetching weather data for case number 1995.07.28.c.
Got weather data for case number 1995.09.28.
Timezone America/New_York
Fetching weather data for case number 1995.07.28.b.
Got weather data for case number 1995.10.01.
Timezone Africa/Johannesburg
Fetching weather data for case number 1984.11.08.
Got weather data for case number 1995.09.17.
Timezone America/Los_Angeles
Fetching weather data for case number 1995.06.30.
Got weather data for case number 1995.10.11.
Timezone America/New_York
Fetching weather data for case number 1995.06.17.a.
Got weather data for case number 1995.09.03.b.
Timezone America/New_York
Fetching weather data for case number 1995.06.16.
Got weather data for case number 1995.09.11.
Timezone Pacific/Honolulu
Fetching weather data for case number 1995.06.14.
Got weather data for case number 1995.08.26/b.
Timezone Asia/Hong_Kong
Fetching weather data for case number 1995.06.02.
Got weather data for case number 1995.08.26.a.
Timezone America/New_York
Fetching weather data for case number 1995.04.16.
Got weather data for case number 1995.08.22.a.
Timezone America/New_York
Fetching weather data for case number 1995.04.13.
Got weather data for case number 1995.08.19.
Timezone Asia/Tokyo
Fetching weather data for case number 1995.04.09.a.
Got weather data for case number 1995.08.15.
Timezone Australia/Adelaide
Fetching weather data for case number 1995.03.11.
Got weather data for case number 1995.08.10.b.
Timezone Africa/Johannesburg
Fetching weather data for case number 1995.02.19.
Got weather data for case number 1995.08.07.
Timezone Africa/Johannesburg
Fetching weather data for case number 1995.01.24.
Got weather data for case number 1995.07.28.e.
Timezone Africa/Johannesburg
Fetching weather data for case number 1994.12.30.
Got weather data for case number 1995.07.28.d.
Timezone Pacific/Honolulu
Fetching weather data for case number 1994.12.18.
Got weather data for case number 1995.07.28.c.
Timezone America/Los_Angeles
Fetching weather data for case number 1994.12.09.a.
Got weather data for case number 1995.07.28.b.
Timezone Pacific/Honolulu
Fetching weather data for case number 1994.11.13.
Got weather data for case number 1995.06.30.
Timezone Pacific/Honolulu
Fetching weather data for case number 1994.11.06.a.
Got weather data for case number 1995.06.17.a.
Timezone America/New_York
Fetching weather data for case number 1994.10.08.
Got weather data for case number 1995.06.16.
Timezone America/New_York
Fetching weather data for case number 1994.10.05.
Got weather data for case number 1995.06.14.
Timezone America/Los_Angeles
Fetching weather data for case number 1994.09.21.
Got weather data for case number 1984.11.08.
Timezone Pacific/Honolulu
Fetching weather data for case number 1994.09.05.
Got weather data for case number 1995.04.16.
Timezone Indian/Reunion
Fetching weather data for case number 1994.07.09.c.
Got weather data for case number 1995.06.02.
Timezone Africa/Johannesburg
Fetching weather data for case number 1994.07.09.b.
Got weather data for case number 1995.04.13.
Timezone Africa/Johannesburg
Fetching weather data for case number 1994.07.09.a.
Got weather data for case number 1995.04.09.a.
Timezone America/New_York
Fetching weather data for case number 1994.07.08.a.
Got weather data for case number 1995.03.11.
Timezone America/Nassau
Fetching weather data for case number 1994.06.24.
Got weather data for case number 1995.02.19.
Timezone America/New_York
Fetching weather data for case number 1994.05.31.b.
Got weather data for case number 1995.01.24.
Timezone America/New_York
Fetching weather data for case number 1994.05.31.a.
Got weather data for case number 1994.12.30.
Timezone America/New_York
Fetching weather data for case number 1994.05.15.
Got weather data for case number 1994.12.18.
Timezone America/Nassau
Fetching weather data for case number 1994.04.06.
Got weather data for case number 1994.12.09.a.
Timezone America/New_York
Fetching weather data for case number 1994.04.03.
Got weather data for case number 1994.11.06.a.
Timezone Pacific/Easter
Got weather data for case number 1994.11.13.
Timezone Pacific/Easter
Fetching weather data for case number 1994.03.23.b.
Fetching weather data for case number 1994.03.23.a.
Got weather data for case number 1994.10.08.
Timezone Africa/Johannesburg
Fetching weather data for case number 1994.02.27.
Got weather data for case number 1994.10.05.
Timezone America/New_York
Fetching weather data for case number 1994.02.19.
Got weather data for case number 1994.09.21.
Timezone Pacific/Honolulu
Fetching weather data for case number 1994.02.13.
Got weather data for case number 1994.09.05.
Timezone Africa/Johannesburg
Fetching weather data for case number 1994.02.12.
Got weather data for case number 1994.07.09.b.
Timezone Africa/Johannesburg
Fetching weather data for case number 1994.01.30.
Got weather data for case number 1994.07.09.a.
Timezone Australia/Perth
Fetching weather data for case number 1994.01.12.R.
Got weather data for case number 1994.07.09.c.
Timezone Africa/Johannesburg
Fetching weather data for case number 1994.01.03.
Got weather data for case number 1994.07.08.a.
Timezone Australia/Perth
Fetching weather data for case number 1993.11.21.
Got weather data for case number 1994.06.24.
Timezone Pacific/Honolulu
Fetching weather data for case number 1993.11.12.
Got weather data for case number 1994.05.31.b.
Timezone America/Los_Angeles
Fetching weather data for case number 1993.10.30.
Got weather data for case number 1994.05.31.a.
Timezone America/New_York
Fetching weather data for case number 1993.10.26.
Got weather data for case number 1994.05.15.
Timezone America/Los_Angeles
Fetching weather data for case number 1993.10.10.
Got weather data for case number 1994.04.06.
Timezone Africa/Johannesburg
Fetching weather data for case number 1993.09.26.
Got weather data for case number 1994.04.03.
Timezone Europe/Madrid
Fetching weather data for case number 1993.09.03.
Got weather data for case number 1994.02.27.
Timezone America/Nassau
Fetching weather data for case number 1993.08.21.
Got weather data for case number 1994.03.23.a.
Timezone Pacific/Honolulu
Fetching weather data for case number 1993.08.19.
Got weather data for case number 1994.03.23.b.
Timezone America/Los_Angeles
Fetching weather data for case number 1993.08.15.b.
Got weather data for case number 1994.02.19.
Timezone America/New_York
Fetching weather data for case number 1993.08.15.a.
Got weather data for case number 1994.02.13.
Timezone America/Los_Angeles
Fetching weather data for case number 1993.08.12.
Got weather data for case number 1994.02.12.
Timezone Africa/Johannesburg
Fetching weather data for case number 1993.07.30.
Got weather data for case number 1994.01.30.
Timezone America/New_York
Fetching weather data for case number 1993.07.07.
Got weather data for case number 1994.01.12.R.
Timezone Asia/Hong_Kong
Fetching weather data for case number 1993.06.11.b.
Got weather data for case number 1994.01.03.
Timezone America/Cancun
Fetching weather data for case number 1993.06.11.a.
Got weather data for case number 1993.10.30.
Timezone Pacific/Honolulu
Fetching weather data for case number 1993.06.10.
Got weather data for case number 1993.11.21.
Timezone Australia/Sydney
Fetching weather data for case number 1993.06.09.
Got weather data for case number 1993.11.12.
Timezone Australia/Hobart
Fetching weather data for case number 1993.06.05.
Got weather data for case number 1993.10.26.
Timezone America/New_York
Fetching weather data for case number 1993.03.22.
Got weather data for case number 1993.10.10.
Timezone Pacific/Honolulu
Fetching weather data for case number 1993.03.14.
Got weather data for case number 1993.09.03.
Timezone America/Los_Angeles
Fetching weather data for case number 1993.03.12.
Got weather data for case number 1993.08.21.
Timezone Pacific/Tongatapu
Fetching weather data for case number 1993.02.19.
Got weather data for case number 1993.08.19.
Timezone Australia/Brisbane
Fetching weather data for case number 1993.02.04.
Got weather data for case number 1993.08.15.a.
Timezone Australia/Brisbane
Fetching weather data for case number 1993.01.05.
Got weather data for case number 1993.08.15.b.
Timezone America/Los_Angeles
Fetching weather data for case number 1993.01.02.
Got weather data for case number 1993.09.26.
Timezone Pacific/Honolulu
Fetching weather data for case number 1992.12.23.
Got weather data for case number 1993.08.12.
Timezone America/Los_Angeles
Fetching weather data for case number 1992.11.29.
Got weather data for case number 1993.07.30.
Timezone America/New_York
Fetching weather data for case number 1992.11.25.a.
Got weather data for case number 1993.07.07.
Timezone America/Los_Angeles
Fetching weather data for case number 1992.11.14.
Got weather data for case number 1993.06.11.b.
Timezone America/Los_Angeles
Fetching weather data for case number 1992.11.11.
Got weather data for case number 1993.06.11.a.
Timezone America/New_York
Fetching weather data for case number 1992.11.05.b.
Got weather data for case number 1993.06.10.
Timezone Pacific/Honolulu
Fetching weather data for case number 1992.11.05.a.
Got weather data for case number 1993.06.09.
Timezone America/Los_Angeles
Fetching weather data for case number 1992.10.29.
Got weather data for case number 1993.06.05.
Timezone Pacific/Honolulu
Fetching weather data for case number 1992.10.22.
Got weather data for case number 1993.03.22.
Timezone Australia/Brisbane
Fetching weather data for case number 1992.10.01.
Got weather data for case number 1993.03.14.
Timezone America/Los_Angeles
Fetching weather data for case number 1992.09.13.
Got weather data for case number 1993.03.12.
Timezone America/New_York
Fetching weather data for case number 1992.09.11.
Got weather data for case number 1993.02.04.
Timezone Australia/Adelaide
Fetching weather data for case number 1992.08.25.
Got weather data for case number 1993.01.05.
Timezone Pacific/Honolulu
Fetching weather data for case number 1992.08.21.
Got weather data for case number 1993.02.19.
Timezone America/Los_Angeles
Fetching weather data for case number 1992.08.18.
Got weather data for case number 1993.01.02.
Timezone America/New_York
Fetching weather data for case number 1992.07.21.
Got weather data for case number 1992.12.23.
Timezone Indian/Reunion
Fetching weather data for case number 1992.06.28.a.
Got weather data for case number 1992.11.29.
Timezone Asia/Tokyo
Fetching weather data for case number 1992.06.17.
Got weather data for case number 1992.11.25.a.
Timezone Indian/Reunion
Fetching weather data for case number 1992.05.22.
Got weather data for case number 1992.11.14.
Timezone Pacific/Auckland
Fetching weather data for case number 1992.04.24.
Got weather data for case number 1992.11.11.
Timezone Africa/Johannesburg
Fetching weather data for case number 1992.04.09.
Got weather data for case number 1992.11.05.b.
Timezone Pacific/Honolulu
Fetching weather data for case number 1992.03.28.
Got weather data for case number 1992.11.05.a.
Timezone Asia/Tokyo
Fetching weather data for case number 1992.03.08.c.
Got weather data for case number 1992.10.29.
Timezone Asia/Tokyo
Fetching weather data for case number 1992.03.08.b.
Got weather data for case number 1992.10.22.
Timezone America/Los_Angeles
Fetching weather data for case number 1992.03.08.a.
Got weather data for case number 1992.09.11.
Timezone Asia/Tokyo
Fetching weather data for case number 1992.02.14.
Got weather data for case number 1992.10.01.
Timezone Australia/Hobart
Fetching weather data for case number 1992.02.09.
Got weather data for case number 1992.09.13.
Timezone Indian/Reunion
Fetching weather data for case number 1992.01.29.b.
Got weather data for case number 1992.08.21.
Timezone Australia/Sydney
Fetching weather data for case number 1992.01.29.a.
Got weather data for case number 1992.08.18.
Timezone Africa/Johannesburg
Fetching weather data for case number 1992.01.23.
Got weather data for case number 1992.07.21.
Timezone Africa/Johannesburg
Fetching weather data for case number 1992.01.08.
Got weather data for case number 1992.08.25.
Timezone America/Los_Angeles
Fetching weather data for case number 1991.12.04.
Got weather data for case number 1992.06.17.
Timezone Pacific/Honolulu
Fetching weather data for case number 1991.11.26.b.
Got weather data for case number 1992.05.22.
Timezone Pacific/Honolulu
Fetching weather data for case number 1991.11.26.a.
Got weather data for case number 1992.06.28.a.
Timezone Pacific/Honolulu
Fetching weather data for case number 1991.11.19.
Got weather data for case number 1992.04.09.
Timezone America/New_York
Fetching weather data for case number 1991.11.14.
Got weather data for case number 1992.03.28.
Timezone America/New_York
Fetching weather data for case number 1991.10.12.
Got weather data for case number 1992.04.24.
Timezone America/Los_Angeles
Fetching weather data for case number 1991.10.05.
Got weather data for case number 1992.03.08.c.
Timezone America/Nassau
Fetching weather data for case number 1991.09.19.
Got weather data for case number 1992.03.08.b.
Timezone Australia/Adelaide
Fetching weather data for case number 1991.09.08.
Got weather data for case number 1992.03.08.a.
Timezone America/New_York
Fetching weather data for case number 1991.08.26.
Got weather data for case number 1992.02.09.
Timezone America/New_York
Fetching weather data for case number 1991.08.12.
Got weather data for case number 1992.02.14.
Timezone Europe/Rome
Got weather data for case number 1992.01.29.b.
Timezone America/New_York
Fetching weather data for case number 1991.07.07.
Fetching weather data for case number 1991.07.30.
Got weather data for case number 1992.01.29.a.
Timezone Indian/Reunion
Fetching weather data for case number 1991.07.01.b.
Got weather data for case number 1992.01.23.
Timezone America/Los_Angeles
Fetching weather data for case number 1991.07.01.a.
Got weather data for case number 1992.01.08.
Timezone America/New_York
Fetching weather data for case number 1991.06.26.
Got weather data for case number 1991.12.04.
Timezone America/New_York
Fetching weather data for case number 1991.06.07.b.
Got weather data for case number 1991.11.19.
Timezone Asia/Hong_Kong
Fetching weather data for case number 1991.06.07.a.
Got weather data for case number 1991.11.26.a.
Timezone Pacific/Honolulu
Fetching weather data for case number 1991.05.26.
Got weather data for case number 1991.11.26.b.
Timezone Africa/Johannesburg
Fetching weather data for case number 1991.05.19.
Got weather data for case number 1991.11.14.
Timezone America/New_York
Fetching weather data for case number 1991.04.16.b.
Got weather data for case number 1991.10.12.
Timezone America/New_York
Fetching weather data for case number 1991.04.16.a.
Got weather data for case number 1991.10.05.
Timezone Pacific/Honolulu
Fetching weather data for case number 1991.04.03.
Got weather data for case number 1991.09.19.
Timezone America/Los_Angeles
Fetching weather data for case number 1991.02.24.
Got weather data for case number 1991.08.26.
Timezone Africa/Johannesburg
Fetching weather data for case number 1991.02.12.
Got weather data for case number 1991.09.08.
Timezone Australia/Brisbane
Fetching weather data for case number 1991.01.19.
Got weather data for case number 1991.08.12.
Timezone America/Los_Angeles
Fetching weather data for case number 1990.11.03.
Got weather data for case number 1991.07.07.
Timezone America/New_York
Fetching weather data for case number 1990.11.01.
Got weather data for case number 1991.07.30.
Timezone America/New_York
Fetching weather data for case number 1990.10.30.b.
Got weather data for case number 1991.07.01.a.
Timezone America/New_York
Fetching weather data for case number 1990.10.30.a.
Got weather data for case number 1991.06.26.
Timezone Australia/Brisbane
Fetching weather data for case number 1990.10.27.
Got weather data for case number 1991.07.01.b.
Timezone Australia/Adelaide
Fetching weather data for case number 1990.10.25.
Got weather data for case number 1991.06.07.b.
Timezone America/New_York
Fetching weather data for case number 1990.10.20.
Got weather data for case number 1991.06.07.a.
Timezone Pacific/Honolulu
Fetching weather data for case number 1990.10.15.
Got weather data for case number 1991.05.19.
Timezone America/New_York
Fetching weather data for case number 1990.10.12.
Got weather data for case number 1991.05.26.
Timezone Africa/Johannesburg
Fetching weather data for case number 1990.09.15.
Got weather data for case number 1991.04.16.b.
Timezone America/Los_Angeles
Fetching weather data for case number 1990.09.08.
Got weather data for case number 1991.04.16.a.
Timezone America/Los_Angeles
Fetching weather data for case number 1990.09.05.
Got weather data for case number 1991.04.03.
Timezone America/Los_Angeles
Fetching weather data for case number 1990.08.28.
Got weather data for case number 1991.02.24.
Timezone America/Chicago
Fetching weather data for case number 1990.08.19.a.
Got weather data for case number 1991.02.12.
Timezone Africa/Johannesburg
Fetching weather data for case number 1990.06.24.
Got weather data for case number 1991.01.19.
Timezone America/Nassau
Fetching weather data for case number 1990.06.23.
Got weather data for case number 1990.10.30.b.
Timezone Africa/Johannesburg
Fetching weather data for case number 1990.05.06.
Got weather data for case number 1990.10.30.a.
Timezone Africa/Johannesburg
Fetching weather data for case number 1990.04.14.
Got weather data for case number 1990.11.03.
Timezone Australia/Sydney
Fetching weather data for case number 1990.04.09.
Got weather data for case number 1990.11.01.
Timezone Pacific/Honolulu
Fetching weather data for case number 1990.04.01.
Got weather data for case number 1990.10.20.
Timezone Indian/Reunion
Fetching weather data for case number 1990.03.05.
Got weather data for case number 1990.10.27.
Timezone Pacific/Honolulu
Fetching weather data for case number 1990.02.17.
Got weather data for case number 1990.10.25.
Timezone Africa/Johannesburg
Fetching weather data for case number 1989.11.18.
Got weather data for case number 1990.10.15.
Timezone Pacific/Honolulu
Fetching weather data for case number 1989.11.12.
Got weather data for case number 1990.09.15.
Timezone Australia/Hobart
Fetching weather data for case number 1989.10.22.
Got weather data for case number 1990.10.12.
Timezone Pacific/Honolulu
Fetching weather data for case number 1989.10.14.
Got weather data for case number 1990.09.08.
Timezone Africa/Johannesburg
Fetching weather data for case number 1989.09.17.
Got weather data for case number 1990.09.05.
Timezone America/Los_Angeles
Fetching weather data for case number 1989.09.09.b.
Got weather data for case number 1990.08.28.
Timezone Africa/Johannesburg
Fetching weather data for case number 1989.08.22.a.
Got weather data for case number 1990.08.19.a.
Timezone Australia/Sydney
Fetching weather data for case number 1989.08.13.
Got weather data for case number 1990.06.24.
Timezone Africa/Johannesburg
Fetching weather data for case number 1989.07.20.
Got weather data for case number 1990.06.23.
Timezone Indian/Reunion
Fetching weather data for case number 1989.07.19.
Got weather data for case number 1990.05.06.
Timezone Europe/Rome
Fetching weather data for case number 1989.06.06.
Got weather data for case number 1990.04.14.
Timezone Africa/Johannesburg
Fetching weather data for case number 1989.06.05.
Got weather data for case number 1990.04.09.
Timezone Africa/Johannesburg
Fetching weather data for case number 1989.06.03.
Got weather data for case number 1990.04.01.
Timezone America/Los_Angeles
Fetching weather data for case number 1989.04.12.
Got weather data for case number 1990.03.05.
Timezone America/Los_Angeles
Fetching weather data for case number 1989.04.09.
Got weather data for case number 1990.02.17.
Timezone Australia/Adelaide
Fetching weather data for case number 1989.03.09.
Got weather data for case number 1989.11.18.
Timezone Africa/Johannesburg
Fetching weather data for case number 1989.02.15.
Got weather data for case number 1989.10.22.
Timezone Europe/Rome
Fetching weather data for case number 1989.02.02.
Got weather data for case number 1989.10.14.
Timezone America/Los_Angeles
Fetching weather data for case number 1989.01.26.b.
Got weather data for case number 1989.11.12.
Timezone America/Los_Angeles
Fetching weather data for case number 1989.01.26.a.
Got weather data for case number 1989.09.17.
Timezone Africa/Johannesburg
Fetching weather data for case number 1989.01.20.a.
Got weather data for case number 1989.09.09.b.
Timezone Australia/Sydney
Fetching weather data for case number 1989.01.03.
Got weather data for case number 1989.08.22.a.
Timezone America/Los_Angeles
Fetching weather data for case number 1988.10.23.
Got weather data for case number 1989.08.13.
Timezone America/New_York
Fetching weather data for case number 1988.10.10.
Got weather data for case number 1989.07.20.
Timezone America/Chicago
Fetching weather data for case number 1988.09.13.b.
Got weather data for case number 1989.07.19.
Timezone America/Chicago
Fetching weather data for case number 1988.09.13.a.
Got weather data for case number 1989.06.03.
Timezone America/Los_Angeles
Fetching weather data for case number 1988.08.11.
Got weather data for case number 1989.06.05.
Timezone America/New_York
Fetching weather data for case number 1988.07.11.
Got weather data for case number 1989.06.06.
Timezone Africa/Johannesburg
Fetching weather data for case number 1988.06.19.
Got weather data for case number 1989.04.09.
Timezone America/New_York
Fetching weather data for case number 1988.06.09.
Got weather data for case number 1989.04.12.
Timezone America/New_York
Fetching weather data for case number 1988.06.05.
Got weather data for case number 1989.03.09.
Timezone America/New_York
Fetching weather data for case number 1988.06.01.
Got weather data for case number 1989.02.15.
Timezone America/New_York
Fetching weather data for case number 1988.05.10.
Got weather data for case number 1989.02.02.
Timezone America/New_York
Fetching weather data for case number 1988.05.04.
Got weather data for case number 1989.01.26.b.
Timezone Indian/Reunion
Fetching weather data for case number 1988.04.28.
Got weather data for case number 1989.01.26.a.
Timezone America/New_York
Fetching weather data for case number 1988.04.15a.
Got weather data for case number 1989.01.20.a.
Timezone Africa/Johannesburg
Fetching weather data for case number 1988.03.16.
Got weather data for case number 1989.01.03.
Timezone Indian/Reunion
Fetching weather data for case number 1988.03.14.
Got weather data for case number 1988.10.23.
Timezone Africa/Johannesburg
Fetching weather data for case number 1988.02.14.
Got weather data for case number 1988.10.10.
Timezone Africa/Johannesburg
Fetching weather data for case number 1988.02.13.
Got weather data for case number 1988.09.13.b.
Timezone Africa/Johannesburg
Fetching weather data for case number 1988.01.27.
Got weather data for case number 1988.09.13.a.
Timezone Africa/Johannesburg
Fetching weather data for case number 1988.01.06.
Got weather data for case number 1988.07.11.
Timezone America/New_York
Fetching weather data for case number 1987.12.17.
Got weather data for case number 1988.08.11.
Timezone America/Los_Angeles
Fetching weather data for case number 1987.10.26.
Got weather data for case number 1988.06.09.
Timezone Africa/Johannesburg
Fetching weather data for case number 1987.10.25.
Got weather data for case number 1988.06.05.
Timezone Africa/Johannesburg
Fetching weather data for case number 1987.10.11.
Got weather data for case number 1988.06.19.
Timezone Africa/Johannesburg
Fetching weather data for case number 1987.09.13.
Got weather data for case number 1988.06.01.
Timezone America/New_York
Fetching weather data for case number 1987.08.20.
Got weather data for case number 1988.05.10.
Timezone America/Los_Angeles
Fetching weather data for case number 1987.08.15.
Got weather data for case number 1988.05.04.
Timezone America/New_York
Fetching weather data for case number 1987.07.21.
Got weather data for case number 1988.04.15a.
Timezone America/Chicago
Fetching weather data for case number 1987.07.12.b.
Got weather data for case number 1988.04.28.
Timezone America/Chicago
Fetching weather data for case number 1987.07.12.a.
Got weather data for case number 1988.03.16.
Timezone America/Nassau
Fetching weather data for case number 1987.07.09.
Got weather data for case number 1988.03.14.
Timezone America/Chicago
Fetching weather data for case number 1987.04.18.
Got weather data for case number 1988.02.14.
Timezone Pacific/Efate
Fetching weather data for case number 1987.04.01.
Got weather data for case number 1988.02.13.
Timezone Africa/Johannesburg
Fetching weather data for case number 1987.01.28.
Got weather data for case number 1988.01.27.
Timezone Australia/Brisbane
Fetching weather data for case number 1987.01.06.
Got weather data for case number 1988.01.06.
Timezone Africa/Johannesburg
Fetching weather data for case number 1986.12.31.
Got weather data for case number 1987.12.17.
Timezone Africa/Johannesburg
Fetching weather data for case number 1986.12.22.
Got weather data for case number 1987.10.26.
Timezone America/New_York
Fetching weather data for case number 1986.12.11.
Got weather data for case number 1987.08.20.
Timezone America/Los_Angeles
Fetching weather data for case number 1986.12.06.a.
Got weather data for case number 1987.10.11.
Timezone America/New_York
Fetching weather data for case number 1986.11.30.
Got weather data for case number 1987.10.25.
Timezone America/New_York
Fetching weather data for case number 1986.11.19.
Got weather data for case number 1987.09.13.
Timezone America/New_York
Fetching weather data for case number 1986.10.03.
Got weather data for case number 1987.08.15.
Timezone Africa/Johannesburg
Fetching weather data for case number 1986.10.05.
Got weather data for case number 1987.07.21.
Timezone Africa/Johannesburg
Fetching weather data for case number 1986.08.10.
Got weather data for case number 1987.07.12.b.
Timezone Europe/Madrid
Fetching weather data for case number 1986.03.18.
Got weather data for case number 1987.07.12.a.
Timezone Africa/Johannesburg
Fetching weather data for case number 1986.03.15.
Got weather data for case number 1987.07.09.
Timezone Africa/Johannesburg
Fetching weather data for case number 1986.02.18.
Got weather data for case number 1987.04.18.
Timezone Africa/Johannesburg
Fetching weather data for case number 1986.02.17.
Got weather data for case number 1987.04.01.
Timezone Africa/Johannesburg
Fetching weather data for case number 1986.02.07.
Got weather data for case number 1987.01.28.
Timezone Africa/Johannesburg
Fetching weather data for case number 1986.02.06.
Got weather data for case number 1987.01.06.
Timezone America/New_York
Fetching weather data for case number 1986.01.12.
Got weather data for case number 1986.12.22.
Timezone Africa/Johannesburg
Fetching weather data for case number 1985.10.24.
Got weather data for case number 1986.12.31.
Timezone America/Los_Angeles
Fetching weather data for case number 1985.10.22.
Got weather data for case number 1986.12.11.
Timezone America/New_York
Fetching weather data for case number 1985.09.08.a.
Got weather data for case number 1986.12.06.a.
Timezone America/New_York
Fetching weather data for case number 1985.08.20.
Got weather data for case number 1986.11.30.
Timezone America/New_York
Fetching weather data for case number 1985.08.17.
Got weather data for case number 1986.11.19.
Timezone America/New_York
Fetching weather data for case number 1985.07.25.b.
Got weather data for case number 1986.10.03.
Timezone America/New_York
Fetching weather data for case number 1985.07.25.a.
Got weather data for case number 1986.10.05.
Timezone Australia/Adelaide
Fetching weather data for case number 1985.03.03.
Got weather data for case number 1986.08.10.
Timezone America/Los_Angeles
Fetching weather data for case number 1985.02.18.
Got weather data for case number 1986.03.18.
Timezone Africa/Johannesburg
Fetching weather data for case number 1985.01.27.
Got weather data for case number 1986.03.15.
Timezone Africa/Johannesburg
Fetching weather data for case number 1985.01.17.
Got weather data for case number 1986.02.18.
Timezone Africa/Johannesburg
Fetching weather data for case number 1985.01.04.
Got weather data for case number 1986.02.17.
Timezone Australia/Brisbane
Fetching weather data for case number 1984.11.30.
Got weather data for case number 1986.02.07.
Timezone America/New_York
Fetching weather data for case number 1984.10.21.b.
Got weather data for case number 1986.02.06.
Timezone America/New_York
Fetching weather data for case number 1984.10.21.
Got weather data for case number 1986.01.12.
Timezone America/New_York
Fetching weather data for case number 1984.10.17.
Got weather data for case number 1985.10.22.
Timezone America/New_York
Fetching weather data for case number 1984.10.14.a.
Got weather data for case number 1985.08.17.
Timezone America/Los_Angeles
Fetching weather data for case number 1984.09.30.b.
Got weather data for case number 1985.07.25.b.
Timezone America/Los_Angeles
Fetching weather data for case number 1984.09.30.a.
Got weather data for case number 1985.08.20.
Timezone America/New_York
Fetching weather data for case number 1984.09.23.
Got weather data for case number 1985.09.08.a.
Timezone America/Los_Angeles
Fetching weather data for case number 1984.09.17.
Got weather data for case number 1985.10.24.
Timezone America/Los_Angeles
Fetching weather data for case number 1984.09.15.
Got weather data for case number 1985.07.25.a.
Timezone America/Tijuana
Fetching weather data for case number 1984.09.11.
Got weather data for case number 1985.03.03.
Timezone America/Chicago
Fetching weather data for case number 1984.07.24.b.
Got weather data for case number 1985.02.18.
Timezone America/Chicago
Fetching weather data for case number 1984.07.24.a.
Got weather data for case number 1985.01.27.
Timezone Africa/Johannesburg
Fetching weather data for case number 1984.07.22.
Got weather data for case number 1985.01.17.
Timezone Africa/Johannesburg
Fetching weather data for case number 1984.06.15.
Got weather data for case number 1985.01.04.
Timezone Pacific/Honolulu
Fetching weather data for case number 1984.06.03.b.
Got weather data for case number 1984.11.30.
Timezone Africa/Johannesburg
Fetching weather data for case number 1984.05.31.
Got weather data for case number 1984.10.21.b.
Timezone Africa/Johannesburg
Fetching weather data for case number 1984.03.14.
Got weather data for case number 1984.10.17.
Timezone Africa/Johannesburg
Fetching weather data for case number 1984.02.17.
Got weather data for case number 1984.10.21.
Timezone Africa/Johannesburg
Fetching weather data for case number 1984.01.05.
Got weather data for case number 1984.10.14.a.
Timezone America/New_York
Fetching weather data for case number 1983.12.25.
Got weather data for case number 1984.09.23.
Timezone Africa/Johannesburg
Fetching weather data for case number 1983.12.22.
Got weather data for case number 1984.09.30.a.
Timezone Africa/Johannesburg
Fetching weather data for case number 1983.12.21.
Got weather data for case number 1984.09.17.
Timezone America/Los_Angeles
Fetching weather data for case number 1983.08.20.b.
Got weather data for case number 1984.09.15.
Timezone Africa/Johannesburg
Fetching weather data for case number 1983.08.20.a.
Got weather data for case number 1984.09.11.
Timezone UTC
Fetching weather data for case number 1983.07.26.
Got weather data for case number 1984.09.30.b.
Timezone America/Nassau
Fetching weather data for case number 1983.07.12.a.
Got weather data for case number 1984.07.24.b.
Timezone America/New_York
Fetching weather data for case number 1983.06.29.
Got weather data for case number 1984.07.24.a.
Timezone America/Nassau
Fetching weather data for case number 1983.06.22.
Got weather data for case number 1984.07.22.
Timezone America/New_York
Fetching weather data for case number 1983.06.20.
Got weather data for case number 1984.06.15.
Timezone America/Nassau
Fetching weather data for case number 1983.06.15.
Got weather data for case number 1984.06.03.b.
Timezone America/New_York
Fetching weather data for case number 1983.05.21.
Got weather data for case number 1984.05.31.
Timezone Africa/Johannesburg
Fetching weather data for case number 1983.04.12.
Got weather data for case number 1984.03.14.
Timezone America/New_York
Fetching weather data for case number 1983.04.02.b.
Got weather data for case number 1984.02.17.
Timezone Africa/Johannesburg
Fetching weather data for case number 1983.03.30.a.
Got weather data for case number 1984.01.05.
Timezone Africa/Johannesburg
Fetching weather data for case number 1983.03.22.
Got weather data for case number 1983.07.26.
Timezone Africa/Johannesburg
Fetching weather data for case number 1983.02.20.
Got weather data for case number 1983.06.15.
Timezone Africa/Johannesburg
Fetching weather data for case number 1983.01.10.
Got weather data for case number 1983.12.21.
Timezone Africa/Johannesburg
Fetching weather data for case number 1983.01.08.
Got weather data for case number 1983.08.20.a.
Timezone America/New_York
Fetching weather data for case number 1982.10.13.
Got weather data for case number 1983.12.22.
Timezone Africa/Johannesburg
Fetching weather data for case number 1982.09.30.b.
Got weather data for case number 1983.08.20.b.
Timezone Africa/Johannesburg
Fetching weather data for case number 1982.09.30.a.
Got weather data for case number 1983.06.22.
Timezone America/New_York
Fetching weather data for case number 1982.09.27.
Got weather data for case number 1983.12.25.
Timezone America/Los_Angeles
Fetching weather data for case number 1982.09.19.
Got weather data for case number 1983.07.12.a.
Timezone America/Los_Angeles
Fetching weather data for case number 1982.08.29.b.
Got weather data for case number 1983.06.20.
Timezone Africa/Johannesburg
Fetching weather data for case number 1982.08.29.a.
Got weather data for case number 1983.06.29.
Timezone Africa/Johannesburg
Fetching weather data for case number 1982.07.31.
Got weather data for case number 1983.05.21.
Timezone Africa/Johannesburg
Fetching weather data for case number 1982.07.24.b.
Got weather data for case number 1983.04.12.
Timezone America/Los_Angeles
Fetching weather data for case number 1982.07.24.a.
Got weather data for case number 1983.04.02.b.
Timezone America/New_York
Fetching weather data for case number 1982.07.01.
Got weather data for case number 1983.03.30.a.
Timezone Africa/Johannesburg
Fetching weather data for case number 1982.06.29.
Got weather data for case number 1983.03.22.
Timezone America/New_York
Fetching weather data for case number 1982.06.26.b.
Got weather data for case number 1983.02.20.
Timezone America/New_York
Fetching weather data for case number 1982.06.25.
Got weather data for case number 1983.01.08.
Timezone America/New_York
Fetching weather data for case number 1982.03.10.
Got weather data for case number 1983.01.10.
Timezone Australia/Sydney
Fetching weather data for case number 1982.03.07.
Got weather data for case number 1982.08.29.b.
Timezone America/New_York
Fetching weather data for case number 1982.02.13.
Got weather data for case number 1982.09.19.
Timezone America/Los_Angeles
Fetching weather data for case number 1982.02.07.a.
Got weather data for case number 1982.07.31.
Timezone Africa/Johannesburg
Fetching weather data for case number 1982.01.29.
Got weather data for case number 1982.09.30.b.
Timezone America/New_York
Fetching weather data for case number 1981.10.19.a.
Got weather data for case number 1982.09.30.a.
Timezone America/New_York
Fetching weather data for case number 1981.10.17.
Got weather data for case number 1982.08.29.a.
Timezone America/New_York
Fetching weather data for case number 1981.09.28.
Got weather data for case number 1982.09.27.
Timezone America/New_York
Fetching weather data for case number 1981.09.03.b.
Got weather data for case number 1982.10.13.
Timezone America/Nassau
Fetching weather data for case number 1981.08.07.
Got weather data for case number 1982.07.24.b.
Timezone Africa/Johannesburg
Fetching weather data for case number 1981.07.18.
Got weather data for case number 1982.07.24.a.
Timezone America/New_York
Fetching weather data for case number 1981.07.07.
Got weather data for case number 1982.07.01.
Timezone Asia/Seoul
Fetching weather data for case number 1981.05.23.
Got weather data for case number 1982.06.29.
Timezone Africa/Johannesburg
Fetching weather data for case number 1981.05.20.
Got weather data for case number 1982.06.26.b.
Timezone Africa/Johannesburg
Fetching weather data for case number 1981.05.10.
Got weather data for case number 1982.06.25.
Timezone Africa/Johannesburg
Fetching weather data for case number 1981.05.05.
Got weather data for case number 1982.03.10.
Timezone America/New_York
Fetching weather data for case number 1981.03.25.
Got weather data for case number 1982.03.07.
Timezone America/New_York
Fetching weather data for case number 1981.03.24.
Got weather data for case number 1982.02.13.
Timezone America/Santiago
Fetching weather data for case number 1981.03.04.
Got weather data for case number 1982.02.07.a.
Timezone Africa/Johannesburg
Fetching weather data for case number 1981.02.19.
Got weather data for case number 1982.01.29.
Timezone America/New_York
Fetching weather data for case number 1981.02.02.
Got weather data for case number 1981.08.07.
Timezone Africa/Johannesburg
Fetching weather data for case number 1980.12.30.
Got weather data for case number 1981.09.28.
Timezone Indian/Reunion
Fetching weather data for case number 1980.11.24.
Got weather data for case number 1981.10.17.
Timezone America/Los_Angeles
Fetching weather data for case number 1980.10.27.
Got weather data for case number 1981.10.19.a.
Timezone America/Los_Angeles
Fetching weather data for case number 1980.10.17.
Got weather data for case number 1981.09.03.b.
Timezone America/New_York
Fetching weather data for case number 1980.07.27.
Got weather data for case number 1981.07.07.
Timezone Africa/Johannesburg
Fetching weather data for case number 1980.05.15.
Got weather data for case number 1981.07.18.
Timezone Africa/Johannesburg
Fetching weather data for case number 1980.01.31.
Got weather data for case number 1981.05.23.
Timezone Africa/Johannesburg
Fetching weather data for case number 1980.01.15.
Got weather data for case number 1981.05.20.
Timezone Africa/Johannesburg
Fetching weather data for case number 1980.01.10.
Got weather data for case number 1981.05.10.
Timezone America/Santiago
Fetching weather data for case number 1980.01.05.
Got weather data for case number 1981.03.25.
Timezone Africa/Johannesburg
Fetching weather data for case number 1979.12.21.
Got weather data for case number 1981.05.05.
Timezone America/Los_Angeles
Fetching weather data for case number 1979.11.27.
Got weather data for case number 1981.03.24.
Timezone Africa/Johannesburg
Fetching weather data for case number 1979.05.05.
Got weather data for case number 1981.03.04.
Timezone Africa/Johannesburg
Fetching weather data for case number 1979.05.03.
Got weather data for case number 1981.02.19.
Timezone America/New_York
Fetching weather data for case number 1979.04.08.b.
Got weather data for case number 1981.02.02.
Timezone America/New_York
Fetching weather data for case number 1979.04.08.a.
Got weather data for case number 1980.10.17.Got weather data for case number 1980.10.27.
Timezone America/New_York
Fetching weather data for case number 1979.03.24.

Timezone America/Los_Angeles
Fetching weather data for case number 1979.03.11.
Got weather data for case number 1980.07.27.
Timezone Africa/Johannesburg
Fetching weather data for case number 1979.02.21.
Got weather data for case number 1980.11.24.
Timezone Africa/Johannesburg
Fetching weather data for case number 1978.12.12.
Got weather data for case number 1980.12.30.
Timezone Africa/Johannesburg
Fetching weather data for case number 1978.09.27.
Got weather data for case number 1980.05.15.
Timezone Europe/Rome
Fetching weather data for case number 1978.09.16.
Got weather data for case number 1980.01.31.
Timezone America/Los_Angeles
Fetching weather data for case number 1978.08.05.
Got weather data for case number 1980.01.15.
Timezone Africa/Johannesburg
Fetching weather data for case number 1978.02.28.
Got weather data for case number 1980.01.10.
Timezone Africa/Johannesburg
Fetching weather data for case number 1978.01.17.
Got weather data for case number 1980.01.05.
Timezone Africa/Johannesburg
Fetching weather data for case number 1977.12.19.a.
Got weather data for case number 1979.05.05.
Timezone Africa/Johannesburg
Fetching weather data for case number 1977.10.30.
Got weather data for case number 1979.12.21.
Timezone Australia/Adelaide
Fetching weather data for case number 1977.08.31.
Got weather data for case number 1979.11.27.
Timezone Africa/Johannesburg
Fetching weather data for case number 1977.08.19.
Got weather data for case number 1979.04.08.b.
Timezone America/Los_Angeles
Fetching weather data for case number 1977.08.14.
Got weather data for case number 1979.04.08.a.
Timezone Africa/Johannesburg
Fetching weather data for case number 1977.03.17.
Got weather data for case number 1979.05.03.
Timezone America/Los_Angeles
Fetching weather data for case number 1976.12.18.
Got weather data for case number 1979.03.24.
Timezone Africa/Johannesburg
Fetching weather data for case number 1976.11.27.
Got weather data for case number 1979.02.21.
Timezone America/New_York
Fetching weather data for case number 1976.11.25.
Got weather data for case number 1979.03.11.
Timezone America/Los_Angeles
Fetching weather data for case number 1976.10.18.
Got weather data for case number 1978.12.12.
Timezone Africa/Johannesburg
Fetching weather data for case number 1976.10.06.
Got weather data for case number 1978.09.27.
Timezone America/New_York
Fetching weather data for case number 1976.09.06.
Got weather data for case number 1978.09.16.
Timezone America/Los_Angeles
Fetching weather data for case number 1976.08.24.
Got weather data for case number 1978.08.05.
Timezone America/New_York
Fetching weather data for case number 1976.07.24.
Got weather data for case number 1978.02.28.
Timezone America/New_York
Fetching weather data for case number 1976.03.12.b.
Got weather data for case number 1978.01.17.
Timezone Africa/Johannesburg
Fetching weather data for case number 1976.01.11.
Got weather data for case number 1977.12.19.a.
Timezone Pacific/Auckland
Fetching weather data for case number 1976.01.02.
Got weather data for case number 1977.10.30.
Timezone America/Los_Angeles
Fetching weather data for case number 1975.12.06.
Got weather data for case number 1977.08.31.
Timezone Africa/Johannesburg
Fetching weather data for case number 1975.11.19.a.
Got weather data for case number 1977.08.19.
Timezone America/New_York
Fetching weather data for case number 1975.10.21.
Got weather data for case number 1977.08.14.
Timezone Africa/Johannesburg
Fetching weather data for case number 1975.08.17.
Got weather data for case number 1977.03.17.
Timezone America/New_York
Fetching weather data for case number 1975.08.12.
Got weather data for case number 1976.10.18.
Timezone America/Los_Angeles
Fetching weather data for case number 1975.08.09.
Got weather data for case number 1976.12.18.
Timezone America/Los_Angeles
Fetching weather data for case number 1975.07.23.
Got weather data for case number 1976.11.25.
Timezone America/Los_Angeles
Fetching weather data for case number 1975.07.19.
Got weather data for case number 1976.11.27.
Timezone America/New_York
Fetching weather data for case number 1975.06.23.b.
Got weather data for case number 1976.10.06.
Timezone America/New_York
Fetching weather data for case number 1975.06.23.a.
Got weather data for case number 1976.09.06.
Timezone America/New_York
Fetching weather data for case number 1975.05.25.
Got weather data for case number 1976.08.24.
Timezone Africa/Johannesburg
Fetching weather data for case number 1975.02.23.
Got weather data for case number 1976.07.24.
Timezone Australia/Adelaide
Fetching weather data for case number 1975.02.10.
Got weather data for case number 1976.03.12.b.
Timezone America/Los_Angeles
Fetching weather data for case number 1974.09.28.
Got weather data for case number 1976.01.11.
Timezone America/Los_Angeles
Fetching weather data for case number 1974.09.14.
Got weather data for case number 1976.01.02.
Timezone Asia/Jerusalem
Fetching weather data for case number 1974.09.07.
Got weather data for case number 1975.10.21.
Timezone America/Los_Angeles
Fetching weather data for case number 1974.09.02.b.
Got weather data for case number 1975.12.06.
Timezone America/Los_Angeles
Fetching weather data for case number 1974.09.02.a.
Got weather data for case number 1975.11.19.a.
Timezone Europe/Zagreb
Fetching weather data for case number 1974.08.10.
Got weather data for case number 1975.08.17.
Timezone America/New_York
Fetching weather data for case number 1974.06.20.
Got weather data for case number 1975.08.12.
Timezone America/Los_Angeles
Fetching weather data for case number 1974.05.26.
Got weather data for case number 1975.08.09.
Timezone Africa/Johannesburg
Fetching weather data for case number 1974.04.14.
Got weather data for case number 1975.07.23.
Timezone Africa/Johannesburg
Fetching weather data for case number 1974.04.04.
Got weather data for case number 1975.07.19.
Timezone Africa/Johannesburg
Fetching weather data for case number 1974.03.21.
Got weather data for case number 1975.06.23.b.
Timezone Africa/Johannesburg
Fetching weather data for case number 1974.02.13.b.
Got weather data for case number 1975.06.23.a.
Timezone Africa/Johannesburg
Fetching weather data for case number 1974.02.13.a.
Got weather data for case number 1975.05.25.
Timezone Africa/Johannesburg
Fetching weather data for case number 1974.01.07.c.
Got weather data for case number 1975.02.23.
Timezone Africa/Maputo
Fetching weather data for case number 1973.12.25.
Got weather data for case number 1975.02.10.
Timezone Africa/Maputo
Fetching weather data for case number 1973.12.21.b.
Got weather data for case number 1974.09.14.
Timezone America/Nassau
Fetching weather data for case number 1973.09.14.
Got weather data for case number 1974.09.28.
Timezone America/Tijuana
Fetching weather data for case number 1973.09.09.
Got weather data for case number 1974.09.07.
Timezone America/Mexico_City
Fetching weather data for case number 1973.04.04.
Got weather data for case number 1974.09.02.b.
Timezone Africa/Johannesburg
Fetching weather data for case number 1972.12.31.
Got weather data for case number 1974.09.02.a.
Timezone Africa/Maputo
Fetching weather data for case number 1972.12.26.
Got weather data for case number 1974.08.10.
Timezone Africa/Johannesburg
Fetching weather data for case number 1972.12.24.
Got weather data for case number 1974.06.20.
Timezone America/Los_Angeles
Fetching weather data for case number 1972.09.09.
Got weather data for case number 1974.05.26.
Timezone America/New_York
Fetching weather data for case number 1972.06.10.
Got weather data for case number 1974.04.04.
Timezone America/Los_Angeles
Fetching weather data for case number 1972.05.28.
Got weather data for case number 1974.04.14.
Timezone Africa/Maputo
Fetching weather data for case number 1972.04.01.a.
Got weather data for case number 1974.03.21.
Timezone Australia/Melbourne
Fetching weather data for case number 1972.02.20.
Got weather data for case number 1974.02.13.b.
Timezone Africa/Johannesburg
Fetching weather data for case number 1972.01.01.b.
Got weather data for case number 1974.02.13.a.
Timezone Africa/Maputo
Fetching weather data for case number 1972.01.01.a.
Got weather data for case number 1974.01.07.c.
Timezone Africa/Johannesburg
Fetching weather data for case number 1971.12.16.
Got weather data for case number 1973.12.25.
Timezone America/Los_Angeles
Fetching weather data for case number 1971.10.02.
Got weather data for case number 1973.12.21.b.
Timezone Europe/Zagreb
Fetching weather data for case number 1971.09.07.
Got weather data for case number 1973.09.09.
Timezone Australia/Sydney
Fetching weather data for case number 1971.08.21.
Got weather data for case number 1973.09.14.
Timezone Africa/Johannesburg
Fetching weather data for case number 1971.06.30.
Got weather data for case number 1973.04.04.
Timezone Africa/Johannesburg
Fetching weather data for case number 1971.04.11.
Got weather data for case number 1972.12.24.
Timezone America/Mexico_City
Fetching weather data for case number 1971.04.06.
Got weather data for case number 1972.12.31.
Timezone Pacific/Auckland
Fetching weather data for case number 1971.03.30.
Got weather data for case number 1972.12.26.
Timezone Africa/Maputo
Fetching weather data for case number 1970.12.17.
Got weather data for case number 1972.06.10.
Timezone UTC
Fetching weather data for case number 1970.12.07.
Got weather data for case number 1972.09.09.
Timezone UTC
Fetching weather data for case number 1970.09.28.
Got weather data for case number 1972.05.28.
Timezone America/New_York
Fetching weather data for case number 1970.09.05.
Got weather data for case number 1972.04.01.a.
Timezone Africa/Johannesburg
Fetching weather data for case number 1970.06.15.
Got weather data for case number 1972.02.20.
Timezone America/Grenada
Fetching weather data for case number 1970.06.13.b.
Got weather data for case number 1972.01.01.b.
Timezone America/Grenada
Fetching weather data for case number 1970.06.13.a.
Got weather data for case number 1972.01.01.a.
Timezone America/Grenada
Fetching weather data for case number 1970.04.04.
Got weather data for case number 1971.12.16.
Got weather data for case number 1971.10.02.
Got weather data for case number 1971.09.07.
Got weather data for case number 1971.08.21.
Got weather data for case number 1971.06.30.
Got weather data for case number 1971.04.11.
Got weather data for case number 1971.03.30.
Got weather data for case number 1971.04.06.
Got weather data for case number 1970.12.17.
Got weather data for case number 1970.06.15.
Got weather data for case number 1970.06.13.b.
Got weather data for case number 1970.06.13.a.
Got weather data for case number 1970.09.05.
Got weather data for case number 1970.04.04.
Got weather data for case number 1970.09.28.
Got weather data for case number 1970.12.07.
6462 total events
1855 valid events
4607 invalid events
Done!
Duration: 252s
